feature,padj,fold,model
TSPAN6,0.9998951898820592,1,RF_max_depth=2_min_samples_leaf=5
CYP51A1,0.9998951898820592,1,RF_max_depth=2_min_samples_leaf=5
ANKIB1,0.9998951898820592,1,RF_max_depth=2_min_samples_leaf=5
CFTR,0.9998951898820592,1,RF_max_depth=2_min_samples_leaf=5
SEMA3F,0.9998951898820592,1,RF_max_depth=2_min_samples_leaf=5
ENPP4,0.9998951898820592,1,RF_max_depth=2_min_samples_leaf=5
LAS1L,0.9998951898820592,1,RF_max_depth=2_min_samples_leaf=5
NIPAL3,0.9998951898820592,1,RF_max_depth=2_min_samples_leaf=5
STPG1,0.9998951898820592,1,RF_max_depth=2_min_samples_leaf=5
NFYA,0.9998951898820592,1,RF_max_depth=2_min_samples_leaf=5
GCLC,0.9998951898820592,1,RF_max_depth=2_min_samples_leaf=5
FUCA2,0.9998951898820592,1,RF_max_depth=2_min_samples_leaf=5
CFH,0.9998951898820592,1,RF_max_depth=2_min_samples_leaf=5
FGR,0.9998951898820592,1,RF_max_depth=2_min_samples_leaf=5
C1orf112,0.9998951898820592,1,RF_max_depth=2_min_samples_leaf=5
SCYL3,0.9998951898820592,1,RF_max_depth=2_min_samples_leaf=5
DPM1,0.9998951898820592,1,RF_max_depth=2_min_samples_leaf=5
TNMD,0.9998951898820592,1,RF_max_depth=2_min_samples_leaf=5
KRIT1,0.9998951898820592,1,RF_max_depth=2_min_samples_leaf=5
RAD52,0.9998951898820592,1,RF_max_depth=2_min_samples_leaf=5
CABP2,0.004953978164657469,2,RF_max_depth=2_min_samples_leaf=5
REXO1L3P,0.005502022433787022,2,RF_max_depth=2_min_samples_leaf=5
EFHC2,0.018117009506931382,2,RF_max_depth=2_min_samples_leaf=5
DCDC2C,0.018117009506931382,2,RF_max_depth=2_min_samples_leaf=5
AC006538.1,0.028233978739854403,2,RF_max_depth=2_min_samples_leaf=5
REC114,0.04441359359673939,2,RF_max_depth=2_min_samples_leaf=5
RNY4,0.04441359359673939,2,RF_max_depth=2_min_samples_leaf=5
RN7SL665P,0.04441359359673939,2,RF_max_depth=2_min_samples_leaf=5
SPART-AS1,0.058204451131717135,2,RF_max_depth=2_min_samples_leaf=5
CSF2,0.058204451131717135,2,RF_max_depth=2_min_samples_leaf=5
INAFM2,0.058204451131717135,2,RF_max_depth=2_min_samples_leaf=5
CU633904.1,0.0651210464977755,2,RF_max_depth=2_min_samples_leaf=5
RN7SL499P,0.06950100501599517,2,RF_max_depth=2_min_samples_leaf=5
AC112504.1,0.08037723722522737,2,RF_max_depth=2_min_samples_leaf=5
AC025198.1,0.09902553412890835,2,RF_max_depth=2_min_samples_leaf=5
CBR3-AS1,0.10791175878208961,2,RF_max_depth=2_min_samples_leaf=5
CLDN34,0.11629212255035036,2,RF_max_depth=2_min_samples_leaf=5
AC073548.1,0.11629212255035036,2,RF_max_depth=2_min_samples_leaf=5
DEFB115,0.11855022804480668,2,RF_max_depth=2_min_samples_leaf=5
GFRA3,0.12221609593539541,2,RF_max_depth=2_min_samples_leaf=5
FAXC,0.00539658557097864,3,RF_max_depth=2_min_samples_leaf=5
NBPF22P,0.00539658557097864,3,RF_max_depth=2_min_samples_leaf=5
FAM180B,0.006977115943327905,3,RF_max_depth=2_min_samples_leaf=5
ZNF114,0.008628444165318558,3,RF_max_depth=2_min_samples_leaf=5
STOML3,0.009588025657421891,3,RF_max_depth=2_min_samples_leaf=5
NTRK3,0.009588025657421891,3,RF_max_depth=2_min_samples_leaf=5
IRX5,0.009588025657421891,3,RF_max_depth=2_min_samples_leaf=5
AC116351.1,0.009588025657421891,3,RF_max_depth=2_min_samples_leaf=5
DMRTC1B,0.009588025657421891,3,RF_max_depth=2_min_samples_leaf=5
AL138889.1,0.013242753283149567,3,RF_max_depth=2_min_samples_leaf=5
COL9A2,0.013242753283149567,3,RF_max_depth=2_min_samples_leaf=5
PRKCG,0.013242753283149567,3,RF_max_depth=2_min_samples_leaf=5
DMRTC1,0.013242753283149567,3,RF_max_depth=2_min_samples_leaf=5
AL353726.2,0.014031241625901001,3,RF_max_depth=2_min_samples_leaf=5
FAM74A6,0.014031241625901001,3,RF_max_depth=2_min_samples_leaf=5
TOGARAM2,0.014031241625901001,3,RF_max_depth=2_min_samples_leaf=5
TTC39A,0.014031241625901001,3,RF_max_depth=2_min_samples_leaf=5
JPH3,0.014031241625901001,3,RF_max_depth=2_min_samples_leaf=5
OR6J1,0.014031241625901001,3,RF_max_depth=2_min_samples_leaf=5
CCDC26,0.014031241625901001,3,RF_max_depth=2_min_samples_leaf=5
MROH7,0.014031241625901001,3,RF_max_depth=2_min_samples_leaf=5
SLITRK2,0.014814121014561995,3,RF_max_depth=2_min_samples_leaf=5
PRSS40A,0.016181458476970046,3,RF_max_depth=2_min_samples_leaf=5
OR2A1-AS1,0.016622533951540976,3,RF_max_depth=2_min_samples_leaf=5
CENPI,0.016886481665560466,3,RF_max_depth=2_min_samples_leaf=5
SLC6A2,0.016886481665560466,3,RF_max_depth=2_min_samples_leaf=5
AC114324.1,0.016886481665560466,3,RF_max_depth=2_min_samples_leaf=5
SYNPO2L,0.017539660233741785,3,RF_max_depth=2_min_samples_leaf=5
DPYSL5,0.017539660233741785,3,RF_max_depth=2_min_samples_leaf=5
TNR,0.017539660233741785,3,RF_max_depth=2_min_samples_leaf=5
FBXO40,0.017539660233741785,3,RF_max_depth=2_min_samples_leaf=5
CRX,0.017539660233741785,3,RF_max_depth=2_min_samples_leaf=5
KCNIP3,0.017539660233741785,3,RF_max_depth=2_min_samples_leaf=5
HNRNPA1P51,0.017539660233741785,3,RF_max_depth=2_min_samples_leaf=5
ABHD1,0.017539660233741785,3,RF_max_depth=2_min_samples_leaf=5
OLMALINC,0.017539660233741785,3,RF_max_depth=2_min_samples_leaf=5
TEX45,0.017539660233741785,3,RF_max_depth=2_min_samples_leaf=5
EPHA10,0.017539660233741785,3,RF_max_depth=2_min_samples_leaf=5
FAM90A5P,0.017539660233741785,3,RF_max_depth=2_min_samples_leaf=5
XPOTP1,0.017820278998938118,3,RF_max_depth=2_min_samples_leaf=5
DMP1,0.017820278998938118,3,RF_max_depth=2_min_samples_leaf=5
CALB1,0.017820278998938118,3,RF_max_depth=2_min_samples_leaf=5
LINC00514,0.017820278998938118,3,RF_max_depth=2_min_samples_leaf=5
KCNH6,0.01801260044015546,3,RF_max_depth=2_min_samples_leaf=5
EREG,0.01801260044015546,3,RF_max_depth=2_min_samples_leaf=5
P2RX5-TAX1BP3,0.018045521443828354,3,RF_max_depth=2_min_samples_leaf=5
LOXHD1,0.018045521443828354,3,RF_max_depth=2_min_samples_leaf=5
TBR1,0.018377605251327082,3,RF_max_depth=2_min_samples_leaf=5
NPHS2,0.018377605251327082,3,RF_max_depth=2_min_samples_leaf=5
DBET,0.018377605251327082,3,RF_max_depth=2_min_samples_leaf=5
TMEM185B,0.018377605251327082,3,RF_max_depth=2_min_samples_leaf=5
AL021877.2,0.018377605251327082,3,RF_max_depth=2_min_samples_leaf=5
USP17L23,0.02018875081594464,3,RF_max_depth=2_min_samples_leaf=5
KCNJ3,0.020220637989254612,3,RF_max_depth=2_min_samples_leaf=5
FAM90A12P,0.020220637989254612,3,RF_max_depth=2_min_samples_leaf=5
CRB2,0.020220637989254612,3,RF_max_depth=2_min_samples_leaf=5
ABRA,0.020220637989254612,3,RF_max_depth=2_min_samples_leaf=5
SSX1,0.02129364622282527,3,RF_max_depth=2_min_samples_leaf=5
KRT16,0.02143695949022278,3,RF_max_depth=2_min_samples_leaf=5
MRGPRX3,0.02143695949022278,3,RF_max_depth=2_min_samples_leaf=5
AL117328.2,0.02143695949022278,3,RF_max_depth=2_min_samples_leaf=5
NECAB1,0.022054012254959288,3,RF_max_depth=2_min_samples_leaf=5
VAX1,0.0237874108657593,3,RF_max_depth=2_min_samples_leaf=5
SPIC,0.02424332761941429,3,RF_max_depth=2_min_samples_leaf=5
PROCA1,0.02441665838599665,3,RF_max_depth=2_min_samples_leaf=5
ACOXL,0.02657295685158734,3,RF_max_depth=2_min_samples_leaf=5
LINC01583,0.02657295685158734,3,RF_max_depth=2_min_samples_leaf=5
CSPG5,0.02657295685158734,3,RF_max_depth=2_min_samples_leaf=5
CLVS2,0.027101469995209144,3,RF_max_depth=2_min_samples_leaf=5
USP17L16P,0.02731927630195309,3,RF_max_depth=2_min_samples_leaf=5
CCDC42,0.02731927630195309,3,RF_max_depth=2_min_samples_leaf=5
TNIP3,0.02731927630195309,3,RF_max_depth=2_min_samples_leaf=5
TH,0.02731927630195309,3,RF_max_depth=2_min_samples_leaf=5
LINC01249,0.027800706849345134,3,RF_max_depth=2_min_samples_leaf=5
PFN2,0.02825034652616595,3,RF_max_depth=2_min_samples_leaf=5
MIAT,0.028346997548205573,3,RF_max_depth=2_min_samples_leaf=5
SLC24A4,0.028346997548205573,3,RF_max_depth=2_min_samples_leaf=5
TRPC6,0.029307562846594484,3,RF_max_depth=2_min_samples_leaf=5
NWD1,0.029307562846594484,3,RF_max_depth=2_min_samples_leaf=5
AMHR2,0.029783702544144964,3,RF_max_depth=2_min_samples_leaf=5
DTD1,0.029783702544144964,3,RF_max_depth=2_min_samples_leaf=5
MEGF11,0.029783702544144964,3,RF_max_depth=2_min_samples_leaf=5
KLK3,0.029783702544144964,3,RF_max_depth=2_min_samples_leaf=5
SLITRK5,0.029783702544144964,3,RF_max_depth=2_min_samples_leaf=5
DGKK,0.030162317323427647,3,RF_max_depth=2_min_samples_leaf=5
PLA2G2F,0.030622024944046224,3,RF_max_depth=2_min_samples_leaf=5
SEPT14P19,0.030622024944046224,3,RF_max_depth=2_min_samples_leaf=5
FAM174B,0.03177519788341467,3,RF_max_depth=2_min_samples_leaf=5
OR14J1,0.03294870949825732,3,RF_max_depth=2_min_samples_leaf=5
AC092068.2,0.03294870949825732,3,RF_max_depth=2_min_samples_leaf=5
KEL,0.03379866942573288,3,RF_max_depth=2_min_samples_leaf=5
PSCA,0.03379866942573288,3,RF_max_depth=2_min_samples_leaf=5
RPL34-AS1,0.034316864477139795,3,RF_max_depth=2_min_samples_leaf=5
IGHD,0.034316864477139795,3,RF_max_depth=2_min_samples_leaf=5
JAKMIP2,0.034316864477139795,3,RF_max_depth=2_min_samples_leaf=5
ZNF702P,0.034316864477139795,3,RF_max_depth=2_min_samples_leaf=5
GRM1,0.0343887040614536,3,RF_max_depth=2_min_samples_leaf=5
LRRC55,0.0343887040614536,3,RF_max_depth=2_min_samples_leaf=5
TMEM179,0.0343887040614536,3,RF_max_depth=2_min_samples_leaf=5
NPAP1,0.0343887040614536,3,RF_max_depth=2_min_samples_leaf=5
CALY,0.0343887040614536,3,RF_max_depth=2_min_samples_leaf=5
C2orf92,0.035178165454674844,3,RF_max_depth=2_min_samples_leaf=5
GABBR1,0.035178165454674844,3,RF_max_depth=2_min_samples_leaf=5
CD40LG,0.035178165454674844,3,RF_max_depth=2_min_samples_leaf=5
AC008555.2,0.035178165454674844,3,RF_max_depth=2_min_samples_leaf=5
TRAIP,0.035178165454674844,3,RF_max_depth=2_min_samples_leaf=5
BCO1,0.035178165454674844,3,RF_max_depth=2_min_samples_leaf=5
PSG3,0.035178165454674844,3,RF_max_depth=2_min_samples_leaf=5
ENOPH1,0.035178165454674844,3,RF_max_depth=2_min_samples_leaf=5
LINC02054,0.035178165454674844,3,RF_max_depth=2_min_samples_leaf=5
GAS2L1,0.035178165454674844,3,RF_max_depth=2_min_samples_leaf=5
TLX1,0.035178165454674844,3,RF_max_depth=2_min_samples_leaf=5
ADGRB1,0.035178165454674844,3,RF_max_depth=2_min_samples_leaf=5
KCTD16,0.035178165454674844,3,RF_max_depth=2_min_samples_leaf=5
PCDHA7,0.035178165454674844,3,RF_max_depth=2_min_samples_leaf=5
KLHL11,0.035178165454674844,3,RF_max_depth=2_min_samples_leaf=5
OR7E25P,0.0354416618095872,3,RF_max_depth=2_min_samples_leaf=5
AC021351.1,0.036040641588008,3,RF_max_depth=2_min_samples_leaf=5
DDX43,0.036040641588008,3,RF_max_depth=2_min_samples_leaf=5
KCNA2,0.036040641588008,3,RF_max_depth=2_min_samples_leaf=5
DDX25,0.03650543227565041,3,RF_max_depth=2_min_samples_leaf=5
DCSTAMP,0.03678789567818994,3,RF_max_depth=2_min_samples_leaf=5
KIF1A,0.03678789567818994,3,RF_max_depth=2_min_samples_leaf=5
DUX4L34,0.03685273702471296,3,RF_max_depth=2_min_samples_leaf=5
GAGE1,0.03685273702471296,3,RF_max_depth=2_min_samples_leaf=5
CHRNA2,0.03685273702471296,3,RF_max_depth=2_min_samples_leaf=5
HHATL,0.03694650135444695,3,RF_max_depth=2_min_samples_leaf=5
ZMYND10,0.038876800643459844,3,RF_max_depth=2_min_samples_leaf=5
ARHGEF26-AS1,0.038887830628702706,3,RF_max_depth=2_min_samples_leaf=5
RGMA,0.040110584994110556,3,RF_max_depth=2_min_samples_leaf=5
SLC25A33,0.04064616288677423,3,RF_max_depth=2_min_samples_leaf=5
AC012370.2,0.04064616288677423,3,RF_max_depth=2_min_samples_leaf=5
ROR2,0.04064616288677423,3,RF_max_depth=2_min_samples_leaf=5
RETREG1,0.04064616288677423,3,RF_max_depth=2_min_samples_leaf=5
NPAS1,0.04064616288677423,3,RF_max_depth=2_min_samples_leaf=5
TRIM31,0.04064616288677423,3,RF_max_depth=2_min_samples_leaf=5
RHO,0.04064616288677423,3,RF_max_depth=2_min_samples_leaf=5
LINC01106,0.04064616288677423,3,RF_max_depth=2_min_samples_leaf=5
XKR9,0.04064616288677423,3,RF_max_depth=2_min_samples_leaf=5
AC133561.1,0.04064616288677423,3,RF_max_depth=2_min_samples_leaf=5
CADPS,0.04064616288677423,3,RF_max_depth=2_min_samples_leaf=5
AC008079.2,0.04064616288677423,3,RF_max_depth=2_min_samples_leaf=5
AC004889.1,0.04064616288677423,3,RF_max_depth=2_min_samples_leaf=5
PAPOLB,0.04064616288677423,3,RF_max_depth=2_min_samples_leaf=5
ASRGL1,0.04083902330824747,3,RF_max_depth=2_min_samples_leaf=5
AC026523.2,0.04083902330824747,3,RF_max_depth=2_min_samples_leaf=5
AL031594.1,0.04083902330824747,3,RF_max_depth=2_min_samples_leaf=5
OR4K17,0.04083902330824747,3,RF_max_depth=2_min_samples_leaf=5
STAG3L5P,0.04103445322733728,3,RF_max_depth=2_min_samples_leaf=5
SPRY3,0.04103445322733728,3,RF_max_depth=2_min_samples_leaf=5
PABPN1L,0.04103445322733728,3,RF_max_depth=2_min_samples_leaf=5
KRT6A,0.04103445322733728,3,RF_max_depth=2_min_samples_leaf=5
AL160272.1,0.04103445322733728,3,RF_max_depth=2_min_samples_leaf=5
CLVS1,0.04103445322733728,3,RF_max_depth=2_min_samples_leaf=5
CACNB3,0.04103445322733728,3,RF_max_depth=2_min_samples_leaf=5
CDH10,0.04103445322733728,3,RF_max_depth=2_min_samples_leaf=5
AL358334.2,0.04103445322733728,3,RF_max_depth=2_min_samples_leaf=5
OPRD1,0.04104499386429288,3,RF_max_depth=2_min_samples_leaf=5
KRTAP5-5,0.04104499386429288,3,RF_max_depth=2_min_samples_leaf=5
ADCY1,0.04104499386429288,3,RF_max_depth=2_min_samples_leaf=5
PLEKHG4B,0.04104499386429288,3,RF_max_depth=2_min_samples_leaf=5
KBTBD12,0.04104499386429288,3,RF_max_depth=2_min_samples_leaf=5
ZNF541,0.04104499386429288,3,RF_max_depth=2_min_samples_leaf=5
KCNT1,0.04191386438934168,3,RF_max_depth=2_min_samples_leaf=5
GPR42,0.041940816796479416,3,RF_max_depth=2_min_samples_leaf=5
FP671120.1,0.04221655469720855,3,RF_max_depth=2_min_samples_leaf=5
NOTO,0.04221655469720855,3,RF_max_depth=2_min_samples_leaf=5
DUOXA1,0.042537916582875694,3,RF_max_depth=2_min_samples_leaf=5
LGALSL,0.042800932540857324,3,RF_max_depth=2_min_samples_leaf=5
ABCB10P1,0.042800932540857324,3,RF_max_depth=2_min_samples_leaf=5
RGS11,0.042800932540857324,3,RF_max_depth=2_min_samples_leaf=5
KNCN,0.04302123643116091,3,RF_max_depth=2_min_samples_leaf=5
FRG2B,0.04302123643116091,3,RF_max_depth=2_min_samples_leaf=5
AL161756.1,0.044256091323822945,3,RF_max_depth=2_min_samples_leaf=5
AL158835.2,0.044304487095292444,3,RF_max_depth=2_min_samples_leaf=5
N6AMT1,0.044304487095292444,3,RF_max_depth=2_min_samples_leaf=5
GOLGA2P11,0.044304487095292444,3,RF_max_depth=2_min_samples_leaf=5
LINC01551,0.044304487095292444,3,RF_max_depth=2_min_samples_leaf=5
TFAP2C,0.044304487095292444,3,RF_max_depth=2_min_samples_leaf=5
DUX4L18,0.044304487095292444,3,RF_max_depth=2_min_samples_leaf=5
TYRP1,0.044304487095292444,3,RF_max_depth=2_min_samples_leaf=5
TNFRSF8,0.044304487095292444,3,RF_max_depth=2_min_samples_leaf=5
AP000356.2,0.044304487095292444,3,RF_max_depth=2_min_samples_leaf=5
BTLA,0.044304487095292444,3,RF_max_depth=2_min_samples_leaf=5
HCN2,0.044304487095292444,3,RF_max_depth=2_min_samples_leaf=5
ASIC4,0.044304487095292444,3,RF_max_depth=2_min_samples_leaf=5
MMEL1,0.044304487095292444,3,RF_max_depth=2_min_samples_leaf=5
APLP1,0.04438997879529887,3,RF_max_depth=2_min_samples_leaf=5
DLX1,0.04438997879529887,3,RF_max_depth=2_min_samples_leaf=5
KLHL31,0.04483854200052717,3,RF_max_depth=2_min_samples_leaf=5
BCL7A,0.04512631081440691,3,RF_max_depth=2_min_samples_leaf=5
FIRRE,0.04531608625276706,3,RF_max_depth=2_min_samples_leaf=5
AL591845.1,0.04531608625276706,3,RF_max_depth=2_min_samples_leaf=5
FRRS1L,0.04555788298977436,3,RF_max_depth=2_min_samples_leaf=5
KIF5C,0.04555788298977436,3,RF_max_depth=2_min_samples_leaf=5
TNFRSF4,0.04555788298977436,3,RF_max_depth=2_min_samples_leaf=5
SLC7A4,0.04555788298977436,3,RF_max_depth=2_min_samples_leaf=5
IL9R,0.04555788298977436,3,RF_max_depth=2_min_samples_leaf=5
NPFFR1,0.04555788298977436,3,RF_max_depth=2_min_samples_leaf=5
TULP1,0.04555788298977436,3,RF_max_depth=2_min_samples_leaf=5
YWHAZP4,0.04616534987279668,3,RF_max_depth=2_min_samples_leaf=5
HIST1H3E,0.04706352202406224,3,RF_max_depth=2_min_samples_leaf=5
SLC6A10P,0.04727753183723076,3,RF_max_depth=2_min_samples_leaf=5
AC004706.3,0.047435005287452384,3,RF_max_depth=2_min_samples_leaf=5
FNDC7,0.047435005287452384,3,RF_max_depth=2_min_samples_leaf=5
CDCA7,0.04792183692872052,3,RF_max_depth=2_min_samples_leaf=5
FP236383.1,0.04792183692872052,3,RF_max_depth=2_min_samples_leaf=5
PCAT1,0.04792183692872052,3,RF_max_depth=2_min_samples_leaf=5
NTRK1,0.04792183692872052,3,RF_max_depth=2_min_samples_leaf=5
TTLL8,0.047928446392983146,3,RF_max_depth=2_min_samples_leaf=5
C2orf73,0.047928446392983146,3,RF_max_depth=2_min_samples_leaf=5
RHPN1,0.047928446392983146,3,RF_max_depth=2_min_samples_leaf=5
AC068389.1,0.04806717731358473,3,RF_max_depth=2_min_samples_leaf=5
TMEM26,0.04852670254165029,3,RF_max_depth=2_min_samples_leaf=5
ANKRD30BL,0.04852670254165029,3,RF_max_depth=2_min_samples_leaf=5
TDRKH-AS1,0.04852670254165029,3,RF_max_depth=2_min_samples_leaf=5
TSPEAR-AS2,0.04852670254165029,3,RF_max_depth=2_min_samples_leaf=5
C2orf83,0.048686362185902075,3,RF_max_depth=2_min_samples_leaf=5
FGF1,0.048686362185902075,3,RF_max_depth=2_min_samples_leaf=5
PRLHR,0.048686362185902075,3,RF_max_depth=2_min_samples_leaf=5
SLC22A20P,0.048686362185902075,3,RF_max_depth=2_min_samples_leaf=5
SUGT1P3,0.048686362185902075,3,RF_max_depth=2_min_samples_leaf=5
BPIFC,0.048686362185902075,3,RF_max_depth=2_min_samples_leaf=5
PLA2G4F,0.048686362185902075,3,RF_max_depth=2_min_samples_leaf=5
BTN1A1,0.048686362185902075,3,RF_max_depth=2_min_samples_leaf=5
AC022098.1,0.048686362185902075,3,RF_max_depth=2_min_samples_leaf=5
SPAG11A,0.04890820079512417,3,RF_max_depth=2_min_samples_leaf=5
POM121L7P,0.04890820079512417,3,RF_max_depth=2_min_samples_leaf=5
REEP1,0.049324189921397546,3,RF_max_depth=2_min_samples_leaf=5
OTOP1,0.04935269581381549,3,RF_max_depth=2_min_samples_leaf=5
EDAR,0.04966431087218614,3,RF_max_depth=2_min_samples_leaf=5
CCDC144NL,0.05039208949962252,3,RF_max_depth=2_min_samples_leaf=5
FAM90A6P,0.05048060396904864,3,RF_max_depth=2_min_samples_leaf=5
FOXD4L6,0.050762830431735025,3,RF_max_depth=2_min_samples_leaf=5
HTRA1,0.050762830431735025,3,RF_max_depth=2_min_samples_leaf=5
ESRRB,0.05204560452139759,3,RF_max_depth=2_min_samples_leaf=5
ADAM7,0.052111997989076925,3,RF_max_depth=2_min_samples_leaf=5
SNX19P3,0.052111997989076925,3,RF_max_depth=2_min_samples_leaf=5
SPAG11B,0.05251071878516467,3,RF_max_depth=2_min_samples_leaf=5
NKX6-1,0.05251071878516467,3,RF_max_depth=2_min_samples_leaf=5
IGHV1-3,0.05301449936650565,3,RF_max_depth=2_min_samples_leaf=5
CDK5R2,0.05301449936650565,3,RF_max_depth=2_min_samples_leaf=5
ANO7L1,0.05301449936650565,3,RF_max_depth=2_min_samples_leaf=5
ZNF286A,0.05301449936650565,3,RF_max_depth=2_min_samples_leaf=5
ZNF815P,0.05301449936650565,3,RF_max_depth=2_min_samples_leaf=5
ALG1L6P,0.0549149223016662,3,RF_max_depth=2_min_samples_leaf=5
MEX3A,0.0549149223016662,3,RF_max_depth=2_min_samples_leaf=5
ALOX12B,0.0549149223016662,3,RF_max_depth=2_min_samples_leaf=5
KRT27,0.0549149223016662,3,RF_max_depth=2_min_samples_leaf=5
DEFB103A,0.0549149223016662,3,RF_max_depth=2_min_samples_leaf=5
AC020978.9,0.0549149223016662,3,RF_max_depth=2_min_samples_leaf=5
KRT13,0.05591610244514105,3,RF_max_depth=2_min_samples_leaf=5
SNPH,0.05614119408474294,3,RF_max_depth=2_min_samples_leaf=5
RSPO2,0.056404983289655236,3,RF_max_depth=2_min_samples_leaf=5
ASB5,0.056421586393286836,3,RF_max_depth=2_min_samples_leaf=5
CHRNB3,0.056421586393286836,3,RF_max_depth=2_min_samples_leaf=5
AC005696.4,0.056421586393286836,3,RF_max_depth=2_min_samples_leaf=5
TACR3,0.056421586393286836,3,RF_max_depth=2_min_samples_leaf=5
FGF17,0.056421586393286836,3,RF_max_depth=2_min_samples_leaf=5
AC015802.6,0.056421586393286836,3,RF_max_depth=2_min_samples_leaf=5
POM121L6P,0.056421586393286836,3,RF_max_depth=2_min_samples_leaf=5
LINC01907,0.056421586393286836,3,RF_max_depth=2_min_samples_leaf=5
OR4K13,0.056421586393286836,3,RF_max_depth=2_min_samples_leaf=5
CHRM1,0.056421586393286836,3,RF_max_depth=2_min_samples_leaf=5
DDX11L8,0.056421586393286836,3,RF_max_depth=2_min_samples_leaf=5
DUX4L16,0.056421586393286836,3,RF_max_depth=2_min_samples_leaf=5
FAM189A2,0.056421586393286836,3,RF_max_depth=2_min_samples_leaf=5
GGT6,0.056421586393286836,3,RF_max_depth=2_min_samples_leaf=5
CSDC2,0.05642813278234746,3,RF_max_depth=2_min_samples_leaf=5
PRAMEF14,0.05642813278234746,3,RF_max_depth=2_min_samples_leaf=5
FBXO15,0.05642813278234746,3,RF_max_depth=2_min_samples_leaf=5
TMIE,0.056842758798017264,3,RF_max_depth=2_min_samples_leaf=5
TUBA3E,0.057221673697963105,3,RF_max_depth=2_min_samples_leaf=5
HTR2A,0.057622999281396886,3,RF_max_depth=2_min_samples_leaf=5
PSG9,0.057622999281396886,3,RF_max_depth=2_min_samples_leaf=5
SPATA31E1,0.057930443687294164,3,RF_max_depth=2_min_samples_leaf=5
C9orf147,0.05822257045452425,3,RF_max_depth=2_min_samples_leaf=5
CNIH3,0.058832021693182926,3,RF_max_depth=2_min_samples_leaf=5
SYT1,0.05918108799035227,3,RF_max_depth=2_min_samples_leaf=5
LRRN4,0.0594999942606913,3,RF_max_depth=2_min_samples_leaf=5
TMEM270,0.059828544569185335,3,RF_max_depth=2_min_samples_leaf=5
NR2E3,0.059828544569185335,3,RF_max_depth=2_min_samples_leaf=5
GAGE12G,0.060166312609025864,3,RF_max_depth=2_min_samples_leaf=5
SCNN1A,0.060166312609025864,3,RF_max_depth=2_min_samples_leaf=5
KIR2DS4,0.060166312609025864,3,RF_max_depth=2_min_samples_leaf=5
HAGHL,0.060166312609025864,3,RF_max_depth=2_min_samples_leaf=5
ZNF786,0.06080868411291613,3,RF_max_depth=2_min_samples_leaf=5
NAT1,0.06083217921214741,3,RF_max_depth=2_min_samples_leaf=5
FTCDNL1,0.06104807752417088,3,RF_max_depth=2_min_samples_leaf=5
ATP2C2,0.061059878595009776,3,RF_max_depth=2_min_samples_leaf=5
SLC22A14,0.06108385236631466,3,RF_max_depth=2_min_samples_leaf=5
GRIN3B,0.06119353732804948,3,RF_max_depth=2_min_samples_leaf=5
SEPT14P3,0.06135632063435592,3,RF_max_depth=2_min_samples_leaf=5
AMER3,0.06152574140639585,3,RF_max_depth=2_min_samples_leaf=5
TRIM36,0.06152574140639585,3,RF_max_depth=2_min_samples_leaf=5
MAP2K1P1,0.06152574140639585,3,RF_max_depth=2_min_samples_leaf=5
OR2A5,0.06295956017129513,3,RF_max_depth=2_min_samples_leaf=5
OTUD6A,0.06295956017129513,3,RF_max_depth=2_min_samples_leaf=5
CCDC144A,0.06295956017129513,3,RF_max_depth=2_min_samples_leaf=5
TPH2,0.063065176333581,3,RF_max_depth=2_min_samples_leaf=5
SEPT14P8,0.063065176333581,3,RF_max_depth=2_min_samples_leaf=5
WNT2B,0.06320808723504524,3,RF_max_depth=2_min_samples_leaf=5
TM4SF19,0.06368333057013997,3,RF_max_depth=2_min_samples_leaf=5
TRPV5,0.06380800412221949,3,RF_max_depth=2_min_samples_leaf=5
AP006545.1,0.06394949793791398,3,RF_max_depth=2_min_samples_leaf=5
SMIM31,0.064760644176766,3,RF_max_depth=2_min_samples_leaf=5
C5orf63,0.06598191322516932,3,RF_max_depth=2_min_samples_leaf=5
KCNJ12,0.06598191322516932,3,RF_max_depth=2_min_samples_leaf=5
SDK1,0.06598191322516932,3,RF_max_depth=2_min_samples_leaf=5
RBM20,0.06598191322516932,3,RF_max_depth=2_min_samples_leaf=5
DUX4L26,0.06598191322516932,3,RF_max_depth=2_min_samples_leaf=5
LINC00899,0.06598191322516932,3,RF_max_depth=2_min_samples_leaf=5
CELF4,0.06598191322516932,3,RF_max_depth=2_min_samples_leaf=5
C1orf94,0.06598191322516932,3,RF_max_depth=2_min_samples_leaf=5
PMCHL1,0.06598191322516932,3,RF_max_depth=2_min_samples_leaf=5
FFAR3,0.06598191322516932,3,RF_max_depth=2_min_samples_leaf=5
TMPRSS7,0.06598191322516932,3,RF_max_depth=2_min_samples_leaf=5
TRIM64C,0.06598191322516932,3,RF_max_depth=2_min_samples_leaf=5
CASP14,0.06598191322516932,3,RF_max_depth=2_min_samples_leaf=5
GOLGA6L3,0.06640070011508178,3,RF_max_depth=2_min_samples_leaf=5
AICDA,0.06640070011508178,3,RF_max_depth=2_min_samples_leaf=5
FGD1,0.06640070011508178,3,RF_max_depth=2_min_samples_leaf=5
AL133245.1,0.06640070011508178,3,RF_max_depth=2_min_samples_leaf=5
AL049812.1,0.06695534745245552,3,RF_max_depth=2_min_samples_leaf=5
AC138951.1,0.0672147033912957,3,RF_max_depth=2_min_samples_leaf=5
AL162456.1,0.06784718863306931,3,RF_max_depth=2_min_samples_leaf=5
AC092384.1,0.06845110575307461,3,RF_max_depth=2_min_samples_leaf=5
AC093826.2,0.06892084782692252,3,RF_max_depth=2_min_samples_leaf=5
EPHA8,0.06907298342284317,3,RF_max_depth=2_min_samples_leaf=5
PNLIPRP3,0.06907298342284317,3,RF_max_depth=2_min_samples_leaf=5
AL353572.2,0.06907298342284317,3,RF_max_depth=2_min_samples_leaf=5
WNT7B,0.06907298342284317,3,RF_max_depth=2_min_samples_leaf=5
ZBTB45,0.06907298342284317,3,RF_max_depth=2_min_samples_leaf=5
FAM205BP,0.06907298342284317,3,RF_max_depth=2_min_samples_leaf=5
AL008638.3,0.06907298342284317,3,RF_max_depth=2_min_samples_leaf=5
DUOXA2,0.06907298342284317,3,RF_max_depth=2_min_samples_leaf=5
FGF9,0.06907298342284317,3,RF_max_depth=2_min_samples_leaf=5
AC020917.4,0.06907298342284317,3,RF_max_depth=2_min_samples_leaf=5
KCNJ18,0.06907298342284317,3,RF_max_depth=2_min_samples_leaf=5
PSG6,0.06923462268730492,3,RF_max_depth=2_min_samples_leaf=5
C3orf30,0.06928955489577464,3,RF_max_depth=2_min_samples_leaf=5
LINC00330,0.06928955489577464,3,RF_max_depth=2_min_samples_leaf=5
AC003957.1,0.06928955489577464,3,RF_max_depth=2_min_samples_leaf=5
KCNE1B,0.06952894575052851,3,RF_max_depth=2_min_samples_leaf=5
AC025048.6,0.06952894575052851,3,RF_max_depth=2_min_samples_leaf=5
ICA1,0.06952894575052851,3,RF_max_depth=2_min_samples_leaf=5
ACSM4,0.06952894575052851,3,RF_max_depth=2_min_samples_leaf=5
USP17L22,0.06964531011761801,3,RF_max_depth=2_min_samples_leaf=5
AL161757.5,0.06965618011330972,3,RF_max_depth=2_min_samples_leaf=5
DUPD1,0.06965618011330972,3,RF_max_depth=2_min_samples_leaf=5
NMUR2,0.06965618011330972,3,RF_max_depth=2_min_samples_leaf=5
AL121906.2,0.06981993981963273,3,RF_max_depth=2_min_samples_leaf=5
PVALB,0.07016010653248997,3,RF_max_depth=2_min_samples_leaf=5
TPTE2P1,0.07090578180302683,3,RF_max_depth=2_min_samples_leaf=5
SERPINB8,0.07167442922039091,3,RF_max_depth=2_min_samples_leaf=5
KCNF1,0.0718199359991636,3,RF_max_depth=2_min_samples_leaf=5
TMPRSS11B,0.0723895194481392,3,RF_max_depth=2_min_samples_leaf=5
RAC3,0.0728118134522436,3,RF_max_depth=2_min_samples_leaf=5
FOXN1,0.0728118134522436,3,RF_max_depth=2_min_samples_leaf=5
GRIA2,0.0728118134522436,3,RF_max_depth=2_min_samples_leaf=5
LINC01299,0.0728118134522436,3,RF_max_depth=2_min_samples_leaf=5
FAM53A,0.0728118134522436,3,RF_max_depth=2_min_samples_leaf=5
AC008395.1,0.0728118134522436,3,RF_max_depth=2_min_samples_leaf=5
ERICH6,0.0728118134522436,3,RF_max_depth=2_min_samples_leaf=5
CDC42P6,0.0728118134522436,3,RF_max_depth=2_min_samples_leaf=5
STYK1,0.07311009009315364,3,RF_max_depth=2_min_samples_leaf=5
LINC00504,0.07311009009315364,3,RF_max_depth=2_min_samples_leaf=5
AC092720.1,0.07312693430239875,3,RF_max_depth=2_min_samples_leaf=5
FAM90A26,0.0736477477788858,3,RF_max_depth=2_min_samples_leaf=5
KCNA4,0.0736477477788858,3,RF_max_depth=2_min_samples_leaf=5
GAD2,0.0736477477788858,3,RF_max_depth=2_min_samples_leaf=5
SFTPB,0.0736477477788858,3,RF_max_depth=2_min_samples_leaf=5
DUX4L9,0.0736477477788858,3,RF_max_depth=2_min_samples_leaf=5
MYO1A,0.07438666514097347,3,RF_max_depth=2_min_samples_leaf=5
PPARGC1B,0.07441755893262474,3,RF_max_depth=2_min_samples_leaf=5
AC136944.2,0.07441755893262474,3,RF_max_depth=2_min_samples_leaf=5
NEUROD2,0.07464857197813378,3,RF_max_depth=2_min_samples_leaf=5
ABO,0.0749069773112455,3,RF_max_depth=2_min_samples_leaf=5
RPL23AP45,0.07514235976286973,3,RF_max_depth=2_min_samples_leaf=5
OR2L5,0.07514235976286973,3,RF_max_depth=2_min_samples_leaf=5
SETP20,0.07514235976286973,3,RF_max_depth=2_min_samples_leaf=5
MATN1,0.07564763793563618,3,RF_max_depth=2_min_samples_leaf=5
NHS,0.07585066645681807,3,RF_max_depth=2_min_samples_leaf=5
KANK4,0.07594133551828897,3,RF_max_depth=2_min_samples_leaf=5
IRX3,0.0760372990527913,3,RF_max_depth=2_min_samples_leaf=5
TARM1,0.0760372990527913,3,RF_max_depth=2_min_samples_leaf=5
AC005863.1,0.0760372990527913,3,RF_max_depth=2_min_samples_leaf=5
ROR1,0.0760372990527913,3,RF_max_depth=2_min_samples_leaf=5
CNGB1,0.0760372990527913,3,RF_max_depth=2_min_samples_leaf=5
SEC14L3,0.0760372990527913,3,RF_max_depth=2_min_samples_leaf=5
RTKN2,0.07647458420937212,3,RF_max_depth=2_min_samples_leaf=5
MGAT4C,0.07648772520712296,3,RF_max_depth=2_min_samples_leaf=5
ZBTB42,0.07648772520712296,3,RF_max_depth=2_min_samples_leaf=5
CNKSR2,0.076604505163913,3,RF_max_depth=2_min_samples_leaf=5
CLCA2,0.076604505163913,3,RF_max_depth=2_min_samples_leaf=5
FAM220A,0.07712171459582322,3,RF_max_depth=2_min_samples_leaf=5
VPS33B-DT,0.07712171459582322,3,RF_max_depth=2_min_samples_leaf=5
MUC4,0.07722155426728945,3,RF_max_depth=2_min_samples_leaf=5
FAM131C,0.0773102293681053,3,RF_max_depth=2_min_samples_leaf=5
SCN1A,0.07772217160853977,3,RF_max_depth=2_min_samples_leaf=5
FAM155B,0.07811060453740831,3,RF_max_depth=2_min_samples_leaf=5
TRIM29,0.07925670737670557,3,RF_max_depth=2_min_samples_leaf=5
GJA8,0.07925670737670557,3,RF_max_depth=2_min_samples_leaf=5
OR13C4,0.0793177196150097,3,RF_max_depth=2_min_samples_leaf=5
HRH2,0.0793177196150097,3,RF_max_depth=2_min_samples_leaf=5
PPP5D1,0.07957560878848477,3,RF_max_depth=2_min_samples_leaf=5
AC012454.1,0.0798122175929982,3,RF_max_depth=2_min_samples_leaf=5
IGLV1-41,0.0798122175929982,3,RF_max_depth=2_min_samples_leaf=5
AC087501.4,0.0798122175929982,3,RF_max_depth=2_min_samples_leaf=5
CRTAC1,0.0798122175929982,3,RF_max_depth=2_min_samples_leaf=5
RP1L1,0.0798122175929982,3,RF_max_depth=2_min_samples_leaf=5
AL031283.1,0.0798122175929982,3,RF_max_depth=2_min_samples_leaf=5
SIAH2,0.07996204774894304,3,RF_max_depth=2_min_samples_leaf=5
GABRR1,0.07996204774894304,3,RF_max_depth=2_min_samples_leaf=5
LRRN4CL,0.07996204774894304,3,RF_max_depth=2_min_samples_leaf=5
TRIO,0.07996204774894304,3,RF_max_depth=2_min_samples_leaf=5
SYT3,0.07996204774894304,3,RF_max_depth=2_min_samples_leaf=5
KRT17P5,0.07996204774894304,3,RF_max_depth=2_min_samples_leaf=5
AC058791.1,0.07996204774894304,3,RF_max_depth=2_min_samples_leaf=5
AL022068.1,0.07996204774894304,3,RF_max_depth=2_min_samples_leaf=5
FANCB,0.07996204774894304,3,RF_max_depth=2_min_samples_leaf=5
UNC79,0.07996204774894304,3,RF_max_depth=2_min_samples_leaf=5
AP004147.1,0.08041731818025824,3,RF_max_depth=2_min_samples_leaf=5
C3orf52,0.08041731818025824,3,RF_max_depth=2_min_samples_leaf=5
OBP2A,0.08043621030298036,3,RF_max_depth=2_min_samples_leaf=5
C2orf50,0.08043621030298036,3,RF_max_depth=2_min_samples_leaf=5
MAPK4,0.08043621030298036,3,RF_max_depth=2_min_samples_leaf=5
PDCL2,0.08131946737098274,3,RF_max_depth=2_min_samples_leaf=5
SULT4A1,0.08170899415582066,3,RF_max_depth=2_min_samples_leaf=5
TMEM78,0.08227348244245415,3,RF_max_depth=2_min_samples_leaf=5
BRINP2,0.08227348244245415,3,RF_max_depth=2_min_samples_leaf=5
DSCAML1,0.08227348244245415,3,RF_max_depth=2_min_samples_leaf=5
SMTNL2,0.08227348244245415,3,RF_max_depth=2_min_samples_leaf=5
SLC6A7,0.08266957056817671,3,RF_max_depth=2_min_samples_leaf=5
LINC01694,0.0827118729775521,3,RF_max_depth=2_min_samples_leaf=5
HCN4,0.08309657725691327,3,RF_max_depth=2_min_samples_leaf=5
CA9,0.0834490387661084,3,RF_max_depth=2_min_samples_leaf=5
TMPRSS4,0.0834490387661084,3,RF_max_depth=2_min_samples_leaf=5
AC020928.3,0.0834490387661084,3,RF_max_depth=2_min_samples_leaf=5
IGF2BP1,0.08351123186757416,3,RF_max_depth=2_min_samples_leaf=5
FAM90A3P,0.08413124767663013,3,RF_max_depth=2_min_samples_leaf=5
TUBA3C,0.08413124767663013,3,RF_max_depth=2_min_samples_leaf=5
CD300LF,0.08453077972666906,3,RF_max_depth=2_min_samples_leaf=5
CEACAM8,0.08472224893008884,3,RF_max_depth=2_min_samples_leaf=5
STRA6,0.08474507751554806,3,RF_max_depth=2_min_samples_leaf=5
LINC00641,0.0851165105747441,3,RF_max_depth=2_min_samples_leaf=5
TSPYL5,0.08577600815728087,3,RF_max_depth=2_min_samples_leaf=5
AC084879.1,0.08577600815728087,3,RF_max_depth=2_min_samples_leaf=5
PRAMEF1,0.08577600815728087,3,RF_max_depth=2_min_samples_leaf=5
IQANK1,0.08577600815728087,3,RF_max_depth=2_min_samples_leaf=5
KCNQ5,0.08659727090027632,3,RF_max_depth=2_min_samples_leaf=5
OR8H3,0.08659727090027632,3,RF_max_depth=2_min_samples_leaf=5
TCP11X1,0.08659727090027632,3,RF_max_depth=2_min_samples_leaf=5
ACKR1,0.08712530915313524,3,RF_max_depth=2_min_samples_leaf=5
RUFY4,0.08712530915313524,3,RF_max_depth=2_min_samples_leaf=5
PRSS41,0.08767299164494007,3,RF_max_depth=2_min_samples_leaf=5
ZAR1L,0.0877114788148592,3,RF_max_depth=2_min_samples_leaf=5
OR51L1,0.08830006933389846,3,RF_max_depth=2_min_samples_leaf=5
EBI3,0.08830006933389846,3,RF_max_depth=2_min_samples_leaf=5
AC023830.2,0.08840965953986661,3,RF_max_depth=2_min_samples_leaf=5
MYO15A,0.0884512107651039,3,RF_max_depth=2_min_samples_leaf=5
NANOGNB,0.0884512107651039,3,RF_max_depth=2_min_samples_leaf=5
DSC1,0.08858087376586468,3,RF_max_depth=2_min_samples_leaf=5
BPIFA1,0.08922795831035768,3,RF_max_depth=2_min_samples_leaf=5
LINC02216,0.08922795831035768,3,RF_max_depth=2_min_samples_leaf=5
AC006435.4,0.08922795831035768,3,RF_max_depth=2_min_samples_leaf=5
MCM10,0.08922795831035768,3,RF_max_depth=2_min_samples_leaf=5
XPO5,0.08950982274403034,3,RF_max_depth=2_min_samples_leaf=5
CPN1,0.08957381027992756,3,RF_max_depth=2_min_samples_leaf=5
USH1G,0.08959883653778297,3,RF_max_depth=2_min_samples_leaf=5
AC127164.1,0.08959883653778297,3,RF_max_depth=2_min_samples_leaf=5
PHEX,0.08959883653778297,3,RF_max_depth=2_min_samples_leaf=5
DCLRE1CP1,0.08959883653778297,3,RF_max_depth=2_min_samples_leaf=5
SLC30A3,0.08959883653778297,3,RF_max_depth=2_min_samples_leaf=5
LDB2,0.089863448149246,3,RF_max_depth=2_min_samples_leaf=5
MAFA,0.08996787039101475,3,RF_max_depth=2_min_samples_leaf=5
AL390957.1,0.09064746791327594,3,RF_max_depth=2_min_samples_leaf=5
BEGAIN,0.09075768535157906,3,RF_max_depth=2_min_samples_leaf=5
FGF5,0.09090684298838718,3,RF_max_depth=2_min_samples_leaf=5
CTF1,0.09109292601257638,3,RF_max_depth=2_min_samples_leaf=5
AL078621.1,0.09109292601257638,3,RF_max_depth=2_min_samples_leaf=5
OR10P1,0.09145888158565421,3,RF_max_depth=2_min_samples_leaf=5
UFSP1,0.09167729425706343,3,RF_max_depth=2_min_samples_leaf=5
AK8,0.09167729425706343,3,RF_max_depth=2_min_samples_leaf=5
PSRC1,0.09212118261664992,3,RF_max_depth=2_min_samples_leaf=5
KLK4,0.09212118261664992,3,RF_max_depth=2_min_samples_leaf=5
LOH12CR2,0.09212118261664992,3,RF_max_depth=2_min_samples_leaf=5
AL391244.3,0.09212118261664992,3,RF_max_depth=2_min_samples_leaf=5
RP1,0.0922682210027307,3,RF_max_depth=2_min_samples_leaf=5
HRASLS5,0.0922682210027307,3,RF_max_depth=2_min_samples_leaf=5
PLPP6,0.0922682210027307,3,RF_max_depth=2_min_samples_leaf=5
SLC4A3,0.0922970037811431,3,RF_max_depth=2_min_samples_leaf=5
PLEKHD1,0.0922970037811431,3,RF_max_depth=2_min_samples_leaf=5
GCOM1,0.0922970037811431,3,RF_max_depth=2_min_samples_leaf=5
POTEA,0.0922970037811431,3,RF_max_depth=2_min_samples_leaf=5
CDH7,0.0922970037811431,3,RF_max_depth=2_min_samples_leaf=5
ASMT,0.0922970037811431,3,RF_max_depth=2_min_samples_leaf=5
ABCC12,0.0922970037811431,3,RF_max_depth=2_min_samples_leaf=5
AC016355.1,0.0922970037811431,3,RF_max_depth=2_min_samples_leaf=5
DUX4,0.0922970037811431,3,RF_max_depth=2_min_samples_leaf=5
RN7SL121P,0.0922970037811431,3,RF_max_depth=2_min_samples_leaf=5
GAL3ST1,0.0922970037811431,3,RF_max_depth=2_min_samples_leaf=5
OLIG1,0.09268448163787231,3,RF_max_depth=2_min_samples_leaf=5
PIANP,0.09268448163787231,3,RF_max_depth=2_min_samples_leaf=5
AP000811.1,0.09268448163787231,3,RF_max_depth=2_min_samples_leaf=5
TPBG,0.09268448163787231,3,RF_max_depth=2_min_samples_leaf=5
SNTG1,0.09274362708624719,3,RF_max_depth=2_min_samples_leaf=5
NXF5,0.09274362708624719,3,RF_max_depth=2_min_samples_leaf=5
OR1E1,0.09274362708624719,3,RF_max_depth=2_min_samples_leaf=5
VHLL,0.09305725189187501,3,RF_max_depth=2_min_samples_leaf=5
OR4N5,0.09309488184819796,3,RF_max_depth=2_min_samples_leaf=5
SDAD1P1,0.09310347493737936,3,RF_max_depth=2_min_samples_leaf=5
ACTN2,0.09310347493737936,3,RF_max_depth=2_min_samples_leaf=5
RPL23AP24,0.09331400326447493,3,RF_max_depth=2_min_samples_leaf=5
TMEM105,0.09352056801920007,3,RF_max_depth=2_min_samples_leaf=5
C3orf22,0.09388340221482393,3,RF_max_depth=2_min_samples_leaf=5
ZNF182,0.09388340221482393,3,RF_max_depth=2_min_samples_leaf=5
AL033543.1,0.09388340221482393,3,RF_max_depth=2_min_samples_leaf=5
CD19,0.09388340221482393,3,RF_max_depth=2_min_samples_leaf=5
GAGE12E,0.09388340221482393,3,RF_max_depth=2_min_samples_leaf=5
PRAMEF7,0.09388340221482393,3,RF_max_depth=2_min_samples_leaf=5
NKX2-4,0.09388340221482393,3,RF_max_depth=2_min_samples_leaf=5
CHAT,0.09388340221482393,3,RF_max_depth=2_min_samples_leaf=5
ARHGAP27P2,0.09409942264803924,3,RF_max_depth=2_min_samples_leaf=5
AC144568.2,0.09422052746900308,3,RF_max_depth=2_min_samples_leaf=5
AC010834.3,0.09422052746900308,3,RF_max_depth=2_min_samples_leaf=5
LMX1A,0.09422052746900308,3,RF_max_depth=2_min_samples_leaf=5
EPHA6,0.09422052746900308,3,RF_max_depth=2_min_samples_leaf=5
AC127070.4,0.09492896181226232,3,RF_max_depth=2_min_samples_leaf=5
SGSH,0.09492896181226232,3,RF_max_depth=2_min_samples_leaf=5
AC099684.2,0.09497623502267405,3,RF_max_depth=2_min_samples_leaf=5
RAPGEF3,0.09507042454029167,3,RF_max_depth=2_min_samples_leaf=5
ANKK1,0.09507042454029167,3,RF_max_depth=2_min_samples_leaf=5
C17orf113,0.09507042454029167,3,RF_max_depth=2_min_samples_leaf=5
SATL1,0.09507042454029167,3,RF_max_depth=2_min_samples_leaf=5
KBTBD11,0.09507042454029167,3,RF_max_depth=2_min_samples_leaf=5
MED10,0.09507042454029167,3,RF_max_depth=2_min_samples_leaf=5
DCLK1,0.09507042454029167,3,RF_max_depth=2_min_samples_leaf=5
WDR86,0.09560619248881083,3,RF_max_depth=2_min_samples_leaf=5
ADAM30,0.09560619248881083,3,RF_max_depth=2_min_samples_leaf=5
AC092683.1,0.09560619248881083,3,RF_max_depth=2_min_samples_leaf=5
PROM2,0.09579808769962304,3,RF_max_depth=2_min_samples_leaf=5
C9orf50,0.09579808769962304,3,RF_max_depth=2_min_samples_leaf=5
RHEBL1,0.09579808769962304,3,RF_max_depth=2_min_samples_leaf=5
TOX4P1,0.09579808769962304,3,RF_max_depth=2_min_samples_leaf=5
C9orf43,0.09579808769962304,3,RF_max_depth=2_min_samples_leaf=5
SYTL1,0.09581548950559193,3,RF_max_depth=2_min_samples_leaf=5
MROH5,0.09581548950559193,3,RF_max_depth=2_min_samples_leaf=5
LINC02397,0.09581548950559193,3,RF_max_depth=2_min_samples_leaf=5
LHFPL5,0.09581548950559193,3,RF_max_depth=2_min_samples_leaf=5
LINC01902,0.09581548950559193,3,RF_max_depth=2_min_samples_leaf=5
TMEM235,0.09581548950559193,3,RF_max_depth=2_min_samples_leaf=5
SIX3,0.09600173293005373,3,RF_max_depth=2_min_samples_leaf=5
CRACR2B,0.096016013323301,3,RF_max_depth=2_min_samples_leaf=5
UNC5D,0.096016013323301,3,RF_max_depth=2_min_samples_leaf=5
SOX14,0.09638781975892838,3,RF_max_depth=2_min_samples_leaf=5
GRID1,0.09648278438081398,3,RF_max_depth=2_min_samples_leaf=5
LYSMD1,0.09657086335471711,3,RF_max_depth=2_min_samples_leaf=5
AQP6,0.09667251014239375,3,RF_max_depth=2_min_samples_leaf=5
HR,0.09667251014239375,3,RF_max_depth=2_min_samples_leaf=5
GPR174,0.09705245995408292,3,RF_max_depth=2_min_samples_leaf=5
OR4X1,0.09705245995408292,3,RF_max_depth=2_min_samples_leaf=5
AC159540.2,0.0970978857329201,3,RF_max_depth=2_min_samples_leaf=5
AL109976.1,0.09733547687369087,3,RF_max_depth=2_min_samples_leaf=5
TGM5,0.09772818252393742,3,RF_max_depth=2_min_samples_leaf=5
UPK1A,0.09772818252393742,3,RF_max_depth=2_min_samples_leaf=5
ASPRV1,0.09772818252393742,3,RF_max_depth=2_min_samples_leaf=5
IGHV3-73,0.09772818252393742,3,RF_max_depth=2_min_samples_leaf=5
GPR78,0.09772818252393742,3,RF_max_depth=2_min_samples_leaf=5
MS4A18,0.0978883219514199,3,RF_max_depth=2_min_samples_leaf=5
CBLN1,0.0978883219514199,3,RF_max_depth=2_min_samples_leaf=5
RCVRN,0.0978883219514199,3,RF_max_depth=2_min_samples_leaf=5
NRXN2,0.0978883219514199,3,RF_max_depth=2_min_samples_leaf=5
TEX35,0.0978883219514199,3,RF_max_depth=2_min_samples_leaf=5
PRSS55,0.0978883219514199,3,RF_max_depth=2_min_samples_leaf=5
MDGA2,0.09796467896132903,3,RF_max_depth=2_min_samples_leaf=5
INSM1,0.09796467896132903,3,RF_max_depth=2_min_samples_leaf=5
OR8B8,0.09809288456177821,3,RF_max_depth=2_min_samples_leaf=5
LRRIQ4,0.09824480078632078,3,RF_max_depth=2_min_samples_leaf=5
DUSP8,0.09848945945326582,3,RF_max_depth=2_min_samples_leaf=5
CCDC83,0.09893450294662949,3,RF_max_depth=2_min_samples_leaf=5
CDH3,0.09897276214921136,3,RF_max_depth=2_min_samples_leaf=5
AC135977.1,0.09898348692017041,3,RF_max_depth=2_min_samples_leaf=5
NETO1,0.09913562496676866,3,RF_max_depth=2_min_samples_leaf=5
LAG3,0.09917065364039233,3,RF_max_depth=2_min_samples_leaf=5
C9orf24,0.0992385759543128,3,RF_max_depth=2_min_samples_leaf=5
SKOR1,0.09932966400570929,3,RF_max_depth=2_min_samples_leaf=5
PAEP,0.0993612584244345,3,RF_max_depth=2_min_samples_leaf=5
KPRP,0.0993612584244345,3,RF_max_depth=2_min_samples_leaf=5
CHRND,0.0993612584244345,3,RF_max_depth=2_min_samples_leaf=5
AC120114.4,0.0993612584244345,3,RF_max_depth=2_min_samples_leaf=5
AGTR1,0.0993612584244345,3,RF_max_depth=2_min_samples_leaf=5
CPNE9,0.0993612584244345,3,RF_max_depth=2_min_samples_leaf=5
CD22,0.0993612584244345,3,RF_max_depth=2_min_samples_leaf=5
MRLN,0.0993612584244345,3,RF_max_depth=2_min_samples_leaf=5
ALMS1P1,0.0993612584244345,3,RF_max_depth=2_min_samples_leaf=5
PKP1,0.0993612584244345,3,RF_max_depth=2_min_samples_leaf=5
TBC1D10C,0.0993612584244345,3,RF_max_depth=2_min_samples_leaf=5
OR3A3,0.09938625606596155,3,RF_max_depth=2_min_samples_leaf=5
STPG2,0.09938625606596155,3,RF_max_depth=2_min_samples_leaf=5
PTX4,0.09943262687922846,3,RF_max_depth=2_min_samples_leaf=5
SLC39A2,0.09943262687922846,3,RF_max_depth=2_min_samples_leaf=5
SH2B2,0.09943262687922846,3,RF_max_depth=2_min_samples_leaf=5
USP17L12,0.09950412006968819,3,RF_max_depth=2_min_samples_leaf=5
GDAP1L1,0.09950412006968819,3,RF_max_depth=2_min_samples_leaf=5
DCUN1D2,0.09950412006968819,3,RF_max_depth=2_min_samples_leaf=5
TSPAN6,0.9998951898820592,1,RF_max_depth=2_min_samples_leaf=10
CYP51A1,0.9998951898820592,1,RF_max_depth=2_min_samples_leaf=10
ANKIB1,0.9998951898820592,1,RF_max_depth=2_min_samples_leaf=10
CFTR,0.9998951898820592,1,RF_max_depth=2_min_samples_leaf=10
SEMA3F,0.9998951898820592,1,RF_max_depth=2_min_samples_leaf=10
ENPP4,0.9998951898820592,1,RF_max_depth=2_min_samples_leaf=10
LAS1L,0.9998951898820592,1,RF_max_depth=2_min_samples_leaf=10
NIPAL3,0.9998951898820592,1,RF_max_depth=2_min_samples_leaf=10
STPG1,0.9998951898820592,1,RF_max_depth=2_min_samples_leaf=10
NFYA,0.9998951898820592,1,RF_max_depth=2_min_samples_leaf=10
GCLC,0.9998951898820592,1,RF_max_depth=2_min_samples_leaf=10
FUCA2,0.9998951898820592,1,RF_max_depth=2_min_samples_leaf=10
CFH,0.9998951898820592,1,RF_max_depth=2_min_samples_leaf=10
FGR,0.9998951898820592,1,RF_max_depth=2_min_samples_leaf=10
C1orf112,0.9998951898820592,1,RF_max_depth=2_min_samples_leaf=10
SCYL3,0.9998951898820592,1,RF_max_depth=2_min_samples_leaf=10
DPM1,0.9998951898820592,1,RF_max_depth=2_min_samples_leaf=10
TNMD,0.9998951898820592,1,RF_max_depth=2_min_samples_leaf=10
KRIT1,0.9998951898820592,1,RF_max_depth=2_min_samples_leaf=10
RAD52,0.9998951898820592,1,RF_max_depth=2_min_samples_leaf=10
CABP2,0.004953978164657469,2,RF_max_depth=2_min_samples_leaf=10
REXO1L3P,0.005502022433787022,2,RF_max_depth=2_min_samples_leaf=10
EFHC2,0.018117009506931382,2,RF_max_depth=2_min_samples_leaf=10
DCDC2C,0.018117009506931382,2,RF_max_depth=2_min_samples_leaf=10
AC006538.1,0.028233978739854403,2,RF_max_depth=2_min_samples_leaf=10
REC114,0.04441359359673939,2,RF_max_depth=2_min_samples_leaf=10
RNY4,0.04441359359673939,2,RF_max_depth=2_min_samples_leaf=10
RN7SL665P,0.04441359359673939,2,RF_max_depth=2_min_samples_leaf=10
SPART-AS1,0.058204451131717135,2,RF_max_depth=2_min_samples_leaf=10
CSF2,0.058204451131717135,2,RF_max_depth=2_min_samples_leaf=10
INAFM2,0.058204451131717135,2,RF_max_depth=2_min_samples_leaf=10
CU633904.1,0.0651210464977755,2,RF_max_depth=2_min_samples_leaf=10
RN7SL499P,0.06950100501599517,2,RF_max_depth=2_min_samples_leaf=10
AC112504.1,0.08037723722522737,2,RF_max_depth=2_min_samples_leaf=10
AC025198.1,0.09902553412890835,2,RF_max_depth=2_min_samples_leaf=10
CBR3-AS1,0.10791175878208961,2,RF_max_depth=2_min_samples_leaf=10
CLDN34,0.11629212255035036,2,RF_max_depth=2_min_samples_leaf=10
AC073548.1,0.11629212255035036,2,RF_max_depth=2_min_samples_leaf=10
DEFB115,0.11855022804480668,2,RF_max_depth=2_min_samples_leaf=10
GFRA3,0.12221609593539541,2,RF_max_depth=2_min_samples_leaf=10
FAXC,0.00539658557097864,3,RF_max_depth=2_min_samples_leaf=10
NBPF22P,0.00539658557097864,3,RF_max_depth=2_min_samples_leaf=10
FAM180B,0.006977115943327905,3,RF_max_depth=2_min_samples_leaf=10
ZNF114,0.008628444165318558,3,RF_max_depth=2_min_samples_leaf=10
STOML3,0.009588025657421891,3,RF_max_depth=2_min_samples_leaf=10
NTRK3,0.009588025657421891,3,RF_max_depth=2_min_samples_leaf=10
IRX5,0.009588025657421891,3,RF_max_depth=2_min_samples_leaf=10
AC116351.1,0.009588025657421891,3,RF_max_depth=2_min_samples_leaf=10
DMRTC1B,0.009588025657421891,3,RF_max_depth=2_min_samples_leaf=10
AL138889.1,0.013242753283149567,3,RF_max_depth=2_min_samples_leaf=10
COL9A2,0.013242753283149567,3,RF_max_depth=2_min_samples_leaf=10
PRKCG,0.013242753283149567,3,RF_max_depth=2_min_samples_leaf=10
DMRTC1,0.013242753283149567,3,RF_max_depth=2_min_samples_leaf=10
AL353726.2,0.014031241625901001,3,RF_max_depth=2_min_samples_leaf=10
FAM74A6,0.014031241625901001,3,RF_max_depth=2_min_samples_leaf=10
TOGARAM2,0.014031241625901001,3,RF_max_depth=2_min_samples_leaf=10
TTC39A,0.014031241625901001,3,RF_max_depth=2_min_samples_leaf=10
JPH3,0.014031241625901001,3,RF_max_depth=2_min_samples_leaf=10
OR6J1,0.014031241625901001,3,RF_max_depth=2_min_samples_leaf=10
CCDC26,0.014031241625901001,3,RF_max_depth=2_min_samples_leaf=10
MROH7,0.014031241625901001,3,RF_max_depth=2_min_samples_leaf=10
SLITRK2,0.014814121014561995,3,RF_max_depth=2_min_samples_leaf=10
PRSS40A,0.016181458476970046,3,RF_max_depth=2_min_samples_leaf=10
OR2A1-AS1,0.016622533951540976,3,RF_max_depth=2_min_samples_leaf=10
CENPI,0.016886481665560466,3,RF_max_depth=2_min_samples_leaf=10
SLC6A2,0.016886481665560466,3,RF_max_depth=2_min_samples_leaf=10
AC114324.1,0.016886481665560466,3,RF_max_depth=2_min_samples_leaf=10
SYNPO2L,0.017539660233741785,3,RF_max_depth=2_min_samples_leaf=10
DPYSL5,0.017539660233741785,3,RF_max_depth=2_min_samples_leaf=10
TNR,0.017539660233741785,3,RF_max_depth=2_min_samples_leaf=10
FBXO40,0.017539660233741785,3,RF_max_depth=2_min_samples_leaf=10
CRX,0.017539660233741785,3,RF_max_depth=2_min_samples_leaf=10
KCNIP3,0.017539660233741785,3,RF_max_depth=2_min_samples_leaf=10
HNRNPA1P51,0.017539660233741785,3,RF_max_depth=2_min_samples_leaf=10
ABHD1,0.017539660233741785,3,RF_max_depth=2_min_samples_leaf=10
OLMALINC,0.017539660233741785,3,RF_max_depth=2_min_samples_leaf=10
TEX45,0.017539660233741785,3,RF_max_depth=2_min_samples_leaf=10
EPHA10,0.017539660233741785,3,RF_max_depth=2_min_samples_leaf=10
FAM90A5P,0.017539660233741785,3,RF_max_depth=2_min_samples_leaf=10
XPOTP1,0.017820278998938118,3,RF_max_depth=2_min_samples_leaf=10
DMP1,0.017820278998938118,3,RF_max_depth=2_min_samples_leaf=10
CALB1,0.017820278998938118,3,RF_max_depth=2_min_samples_leaf=10
LINC00514,0.017820278998938118,3,RF_max_depth=2_min_samples_leaf=10
KCNH6,0.01801260044015546,3,RF_max_depth=2_min_samples_leaf=10
EREG,0.01801260044015546,3,RF_max_depth=2_min_samples_leaf=10
P2RX5-TAX1BP3,0.018045521443828354,3,RF_max_depth=2_min_samples_leaf=10
LOXHD1,0.018045521443828354,3,RF_max_depth=2_min_samples_leaf=10
TBR1,0.018377605251327082,3,RF_max_depth=2_min_samples_leaf=10
NPHS2,0.018377605251327082,3,RF_max_depth=2_min_samples_leaf=10
DBET,0.018377605251327082,3,RF_max_depth=2_min_samples_leaf=10
TMEM185B,0.018377605251327082,3,RF_max_depth=2_min_samples_leaf=10
AL021877.2,0.018377605251327082,3,RF_max_depth=2_min_samples_leaf=10
USP17L23,0.02018875081594464,3,RF_max_depth=2_min_samples_leaf=10
KCNJ3,0.020220637989254612,3,RF_max_depth=2_min_samples_leaf=10
FAM90A12P,0.020220637989254612,3,RF_max_depth=2_min_samples_leaf=10
CRB2,0.020220637989254612,3,RF_max_depth=2_min_samples_leaf=10
ABRA,0.020220637989254612,3,RF_max_depth=2_min_samples_leaf=10
SSX1,0.02129364622282527,3,RF_max_depth=2_min_samples_leaf=10
KRT16,0.02143695949022278,3,RF_max_depth=2_min_samples_leaf=10
MRGPRX3,0.02143695949022278,3,RF_max_depth=2_min_samples_leaf=10
AL117328.2,0.02143695949022278,3,RF_max_depth=2_min_samples_leaf=10
NECAB1,0.022054012254959288,3,RF_max_depth=2_min_samples_leaf=10
VAX1,0.0237874108657593,3,RF_max_depth=2_min_samples_leaf=10
SPIC,0.02424332761941429,3,RF_max_depth=2_min_samples_leaf=10
PROCA1,0.02441665838599665,3,RF_max_depth=2_min_samples_leaf=10
ACOXL,0.02657295685158734,3,RF_max_depth=2_min_samples_leaf=10
LINC01583,0.02657295685158734,3,RF_max_depth=2_min_samples_leaf=10
CSPG5,0.02657295685158734,3,RF_max_depth=2_min_samples_leaf=10
CLVS2,0.027101469995209144,3,RF_max_depth=2_min_samples_leaf=10
USP17L16P,0.02731927630195309,3,RF_max_depth=2_min_samples_leaf=10
CCDC42,0.02731927630195309,3,RF_max_depth=2_min_samples_leaf=10
TNIP3,0.02731927630195309,3,RF_max_depth=2_min_samples_leaf=10
TH,0.02731927630195309,3,RF_max_depth=2_min_samples_leaf=10
LINC01249,0.027800706849345134,3,RF_max_depth=2_min_samples_leaf=10
PFN2,0.02825034652616595,3,RF_max_depth=2_min_samples_leaf=10
MIAT,0.028346997548205573,3,RF_max_depth=2_min_samples_leaf=10
SLC24A4,0.028346997548205573,3,RF_max_depth=2_min_samples_leaf=10
TRPC6,0.029307562846594484,3,RF_max_depth=2_min_samples_leaf=10
NWD1,0.029307562846594484,3,RF_max_depth=2_min_samples_leaf=10
AMHR2,0.029783702544144964,3,RF_max_depth=2_min_samples_leaf=10
DTD1,0.029783702544144964,3,RF_max_depth=2_min_samples_leaf=10
MEGF11,0.029783702544144964,3,RF_max_depth=2_min_samples_leaf=10
KLK3,0.029783702544144964,3,RF_max_depth=2_min_samples_leaf=10
SLITRK5,0.029783702544144964,3,RF_max_depth=2_min_samples_leaf=10
DGKK,0.030162317323427647,3,RF_max_depth=2_min_samples_leaf=10
PLA2G2F,0.030622024944046224,3,RF_max_depth=2_min_samples_leaf=10
SEPT14P19,0.030622024944046224,3,RF_max_depth=2_min_samples_leaf=10
FAM174B,0.03177519788341467,3,RF_max_depth=2_min_samples_leaf=10
OR14J1,0.03294870949825732,3,RF_max_depth=2_min_samples_leaf=10
AC092068.2,0.03294870949825732,3,RF_max_depth=2_min_samples_leaf=10
KEL,0.03379866942573288,3,RF_max_depth=2_min_samples_leaf=10
PSCA,0.03379866942573288,3,RF_max_depth=2_min_samples_leaf=10
RPL34-AS1,0.034316864477139795,3,RF_max_depth=2_min_samples_leaf=10
IGHD,0.034316864477139795,3,RF_max_depth=2_min_samples_leaf=10
JAKMIP2,0.034316864477139795,3,RF_max_depth=2_min_samples_leaf=10
ZNF702P,0.034316864477139795,3,RF_max_depth=2_min_samples_leaf=10
GRM1,0.0343887040614536,3,RF_max_depth=2_min_samples_leaf=10
LRRC55,0.0343887040614536,3,RF_max_depth=2_min_samples_leaf=10
TMEM179,0.0343887040614536,3,RF_max_depth=2_min_samples_leaf=10
NPAP1,0.0343887040614536,3,RF_max_depth=2_min_samples_leaf=10
CALY,0.0343887040614536,3,RF_max_depth=2_min_samples_leaf=10
C2orf92,0.035178165454674844,3,RF_max_depth=2_min_samples_leaf=10
GABBR1,0.035178165454674844,3,RF_max_depth=2_min_samples_leaf=10
CD40LG,0.035178165454674844,3,RF_max_depth=2_min_samples_leaf=10
AC008555.2,0.035178165454674844,3,RF_max_depth=2_min_samples_leaf=10
TRAIP,0.035178165454674844,3,RF_max_depth=2_min_samples_leaf=10
BCO1,0.035178165454674844,3,RF_max_depth=2_min_samples_leaf=10
PSG3,0.035178165454674844,3,RF_max_depth=2_min_samples_leaf=10
ENOPH1,0.035178165454674844,3,RF_max_depth=2_min_samples_leaf=10
LINC02054,0.035178165454674844,3,RF_max_depth=2_min_samples_leaf=10
GAS2L1,0.035178165454674844,3,RF_max_depth=2_min_samples_leaf=10
TLX1,0.035178165454674844,3,RF_max_depth=2_min_samples_leaf=10
ADGRB1,0.035178165454674844,3,RF_max_depth=2_min_samples_leaf=10
KCTD16,0.035178165454674844,3,RF_max_depth=2_min_samples_leaf=10
PCDHA7,0.035178165454674844,3,RF_max_depth=2_min_samples_leaf=10
KLHL11,0.035178165454674844,3,RF_max_depth=2_min_samples_leaf=10
OR7E25P,0.0354416618095872,3,RF_max_depth=2_min_samples_leaf=10
AC021351.1,0.036040641588008,3,RF_max_depth=2_min_samples_leaf=10
DDX43,0.036040641588008,3,RF_max_depth=2_min_samples_leaf=10
KCNA2,0.036040641588008,3,RF_max_depth=2_min_samples_leaf=10
DDX25,0.03650543227565041,3,RF_max_depth=2_min_samples_leaf=10
DCSTAMP,0.03678789567818994,3,RF_max_depth=2_min_samples_leaf=10
KIF1A,0.03678789567818994,3,RF_max_depth=2_min_samples_leaf=10
DUX4L34,0.03685273702471296,3,RF_max_depth=2_min_samples_leaf=10
GAGE1,0.03685273702471296,3,RF_max_depth=2_min_samples_leaf=10
CHRNA2,0.03685273702471296,3,RF_max_depth=2_min_samples_leaf=10
HHATL,0.03694650135444695,3,RF_max_depth=2_min_samples_leaf=10
ZMYND10,0.038876800643459844,3,RF_max_depth=2_min_samples_leaf=10
ARHGEF26-AS1,0.038887830628702706,3,RF_max_depth=2_min_samples_leaf=10
RGMA,0.040110584994110556,3,RF_max_depth=2_min_samples_leaf=10
SLC25A33,0.04064616288677423,3,RF_max_depth=2_min_samples_leaf=10
AC012370.2,0.04064616288677423,3,RF_max_depth=2_min_samples_leaf=10
ROR2,0.04064616288677423,3,RF_max_depth=2_min_samples_leaf=10
RETREG1,0.04064616288677423,3,RF_max_depth=2_min_samples_leaf=10
NPAS1,0.04064616288677423,3,RF_max_depth=2_min_samples_leaf=10
TRIM31,0.04064616288677423,3,RF_max_depth=2_min_samples_leaf=10
RHO,0.04064616288677423,3,RF_max_depth=2_min_samples_leaf=10
LINC01106,0.04064616288677423,3,RF_max_depth=2_min_samples_leaf=10
XKR9,0.04064616288677423,3,RF_max_depth=2_min_samples_leaf=10
AC133561.1,0.04064616288677423,3,RF_max_depth=2_min_samples_leaf=10
CADPS,0.04064616288677423,3,RF_max_depth=2_min_samples_leaf=10
AC008079.2,0.04064616288677423,3,RF_max_depth=2_min_samples_leaf=10
AC004889.1,0.04064616288677423,3,RF_max_depth=2_min_samples_leaf=10
PAPOLB,0.04064616288677423,3,RF_max_depth=2_min_samples_leaf=10
ASRGL1,0.04083902330824747,3,RF_max_depth=2_min_samples_leaf=10
AC026523.2,0.04083902330824747,3,RF_max_depth=2_min_samples_leaf=10
AL031594.1,0.04083902330824747,3,RF_max_depth=2_min_samples_leaf=10
OR4K17,0.04083902330824747,3,RF_max_depth=2_min_samples_leaf=10
STAG3L5P,0.04103445322733728,3,RF_max_depth=2_min_samples_leaf=10
SPRY3,0.04103445322733728,3,RF_max_depth=2_min_samples_leaf=10
PABPN1L,0.04103445322733728,3,RF_max_depth=2_min_samples_leaf=10
KRT6A,0.04103445322733728,3,RF_max_depth=2_min_samples_leaf=10
AL160272.1,0.04103445322733728,3,RF_max_depth=2_min_samples_leaf=10
CLVS1,0.04103445322733728,3,RF_max_depth=2_min_samples_leaf=10
CACNB3,0.04103445322733728,3,RF_max_depth=2_min_samples_leaf=10
CDH10,0.04103445322733728,3,RF_max_depth=2_min_samples_leaf=10
AL358334.2,0.04103445322733728,3,RF_max_depth=2_min_samples_leaf=10
OPRD1,0.04104499386429288,3,RF_max_depth=2_min_samples_leaf=10
KRTAP5-5,0.04104499386429288,3,RF_max_depth=2_min_samples_leaf=10
ADCY1,0.04104499386429288,3,RF_max_depth=2_min_samples_leaf=10
PLEKHG4B,0.04104499386429288,3,RF_max_depth=2_min_samples_leaf=10
KBTBD12,0.04104499386429288,3,RF_max_depth=2_min_samples_leaf=10
ZNF541,0.04104499386429288,3,RF_max_depth=2_min_samples_leaf=10
KCNT1,0.04191386438934168,3,RF_max_depth=2_min_samples_leaf=10
GPR42,0.041940816796479416,3,RF_max_depth=2_min_samples_leaf=10
FP671120.1,0.04221655469720855,3,RF_max_depth=2_min_samples_leaf=10
NOTO,0.04221655469720855,3,RF_max_depth=2_min_samples_leaf=10
DUOXA1,0.042537916582875694,3,RF_max_depth=2_min_samples_leaf=10
LGALSL,0.042800932540857324,3,RF_max_depth=2_min_samples_leaf=10
ABCB10P1,0.042800932540857324,3,RF_max_depth=2_min_samples_leaf=10
RGS11,0.042800932540857324,3,RF_max_depth=2_min_samples_leaf=10
KNCN,0.04302123643116091,3,RF_max_depth=2_min_samples_leaf=10
FRG2B,0.04302123643116091,3,RF_max_depth=2_min_samples_leaf=10
AL161756.1,0.044256091323822945,3,RF_max_depth=2_min_samples_leaf=10
AL158835.2,0.044304487095292444,3,RF_max_depth=2_min_samples_leaf=10
N6AMT1,0.044304487095292444,3,RF_max_depth=2_min_samples_leaf=10
GOLGA2P11,0.044304487095292444,3,RF_max_depth=2_min_samples_leaf=10
LINC01551,0.044304487095292444,3,RF_max_depth=2_min_samples_leaf=10
TFAP2C,0.044304487095292444,3,RF_max_depth=2_min_samples_leaf=10
DUX4L18,0.044304487095292444,3,RF_max_depth=2_min_samples_leaf=10
TYRP1,0.044304487095292444,3,RF_max_depth=2_min_samples_leaf=10
TNFRSF8,0.044304487095292444,3,RF_max_depth=2_min_samples_leaf=10
AP000356.2,0.044304487095292444,3,RF_max_depth=2_min_samples_leaf=10
BTLA,0.044304487095292444,3,RF_max_depth=2_min_samples_leaf=10
HCN2,0.044304487095292444,3,RF_max_depth=2_min_samples_leaf=10
ASIC4,0.044304487095292444,3,RF_max_depth=2_min_samples_leaf=10
MMEL1,0.044304487095292444,3,RF_max_depth=2_min_samples_leaf=10
APLP1,0.04438997879529887,3,RF_max_depth=2_min_samples_leaf=10
DLX1,0.04438997879529887,3,RF_max_depth=2_min_samples_leaf=10
KLHL31,0.04483854200052717,3,RF_max_depth=2_min_samples_leaf=10
BCL7A,0.04512631081440691,3,RF_max_depth=2_min_samples_leaf=10
FIRRE,0.04531608625276706,3,RF_max_depth=2_min_samples_leaf=10
AL591845.1,0.04531608625276706,3,RF_max_depth=2_min_samples_leaf=10
FRRS1L,0.04555788298977436,3,RF_max_depth=2_min_samples_leaf=10
KIF5C,0.04555788298977436,3,RF_max_depth=2_min_samples_leaf=10
TNFRSF4,0.04555788298977436,3,RF_max_depth=2_min_samples_leaf=10
SLC7A4,0.04555788298977436,3,RF_max_depth=2_min_samples_leaf=10
IL9R,0.04555788298977436,3,RF_max_depth=2_min_samples_leaf=10
NPFFR1,0.04555788298977436,3,RF_max_depth=2_min_samples_leaf=10
TULP1,0.04555788298977436,3,RF_max_depth=2_min_samples_leaf=10
YWHAZP4,0.04616534987279668,3,RF_max_depth=2_min_samples_leaf=10
HIST1H3E,0.04706352202406224,3,RF_max_depth=2_min_samples_leaf=10
SLC6A10P,0.04727753183723076,3,RF_max_depth=2_min_samples_leaf=10
AC004706.3,0.047435005287452384,3,RF_max_depth=2_min_samples_leaf=10
FNDC7,0.047435005287452384,3,RF_max_depth=2_min_samples_leaf=10
CDCA7,0.04792183692872052,3,RF_max_depth=2_min_samples_leaf=10
FP236383.1,0.04792183692872052,3,RF_max_depth=2_min_samples_leaf=10
PCAT1,0.04792183692872052,3,RF_max_depth=2_min_samples_leaf=10
NTRK1,0.04792183692872052,3,RF_max_depth=2_min_samples_leaf=10
TTLL8,0.047928446392983146,3,RF_max_depth=2_min_samples_leaf=10
C2orf73,0.047928446392983146,3,RF_max_depth=2_min_samples_leaf=10
RHPN1,0.047928446392983146,3,RF_max_depth=2_min_samples_leaf=10
AC068389.1,0.04806717731358473,3,RF_max_depth=2_min_samples_leaf=10
TMEM26,0.04852670254165029,3,RF_max_depth=2_min_samples_leaf=10
ANKRD30BL,0.04852670254165029,3,RF_max_depth=2_min_samples_leaf=10
TDRKH-AS1,0.04852670254165029,3,RF_max_depth=2_min_samples_leaf=10
TSPEAR-AS2,0.04852670254165029,3,RF_max_depth=2_min_samples_leaf=10
C2orf83,0.048686362185902075,3,RF_max_depth=2_min_samples_leaf=10
FGF1,0.048686362185902075,3,RF_max_depth=2_min_samples_leaf=10
PRLHR,0.048686362185902075,3,RF_max_depth=2_min_samples_leaf=10
SLC22A20P,0.048686362185902075,3,RF_max_depth=2_min_samples_leaf=10
SUGT1P3,0.048686362185902075,3,RF_max_depth=2_min_samples_leaf=10
BPIFC,0.048686362185902075,3,RF_max_depth=2_min_samples_leaf=10
PLA2G4F,0.048686362185902075,3,RF_max_depth=2_min_samples_leaf=10
BTN1A1,0.048686362185902075,3,RF_max_depth=2_min_samples_leaf=10
AC022098.1,0.048686362185902075,3,RF_max_depth=2_min_samples_leaf=10
SPAG11A,0.04890820079512417,3,RF_max_depth=2_min_samples_leaf=10
POM121L7P,0.04890820079512417,3,RF_max_depth=2_min_samples_leaf=10
REEP1,0.049324189921397546,3,RF_max_depth=2_min_samples_leaf=10
OTOP1,0.04935269581381549,3,RF_max_depth=2_min_samples_leaf=10
EDAR,0.04966431087218614,3,RF_max_depth=2_min_samples_leaf=10
CCDC144NL,0.05039208949962252,3,RF_max_depth=2_min_samples_leaf=10
FAM90A6P,0.05048060396904864,3,RF_max_depth=2_min_samples_leaf=10
FOXD4L6,0.050762830431735025,3,RF_max_depth=2_min_samples_leaf=10
HTRA1,0.050762830431735025,3,RF_max_depth=2_min_samples_leaf=10
ESRRB,0.05204560452139759,3,RF_max_depth=2_min_samples_leaf=10
ADAM7,0.052111997989076925,3,RF_max_depth=2_min_samples_leaf=10
SNX19P3,0.052111997989076925,3,RF_max_depth=2_min_samples_leaf=10
SPAG11B,0.05251071878516467,3,RF_max_depth=2_min_samples_leaf=10
NKX6-1,0.05251071878516467,3,RF_max_depth=2_min_samples_leaf=10
IGHV1-3,0.05301449936650565,3,RF_max_depth=2_min_samples_leaf=10
CDK5R2,0.05301449936650565,3,RF_max_depth=2_min_samples_leaf=10
ANO7L1,0.05301449936650565,3,RF_max_depth=2_min_samples_leaf=10
ZNF286A,0.05301449936650565,3,RF_max_depth=2_min_samples_leaf=10
ZNF815P,0.05301449936650565,3,RF_max_depth=2_min_samples_leaf=10
ALG1L6P,0.0549149223016662,3,RF_max_depth=2_min_samples_leaf=10
MEX3A,0.0549149223016662,3,RF_max_depth=2_min_samples_leaf=10
ALOX12B,0.0549149223016662,3,RF_max_depth=2_min_samples_leaf=10
KRT27,0.0549149223016662,3,RF_max_depth=2_min_samples_leaf=10
DEFB103A,0.0549149223016662,3,RF_max_depth=2_min_samples_leaf=10
AC020978.9,0.0549149223016662,3,RF_max_depth=2_min_samples_leaf=10
KRT13,0.05591610244514105,3,RF_max_depth=2_min_samples_leaf=10
SNPH,0.05614119408474294,3,RF_max_depth=2_min_samples_leaf=10
RSPO2,0.056404983289655236,3,RF_max_depth=2_min_samples_leaf=10
ASB5,0.056421586393286836,3,RF_max_depth=2_min_samples_leaf=10
CHRNB3,0.056421586393286836,3,RF_max_depth=2_min_samples_leaf=10
AC005696.4,0.056421586393286836,3,RF_max_depth=2_min_samples_leaf=10
TACR3,0.056421586393286836,3,RF_max_depth=2_min_samples_leaf=10
FGF17,0.056421586393286836,3,RF_max_depth=2_min_samples_leaf=10
AC015802.6,0.056421586393286836,3,RF_max_depth=2_min_samples_leaf=10
POM121L6P,0.056421586393286836,3,RF_max_depth=2_min_samples_leaf=10
LINC01907,0.056421586393286836,3,RF_max_depth=2_min_samples_leaf=10
OR4K13,0.056421586393286836,3,RF_max_depth=2_min_samples_leaf=10
CHRM1,0.056421586393286836,3,RF_max_depth=2_min_samples_leaf=10
DDX11L8,0.056421586393286836,3,RF_max_depth=2_min_samples_leaf=10
DUX4L16,0.056421586393286836,3,RF_max_depth=2_min_samples_leaf=10
FAM189A2,0.056421586393286836,3,RF_max_depth=2_min_samples_leaf=10
GGT6,0.056421586393286836,3,RF_max_depth=2_min_samples_leaf=10
CSDC2,0.05642813278234746,3,RF_max_depth=2_min_samples_leaf=10
PRAMEF14,0.05642813278234746,3,RF_max_depth=2_min_samples_leaf=10
FBXO15,0.05642813278234746,3,RF_max_depth=2_min_samples_leaf=10
TMIE,0.056842758798017264,3,RF_max_depth=2_min_samples_leaf=10
TUBA3E,0.057221673697963105,3,RF_max_depth=2_min_samples_leaf=10
HTR2A,0.057622999281396886,3,RF_max_depth=2_min_samples_leaf=10
PSG9,0.057622999281396886,3,RF_max_depth=2_min_samples_leaf=10
SPATA31E1,0.057930443687294164,3,RF_max_depth=2_min_samples_leaf=10
C9orf147,0.05822257045452425,3,RF_max_depth=2_min_samples_leaf=10
CNIH3,0.058832021693182926,3,RF_max_depth=2_min_samples_leaf=10
SYT1,0.05918108799035227,3,RF_max_depth=2_min_samples_leaf=10
LRRN4,0.0594999942606913,3,RF_max_depth=2_min_samples_leaf=10
TMEM270,0.059828544569185335,3,RF_max_depth=2_min_samples_leaf=10
NR2E3,0.059828544569185335,3,RF_max_depth=2_min_samples_leaf=10
GAGE12G,0.060166312609025864,3,RF_max_depth=2_min_samples_leaf=10
SCNN1A,0.060166312609025864,3,RF_max_depth=2_min_samples_leaf=10
KIR2DS4,0.060166312609025864,3,RF_max_depth=2_min_samples_leaf=10
HAGHL,0.060166312609025864,3,RF_max_depth=2_min_samples_leaf=10
ZNF786,0.06080868411291613,3,RF_max_depth=2_min_samples_leaf=10
NAT1,0.06083217921214741,3,RF_max_depth=2_min_samples_leaf=10
FTCDNL1,0.06104807752417088,3,RF_max_depth=2_min_samples_leaf=10
ATP2C2,0.061059878595009776,3,RF_max_depth=2_min_samples_leaf=10
SLC22A14,0.06108385236631466,3,RF_max_depth=2_min_samples_leaf=10
GRIN3B,0.06119353732804948,3,RF_max_depth=2_min_samples_leaf=10
SEPT14P3,0.06135632063435592,3,RF_max_depth=2_min_samples_leaf=10
AMER3,0.06152574140639585,3,RF_max_depth=2_min_samples_leaf=10
TRIM36,0.06152574140639585,3,RF_max_depth=2_min_samples_leaf=10
MAP2K1P1,0.06152574140639585,3,RF_max_depth=2_min_samples_leaf=10
OR2A5,0.06295956017129513,3,RF_max_depth=2_min_samples_leaf=10
OTUD6A,0.06295956017129513,3,RF_max_depth=2_min_samples_leaf=10
CCDC144A,0.06295956017129513,3,RF_max_depth=2_min_samples_leaf=10
TPH2,0.063065176333581,3,RF_max_depth=2_min_samples_leaf=10
SEPT14P8,0.063065176333581,3,RF_max_depth=2_min_samples_leaf=10
WNT2B,0.06320808723504524,3,RF_max_depth=2_min_samples_leaf=10
TM4SF19,0.06368333057013997,3,RF_max_depth=2_min_samples_leaf=10
TRPV5,0.06380800412221949,3,RF_max_depth=2_min_samples_leaf=10
AP006545.1,0.06394949793791398,3,RF_max_depth=2_min_samples_leaf=10
SMIM31,0.064760644176766,3,RF_max_depth=2_min_samples_leaf=10
C5orf63,0.06598191322516932,3,RF_max_depth=2_min_samples_leaf=10
KCNJ12,0.06598191322516932,3,RF_max_depth=2_min_samples_leaf=10
SDK1,0.06598191322516932,3,RF_max_depth=2_min_samples_leaf=10
RBM20,0.06598191322516932,3,RF_max_depth=2_min_samples_leaf=10
DUX4L26,0.06598191322516932,3,RF_max_depth=2_min_samples_leaf=10
LINC00899,0.06598191322516932,3,RF_max_depth=2_min_samples_leaf=10
CELF4,0.06598191322516932,3,RF_max_depth=2_min_samples_leaf=10
C1orf94,0.06598191322516932,3,RF_max_depth=2_min_samples_leaf=10
PMCHL1,0.06598191322516932,3,RF_max_depth=2_min_samples_leaf=10
FFAR3,0.06598191322516932,3,RF_max_depth=2_min_samples_leaf=10
TMPRSS7,0.06598191322516932,3,RF_max_depth=2_min_samples_leaf=10
TRIM64C,0.06598191322516932,3,RF_max_depth=2_min_samples_leaf=10
CASP14,0.06598191322516932,3,RF_max_depth=2_min_samples_leaf=10
GOLGA6L3,0.06640070011508178,3,RF_max_depth=2_min_samples_leaf=10
AICDA,0.06640070011508178,3,RF_max_depth=2_min_samples_leaf=10
FGD1,0.06640070011508178,3,RF_max_depth=2_min_samples_leaf=10
AL133245.1,0.06640070011508178,3,RF_max_depth=2_min_samples_leaf=10
AL049812.1,0.06695534745245552,3,RF_max_depth=2_min_samples_leaf=10
AC138951.1,0.0672147033912957,3,RF_max_depth=2_min_samples_leaf=10
AL162456.1,0.06784718863306931,3,RF_max_depth=2_min_samples_leaf=10
AC092384.1,0.06845110575307461,3,RF_max_depth=2_min_samples_leaf=10
AC093826.2,0.06892084782692252,3,RF_max_depth=2_min_samples_leaf=10
EPHA8,0.06907298342284317,3,RF_max_depth=2_min_samples_leaf=10
PNLIPRP3,0.06907298342284317,3,RF_max_depth=2_min_samples_leaf=10
AL353572.2,0.06907298342284317,3,RF_max_depth=2_min_samples_leaf=10
WNT7B,0.06907298342284317,3,RF_max_depth=2_min_samples_leaf=10
ZBTB45,0.06907298342284317,3,RF_max_depth=2_min_samples_leaf=10
FAM205BP,0.06907298342284317,3,RF_max_depth=2_min_samples_leaf=10
AL008638.3,0.06907298342284317,3,RF_max_depth=2_min_samples_leaf=10
DUOXA2,0.06907298342284317,3,RF_max_depth=2_min_samples_leaf=10
FGF9,0.06907298342284317,3,RF_max_depth=2_min_samples_leaf=10
AC020917.4,0.06907298342284317,3,RF_max_depth=2_min_samples_leaf=10
KCNJ18,0.06907298342284317,3,RF_max_depth=2_min_samples_leaf=10
PSG6,0.06923462268730492,3,RF_max_depth=2_min_samples_leaf=10
C3orf30,0.06928955489577464,3,RF_max_depth=2_min_samples_leaf=10
LINC00330,0.06928955489577464,3,RF_max_depth=2_min_samples_leaf=10
AC003957.1,0.06928955489577464,3,RF_max_depth=2_min_samples_leaf=10
KCNE1B,0.06952894575052851,3,RF_max_depth=2_min_samples_leaf=10
AC025048.6,0.06952894575052851,3,RF_max_depth=2_min_samples_leaf=10
ICA1,0.06952894575052851,3,RF_max_depth=2_min_samples_leaf=10
ACSM4,0.06952894575052851,3,RF_max_depth=2_min_samples_leaf=10
USP17L22,0.06964531011761801,3,RF_max_depth=2_min_samples_leaf=10
AL161757.5,0.06965618011330972,3,RF_max_depth=2_min_samples_leaf=10
DUPD1,0.06965618011330972,3,RF_max_depth=2_min_samples_leaf=10
NMUR2,0.06965618011330972,3,RF_max_depth=2_min_samples_leaf=10
AL121906.2,0.06981993981963273,3,RF_max_depth=2_min_samples_leaf=10
PVALB,0.07016010653248997,3,RF_max_depth=2_min_samples_leaf=10
TPTE2P1,0.07090578180302683,3,RF_max_depth=2_min_samples_leaf=10
SERPINB8,0.07167442922039091,3,RF_max_depth=2_min_samples_leaf=10
KCNF1,0.0718199359991636,3,RF_max_depth=2_min_samples_leaf=10
TMPRSS11B,0.0723895194481392,3,RF_max_depth=2_min_samples_leaf=10
RAC3,0.0728118134522436,3,RF_max_depth=2_min_samples_leaf=10
FOXN1,0.0728118134522436,3,RF_max_depth=2_min_samples_leaf=10
GRIA2,0.0728118134522436,3,RF_max_depth=2_min_samples_leaf=10
LINC01299,0.0728118134522436,3,RF_max_depth=2_min_samples_leaf=10
FAM53A,0.0728118134522436,3,RF_max_depth=2_min_samples_leaf=10
AC008395.1,0.0728118134522436,3,RF_max_depth=2_min_samples_leaf=10
ERICH6,0.0728118134522436,3,RF_max_depth=2_min_samples_leaf=10
CDC42P6,0.0728118134522436,3,RF_max_depth=2_min_samples_leaf=10
STYK1,0.07311009009315364,3,RF_max_depth=2_min_samples_leaf=10
LINC00504,0.07311009009315364,3,RF_max_depth=2_min_samples_leaf=10
AC092720.1,0.07312693430239875,3,RF_max_depth=2_min_samples_leaf=10
FAM90A26,0.0736477477788858,3,RF_max_depth=2_min_samples_leaf=10
KCNA4,0.0736477477788858,3,RF_max_depth=2_min_samples_leaf=10
GAD2,0.0736477477788858,3,RF_max_depth=2_min_samples_leaf=10
SFTPB,0.0736477477788858,3,RF_max_depth=2_min_samples_leaf=10
DUX4L9,0.0736477477788858,3,RF_max_depth=2_min_samples_leaf=10
MYO1A,0.07438666514097347,3,RF_max_depth=2_min_samples_leaf=10
PPARGC1B,0.07441755893262474,3,RF_max_depth=2_min_samples_leaf=10
AC136944.2,0.07441755893262474,3,RF_max_depth=2_min_samples_leaf=10
NEUROD2,0.07464857197813378,3,RF_max_depth=2_min_samples_leaf=10
ABO,0.0749069773112455,3,RF_max_depth=2_min_samples_leaf=10
RPL23AP45,0.07514235976286973,3,RF_max_depth=2_min_samples_leaf=10
OR2L5,0.07514235976286973,3,RF_max_depth=2_min_samples_leaf=10
SETP20,0.07514235976286973,3,RF_max_depth=2_min_samples_leaf=10
MATN1,0.07564763793563618,3,RF_max_depth=2_min_samples_leaf=10
NHS,0.07585066645681807,3,RF_max_depth=2_min_samples_leaf=10
KANK4,0.07594133551828897,3,RF_max_depth=2_min_samples_leaf=10
IRX3,0.0760372990527913,3,RF_max_depth=2_min_samples_leaf=10
TARM1,0.0760372990527913,3,RF_max_depth=2_min_samples_leaf=10
AC005863.1,0.0760372990527913,3,RF_max_depth=2_min_samples_leaf=10
ROR1,0.0760372990527913,3,RF_max_depth=2_min_samples_leaf=10
CNGB1,0.0760372990527913,3,RF_max_depth=2_min_samples_leaf=10
SEC14L3,0.0760372990527913,3,RF_max_depth=2_min_samples_leaf=10
RTKN2,0.07647458420937212,3,RF_max_depth=2_min_samples_leaf=10
MGAT4C,0.07648772520712296,3,RF_max_depth=2_min_samples_leaf=10
ZBTB42,0.07648772520712296,3,RF_max_depth=2_min_samples_leaf=10
CNKSR2,0.076604505163913,3,RF_max_depth=2_min_samples_leaf=10
CLCA2,0.076604505163913,3,RF_max_depth=2_min_samples_leaf=10
FAM220A,0.07712171459582322,3,RF_max_depth=2_min_samples_leaf=10
VPS33B-DT,0.07712171459582322,3,RF_max_depth=2_min_samples_leaf=10
MUC4,0.07722155426728945,3,RF_max_depth=2_min_samples_leaf=10
FAM131C,0.0773102293681053,3,RF_max_depth=2_min_samples_leaf=10
SCN1A,0.07772217160853977,3,RF_max_depth=2_min_samples_leaf=10
FAM155B,0.07811060453740831,3,RF_max_depth=2_min_samples_leaf=10
TRIM29,0.07925670737670557,3,RF_max_depth=2_min_samples_leaf=10
GJA8,0.07925670737670557,3,RF_max_depth=2_min_samples_leaf=10
OR13C4,0.0793177196150097,3,RF_max_depth=2_min_samples_leaf=10
HRH2,0.0793177196150097,3,RF_max_depth=2_min_samples_leaf=10
PPP5D1,0.07957560878848477,3,RF_max_depth=2_min_samples_leaf=10
AC012454.1,0.0798122175929982,3,RF_max_depth=2_min_samples_leaf=10
IGLV1-41,0.0798122175929982,3,RF_max_depth=2_min_samples_leaf=10
AC087501.4,0.0798122175929982,3,RF_max_depth=2_min_samples_leaf=10
CRTAC1,0.0798122175929982,3,RF_max_depth=2_min_samples_leaf=10
RP1L1,0.0798122175929982,3,RF_max_depth=2_min_samples_leaf=10
AL031283.1,0.0798122175929982,3,RF_max_depth=2_min_samples_leaf=10
SIAH2,0.07996204774894304,3,RF_max_depth=2_min_samples_leaf=10
GABRR1,0.07996204774894304,3,RF_max_depth=2_min_samples_leaf=10
LRRN4CL,0.07996204774894304,3,RF_max_depth=2_min_samples_leaf=10
TRIO,0.07996204774894304,3,RF_max_depth=2_min_samples_leaf=10
SYT3,0.07996204774894304,3,RF_max_depth=2_min_samples_leaf=10
KRT17P5,0.07996204774894304,3,RF_max_depth=2_min_samples_leaf=10
AC058791.1,0.07996204774894304,3,RF_max_depth=2_min_samples_leaf=10
AL022068.1,0.07996204774894304,3,RF_max_depth=2_min_samples_leaf=10
FANCB,0.07996204774894304,3,RF_max_depth=2_min_samples_leaf=10
UNC79,0.07996204774894304,3,RF_max_depth=2_min_samples_leaf=10
AP004147.1,0.08041731818025824,3,RF_max_depth=2_min_samples_leaf=10
C3orf52,0.08041731818025824,3,RF_max_depth=2_min_samples_leaf=10
OBP2A,0.08043621030298036,3,RF_max_depth=2_min_samples_leaf=10
C2orf50,0.08043621030298036,3,RF_max_depth=2_min_samples_leaf=10
MAPK4,0.08043621030298036,3,RF_max_depth=2_min_samples_leaf=10
PDCL2,0.08131946737098274,3,RF_max_depth=2_min_samples_leaf=10
SULT4A1,0.08170899415582066,3,RF_max_depth=2_min_samples_leaf=10
TMEM78,0.08227348244245415,3,RF_max_depth=2_min_samples_leaf=10
BRINP2,0.08227348244245415,3,RF_max_depth=2_min_samples_leaf=10
DSCAML1,0.08227348244245415,3,RF_max_depth=2_min_samples_leaf=10
SMTNL2,0.08227348244245415,3,RF_max_depth=2_min_samples_leaf=10
SLC6A7,0.08266957056817671,3,RF_max_depth=2_min_samples_leaf=10
LINC01694,0.0827118729775521,3,RF_max_depth=2_min_samples_leaf=10
HCN4,0.08309657725691327,3,RF_max_depth=2_min_samples_leaf=10
CA9,0.0834490387661084,3,RF_max_depth=2_min_samples_leaf=10
TMPRSS4,0.0834490387661084,3,RF_max_depth=2_min_samples_leaf=10
AC020928.3,0.0834490387661084,3,RF_max_depth=2_min_samples_leaf=10
IGF2BP1,0.08351123186757416,3,RF_max_depth=2_min_samples_leaf=10
FAM90A3P,0.08413124767663013,3,RF_max_depth=2_min_samples_leaf=10
TUBA3C,0.08413124767663013,3,RF_max_depth=2_min_samples_leaf=10
CD300LF,0.08453077972666906,3,RF_max_depth=2_min_samples_leaf=10
CEACAM8,0.08472224893008884,3,RF_max_depth=2_min_samples_leaf=10
STRA6,0.08474507751554806,3,RF_max_depth=2_min_samples_leaf=10
LINC00641,0.0851165105747441,3,RF_max_depth=2_min_samples_leaf=10
TSPYL5,0.08577600815728087,3,RF_max_depth=2_min_samples_leaf=10
AC084879.1,0.08577600815728087,3,RF_max_depth=2_min_samples_leaf=10
PRAMEF1,0.08577600815728087,3,RF_max_depth=2_min_samples_leaf=10
IQANK1,0.08577600815728087,3,RF_max_depth=2_min_samples_leaf=10
KCNQ5,0.08659727090027632,3,RF_max_depth=2_min_samples_leaf=10
OR8H3,0.08659727090027632,3,RF_max_depth=2_min_samples_leaf=10
TCP11X1,0.08659727090027632,3,RF_max_depth=2_min_samples_leaf=10
ACKR1,0.08712530915313524,3,RF_max_depth=2_min_samples_leaf=10
RUFY4,0.08712530915313524,3,RF_max_depth=2_min_samples_leaf=10
PRSS41,0.08767299164494007,3,RF_max_depth=2_min_samples_leaf=10
ZAR1L,0.0877114788148592,3,RF_max_depth=2_min_samples_leaf=10
OR51L1,0.08830006933389846,3,RF_max_depth=2_min_samples_leaf=10
EBI3,0.08830006933389846,3,RF_max_depth=2_min_samples_leaf=10
AC023830.2,0.08840965953986661,3,RF_max_depth=2_min_samples_leaf=10
MYO15A,0.0884512107651039,3,RF_max_depth=2_min_samples_leaf=10
NANOGNB,0.0884512107651039,3,RF_max_depth=2_min_samples_leaf=10
DSC1,0.08858087376586468,3,RF_max_depth=2_min_samples_leaf=10
BPIFA1,0.08922795831035768,3,RF_max_depth=2_min_samples_leaf=10
LINC02216,0.08922795831035768,3,RF_max_depth=2_min_samples_leaf=10
AC006435.4,0.08922795831035768,3,RF_max_depth=2_min_samples_leaf=10
MCM10,0.08922795831035768,3,RF_max_depth=2_min_samples_leaf=10
XPO5,0.08950982274403034,3,RF_max_depth=2_min_samples_leaf=10
CPN1,0.08957381027992756,3,RF_max_depth=2_min_samples_leaf=10
USH1G,0.08959883653778297,3,RF_max_depth=2_min_samples_leaf=10
AC127164.1,0.08959883653778297,3,RF_max_depth=2_min_samples_leaf=10
PHEX,0.08959883653778297,3,RF_max_depth=2_min_samples_leaf=10
DCLRE1CP1,0.08959883653778297,3,RF_max_depth=2_min_samples_leaf=10
SLC30A3,0.08959883653778297,3,RF_max_depth=2_min_samples_leaf=10
LDB2,0.089863448149246,3,RF_max_depth=2_min_samples_leaf=10
MAFA,0.08996787039101475,3,RF_max_depth=2_min_samples_leaf=10
AL390957.1,0.09064746791327594,3,RF_max_depth=2_min_samples_leaf=10
BEGAIN,0.09075768535157906,3,RF_max_depth=2_min_samples_leaf=10
FGF5,0.09090684298838718,3,RF_max_depth=2_min_samples_leaf=10
CTF1,0.09109292601257638,3,RF_max_depth=2_min_samples_leaf=10
AL078621.1,0.09109292601257638,3,RF_max_depth=2_min_samples_leaf=10
OR10P1,0.09145888158565421,3,RF_max_depth=2_min_samples_leaf=10
UFSP1,0.09167729425706343,3,RF_max_depth=2_min_samples_leaf=10
AK8,0.09167729425706343,3,RF_max_depth=2_min_samples_leaf=10
PSRC1,0.09212118261664992,3,RF_max_depth=2_min_samples_leaf=10
KLK4,0.09212118261664992,3,RF_max_depth=2_min_samples_leaf=10
LOH12CR2,0.09212118261664992,3,RF_max_depth=2_min_samples_leaf=10
AL391244.3,0.09212118261664992,3,RF_max_depth=2_min_samples_leaf=10
RP1,0.0922682210027307,3,RF_max_depth=2_min_samples_leaf=10
HRASLS5,0.0922682210027307,3,RF_max_depth=2_min_samples_leaf=10
PLPP6,0.0922682210027307,3,RF_max_depth=2_min_samples_leaf=10
SLC4A3,0.0922970037811431,3,RF_max_depth=2_min_samples_leaf=10
PLEKHD1,0.0922970037811431,3,RF_max_depth=2_min_samples_leaf=10
GCOM1,0.0922970037811431,3,RF_max_depth=2_min_samples_leaf=10
POTEA,0.0922970037811431,3,RF_max_depth=2_min_samples_leaf=10
CDH7,0.0922970037811431,3,RF_max_depth=2_min_samples_leaf=10
ASMT,0.0922970037811431,3,RF_max_depth=2_min_samples_leaf=10
ABCC12,0.0922970037811431,3,RF_max_depth=2_min_samples_leaf=10
AC016355.1,0.0922970037811431,3,RF_max_depth=2_min_samples_leaf=10
DUX4,0.0922970037811431,3,RF_max_depth=2_min_samples_leaf=10
RN7SL121P,0.0922970037811431,3,RF_max_depth=2_min_samples_leaf=10
GAL3ST1,0.0922970037811431,3,RF_max_depth=2_min_samples_leaf=10
OLIG1,0.09268448163787231,3,RF_max_depth=2_min_samples_leaf=10
PIANP,0.09268448163787231,3,RF_max_depth=2_min_samples_leaf=10
AP000811.1,0.09268448163787231,3,RF_max_depth=2_min_samples_leaf=10
TPBG,0.09268448163787231,3,RF_max_depth=2_min_samples_leaf=10
SNTG1,0.09274362708624719,3,RF_max_depth=2_min_samples_leaf=10
NXF5,0.09274362708624719,3,RF_max_depth=2_min_samples_leaf=10
OR1E1,0.09274362708624719,3,RF_max_depth=2_min_samples_leaf=10
VHLL,0.09305725189187501,3,RF_max_depth=2_min_samples_leaf=10
OR4N5,0.09309488184819796,3,RF_max_depth=2_min_samples_leaf=10
SDAD1P1,0.09310347493737936,3,RF_max_depth=2_min_samples_leaf=10
ACTN2,0.09310347493737936,3,RF_max_depth=2_min_samples_leaf=10
RPL23AP24,0.09331400326447493,3,RF_max_depth=2_min_samples_leaf=10
TMEM105,0.09352056801920007,3,RF_max_depth=2_min_samples_leaf=10
C3orf22,0.09388340221482393,3,RF_max_depth=2_min_samples_leaf=10
ZNF182,0.09388340221482393,3,RF_max_depth=2_min_samples_leaf=10
AL033543.1,0.09388340221482393,3,RF_max_depth=2_min_samples_leaf=10
CD19,0.09388340221482393,3,RF_max_depth=2_min_samples_leaf=10
GAGE12E,0.09388340221482393,3,RF_max_depth=2_min_samples_leaf=10
PRAMEF7,0.09388340221482393,3,RF_max_depth=2_min_samples_leaf=10
NKX2-4,0.09388340221482393,3,RF_max_depth=2_min_samples_leaf=10
CHAT,0.09388340221482393,3,RF_max_depth=2_min_samples_leaf=10
ARHGAP27P2,0.09409942264803924,3,RF_max_depth=2_min_samples_leaf=10
AC144568.2,0.09422052746900308,3,RF_max_depth=2_min_samples_leaf=10
AC010834.3,0.09422052746900308,3,RF_max_depth=2_min_samples_leaf=10
LMX1A,0.09422052746900308,3,RF_max_depth=2_min_samples_leaf=10
EPHA6,0.09422052746900308,3,RF_max_depth=2_min_samples_leaf=10
AC127070.4,0.09492896181226232,3,RF_max_depth=2_min_samples_leaf=10
SGSH,0.09492896181226232,3,RF_max_depth=2_min_samples_leaf=10
AC099684.2,0.09497623502267405,3,RF_max_depth=2_min_samples_leaf=10
RAPGEF3,0.09507042454029167,3,RF_max_depth=2_min_samples_leaf=10
ANKK1,0.09507042454029167,3,RF_max_depth=2_min_samples_leaf=10
C17orf113,0.09507042454029167,3,RF_max_depth=2_min_samples_leaf=10
SATL1,0.09507042454029167,3,RF_max_depth=2_min_samples_leaf=10
KBTBD11,0.09507042454029167,3,RF_max_depth=2_min_samples_leaf=10
MED10,0.09507042454029167,3,RF_max_depth=2_min_samples_leaf=10
DCLK1,0.09507042454029167,3,RF_max_depth=2_min_samples_leaf=10
WDR86,0.09560619248881083,3,RF_max_depth=2_min_samples_leaf=10
ADAM30,0.09560619248881083,3,RF_max_depth=2_min_samples_leaf=10
AC092683.1,0.09560619248881083,3,RF_max_depth=2_min_samples_leaf=10
PROM2,0.09579808769962304,3,RF_max_depth=2_min_samples_leaf=10
C9orf50,0.09579808769962304,3,RF_max_depth=2_min_samples_leaf=10
RHEBL1,0.09579808769962304,3,RF_max_depth=2_min_samples_leaf=10
TOX4P1,0.09579808769962304,3,RF_max_depth=2_min_samples_leaf=10
C9orf43,0.09579808769962304,3,RF_max_depth=2_min_samples_leaf=10
SYTL1,0.09581548950559193,3,RF_max_depth=2_min_samples_leaf=10
MROH5,0.09581548950559193,3,RF_max_depth=2_min_samples_leaf=10
LINC02397,0.09581548950559193,3,RF_max_depth=2_min_samples_leaf=10
LHFPL5,0.09581548950559193,3,RF_max_depth=2_min_samples_leaf=10
LINC01902,0.09581548950559193,3,RF_max_depth=2_min_samples_leaf=10
TMEM235,0.09581548950559193,3,RF_max_depth=2_min_samples_leaf=10
SIX3,0.09600173293005373,3,RF_max_depth=2_min_samples_leaf=10
CRACR2B,0.096016013323301,3,RF_max_depth=2_min_samples_leaf=10
UNC5D,0.096016013323301,3,RF_max_depth=2_min_samples_leaf=10
SOX14,0.09638781975892838,3,RF_max_depth=2_min_samples_leaf=10
GRID1,0.09648278438081398,3,RF_max_depth=2_min_samples_leaf=10
LYSMD1,0.09657086335471711,3,RF_max_depth=2_min_samples_leaf=10
AQP6,0.09667251014239375,3,RF_max_depth=2_min_samples_leaf=10
HR,0.09667251014239375,3,RF_max_depth=2_min_samples_leaf=10
GPR174,0.09705245995408292,3,RF_max_depth=2_min_samples_leaf=10
OR4X1,0.09705245995408292,3,RF_max_depth=2_min_samples_leaf=10
AC159540.2,0.0970978857329201,3,RF_max_depth=2_min_samples_leaf=10
AL109976.1,0.09733547687369087,3,RF_max_depth=2_min_samples_leaf=10
TGM5,0.09772818252393742,3,RF_max_depth=2_min_samples_leaf=10
UPK1A,0.09772818252393742,3,RF_max_depth=2_min_samples_leaf=10
ASPRV1,0.09772818252393742,3,RF_max_depth=2_min_samples_leaf=10
IGHV3-73,0.09772818252393742,3,RF_max_depth=2_min_samples_leaf=10
GPR78,0.09772818252393742,3,RF_max_depth=2_min_samples_leaf=10
MS4A18,0.0978883219514199,3,RF_max_depth=2_min_samples_leaf=10
CBLN1,0.0978883219514199,3,RF_max_depth=2_min_samples_leaf=10
RCVRN,0.0978883219514199,3,RF_max_depth=2_min_samples_leaf=10
NRXN2,0.0978883219514199,3,RF_max_depth=2_min_samples_leaf=10
TEX35,0.0978883219514199,3,RF_max_depth=2_min_samples_leaf=10
PRSS55,0.0978883219514199,3,RF_max_depth=2_min_samples_leaf=10
MDGA2,0.09796467896132903,3,RF_max_depth=2_min_samples_leaf=10
INSM1,0.09796467896132903,3,RF_max_depth=2_min_samples_leaf=10
OR8B8,0.09809288456177821,3,RF_max_depth=2_min_samples_leaf=10
LRRIQ4,0.09824480078632078,3,RF_max_depth=2_min_samples_leaf=10
DUSP8,0.09848945945326582,3,RF_max_depth=2_min_samples_leaf=10
CCDC83,0.09893450294662949,3,RF_max_depth=2_min_samples_leaf=10
CDH3,0.09897276214921136,3,RF_max_depth=2_min_samples_leaf=10
AC135977.1,0.09898348692017041,3,RF_max_depth=2_min_samples_leaf=10
NETO1,0.09913562496676866,3,RF_max_depth=2_min_samples_leaf=10
LAG3,0.09917065364039233,3,RF_max_depth=2_min_samples_leaf=10
C9orf24,0.0992385759543128,3,RF_max_depth=2_min_samples_leaf=10
SKOR1,0.09932966400570929,3,RF_max_depth=2_min_samples_leaf=10
PAEP,0.0993612584244345,3,RF_max_depth=2_min_samples_leaf=10
KPRP,0.0993612584244345,3,RF_max_depth=2_min_samples_leaf=10
CHRND,0.0993612584244345,3,RF_max_depth=2_min_samples_leaf=10
AC120114.4,0.0993612584244345,3,RF_max_depth=2_min_samples_leaf=10
AGTR1,0.0993612584244345,3,RF_max_depth=2_min_samples_leaf=10
CPNE9,0.0993612584244345,3,RF_max_depth=2_min_samples_leaf=10
CD22,0.0993612584244345,3,RF_max_depth=2_min_samples_leaf=10
MRLN,0.0993612584244345,3,RF_max_depth=2_min_samples_leaf=10
ALMS1P1,0.0993612584244345,3,RF_max_depth=2_min_samples_leaf=10
PKP1,0.0993612584244345,3,RF_max_depth=2_min_samples_leaf=10
TBC1D10C,0.0993612584244345,3,RF_max_depth=2_min_samples_leaf=10
OR3A3,0.09938625606596155,3,RF_max_depth=2_min_samples_leaf=10
STPG2,0.09938625606596155,3,RF_max_depth=2_min_samples_leaf=10
PTX4,0.09943262687922846,3,RF_max_depth=2_min_samples_leaf=10
SLC39A2,0.09943262687922846,3,RF_max_depth=2_min_samples_leaf=10
SH2B2,0.09943262687922846,3,RF_max_depth=2_min_samples_leaf=10
USP17L12,0.09950412006968819,3,RF_max_depth=2_min_samples_leaf=10
GDAP1L1,0.09950412006968819,3,RF_max_depth=2_min_samples_leaf=10
DCUN1D2,0.09950412006968819,3,RF_max_depth=2_min_samples_leaf=10
TSPAN6,0.9998951898820592,1,RF_max_depth=2_min_samples_leaf=15
CYP51A1,0.9998951898820592,1,RF_max_depth=2_min_samples_leaf=15
ANKIB1,0.9998951898820592,1,RF_max_depth=2_min_samples_leaf=15
CFTR,0.9998951898820592,1,RF_max_depth=2_min_samples_leaf=15
SEMA3F,0.9998951898820592,1,RF_max_depth=2_min_samples_leaf=15
ENPP4,0.9998951898820592,1,RF_max_depth=2_min_samples_leaf=15
LAS1L,0.9998951898820592,1,RF_max_depth=2_min_samples_leaf=15
NIPAL3,0.9998951898820592,1,RF_max_depth=2_min_samples_leaf=15
STPG1,0.9998951898820592,1,RF_max_depth=2_min_samples_leaf=15
NFYA,0.9998951898820592,1,RF_max_depth=2_min_samples_leaf=15
GCLC,0.9998951898820592,1,RF_max_depth=2_min_samples_leaf=15
FUCA2,0.9998951898820592,1,RF_max_depth=2_min_samples_leaf=15
CFH,0.9998951898820592,1,RF_max_depth=2_min_samples_leaf=15
FGR,0.9998951898820592,1,RF_max_depth=2_min_samples_leaf=15
C1orf112,0.9998951898820592,1,RF_max_depth=2_min_samples_leaf=15
SCYL3,0.9998951898820592,1,RF_max_depth=2_min_samples_leaf=15
DPM1,0.9998951898820592,1,RF_max_depth=2_min_samples_leaf=15
TNMD,0.9998951898820592,1,RF_max_depth=2_min_samples_leaf=15
KRIT1,0.9998951898820592,1,RF_max_depth=2_min_samples_leaf=15
RAD52,0.9998951898820592,1,RF_max_depth=2_min_samples_leaf=15
CABP2,0.004953978164657469,2,RF_max_depth=2_min_samples_leaf=15
REXO1L3P,0.005502022433787022,2,RF_max_depth=2_min_samples_leaf=15
EFHC2,0.018117009506931382,2,RF_max_depth=2_min_samples_leaf=15
DCDC2C,0.018117009506931382,2,RF_max_depth=2_min_samples_leaf=15
AC006538.1,0.028233978739854403,2,RF_max_depth=2_min_samples_leaf=15
REC114,0.04441359359673939,2,RF_max_depth=2_min_samples_leaf=15
RNY4,0.04441359359673939,2,RF_max_depth=2_min_samples_leaf=15
RN7SL665P,0.04441359359673939,2,RF_max_depth=2_min_samples_leaf=15
SPART-AS1,0.058204451131717135,2,RF_max_depth=2_min_samples_leaf=15
CSF2,0.058204451131717135,2,RF_max_depth=2_min_samples_leaf=15
INAFM2,0.058204451131717135,2,RF_max_depth=2_min_samples_leaf=15
CU633904.1,0.0651210464977755,2,RF_max_depth=2_min_samples_leaf=15
RN7SL499P,0.06950100501599517,2,RF_max_depth=2_min_samples_leaf=15
AC112504.1,0.08037723722522737,2,RF_max_depth=2_min_samples_leaf=15
AC025198.1,0.09902553412890835,2,RF_max_depth=2_min_samples_leaf=15
CBR3-AS1,0.10791175878208961,2,RF_max_depth=2_min_samples_leaf=15
CLDN34,0.11629212255035036,2,RF_max_depth=2_min_samples_leaf=15
AC073548.1,0.11629212255035036,2,RF_max_depth=2_min_samples_leaf=15
DEFB115,0.11855022804480668,2,RF_max_depth=2_min_samples_leaf=15
GFRA3,0.12221609593539541,2,RF_max_depth=2_min_samples_leaf=15
FAXC,0.00539658557097864,3,RF_max_depth=2_min_samples_leaf=15
NBPF22P,0.00539658557097864,3,RF_max_depth=2_min_samples_leaf=15
FAM180B,0.006977115943327905,3,RF_max_depth=2_min_samples_leaf=15
ZNF114,0.008628444165318558,3,RF_max_depth=2_min_samples_leaf=15
STOML3,0.009588025657421891,3,RF_max_depth=2_min_samples_leaf=15
NTRK3,0.009588025657421891,3,RF_max_depth=2_min_samples_leaf=15
IRX5,0.009588025657421891,3,RF_max_depth=2_min_samples_leaf=15
AC116351.1,0.009588025657421891,3,RF_max_depth=2_min_samples_leaf=15
DMRTC1B,0.009588025657421891,3,RF_max_depth=2_min_samples_leaf=15
AL138889.1,0.013242753283149567,3,RF_max_depth=2_min_samples_leaf=15
COL9A2,0.013242753283149567,3,RF_max_depth=2_min_samples_leaf=15
PRKCG,0.013242753283149567,3,RF_max_depth=2_min_samples_leaf=15
DMRTC1,0.013242753283149567,3,RF_max_depth=2_min_samples_leaf=15
AL353726.2,0.014031241625901001,3,RF_max_depth=2_min_samples_leaf=15
FAM74A6,0.014031241625901001,3,RF_max_depth=2_min_samples_leaf=15
TOGARAM2,0.014031241625901001,3,RF_max_depth=2_min_samples_leaf=15
TTC39A,0.014031241625901001,3,RF_max_depth=2_min_samples_leaf=15
JPH3,0.014031241625901001,3,RF_max_depth=2_min_samples_leaf=15
OR6J1,0.014031241625901001,3,RF_max_depth=2_min_samples_leaf=15
CCDC26,0.014031241625901001,3,RF_max_depth=2_min_samples_leaf=15
MROH7,0.014031241625901001,3,RF_max_depth=2_min_samples_leaf=15
SLITRK2,0.014814121014561995,3,RF_max_depth=2_min_samples_leaf=15
PRSS40A,0.016181458476970046,3,RF_max_depth=2_min_samples_leaf=15
OR2A1-AS1,0.016622533951540976,3,RF_max_depth=2_min_samples_leaf=15
CENPI,0.016886481665560466,3,RF_max_depth=2_min_samples_leaf=15
SLC6A2,0.016886481665560466,3,RF_max_depth=2_min_samples_leaf=15
AC114324.1,0.016886481665560466,3,RF_max_depth=2_min_samples_leaf=15
SYNPO2L,0.017539660233741785,3,RF_max_depth=2_min_samples_leaf=15
DPYSL5,0.017539660233741785,3,RF_max_depth=2_min_samples_leaf=15
TNR,0.017539660233741785,3,RF_max_depth=2_min_samples_leaf=15
FBXO40,0.017539660233741785,3,RF_max_depth=2_min_samples_leaf=15
CRX,0.017539660233741785,3,RF_max_depth=2_min_samples_leaf=15
KCNIP3,0.017539660233741785,3,RF_max_depth=2_min_samples_leaf=15
HNRNPA1P51,0.017539660233741785,3,RF_max_depth=2_min_samples_leaf=15
ABHD1,0.017539660233741785,3,RF_max_depth=2_min_samples_leaf=15
OLMALINC,0.017539660233741785,3,RF_max_depth=2_min_samples_leaf=15
TEX45,0.017539660233741785,3,RF_max_depth=2_min_samples_leaf=15
EPHA10,0.017539660233741785,3,RF_max_depth=2_min_samples_leaf=15
FAM90A5P,0.017539660233741785,3,RF_max_depth=2_min_samples_leaf=15
XPOTP1,0.017820278998938118,3,RF_max_depth=2_min_samples_leaf=15
DMP1,0.017820278998938118,3,RF_max_depth=2_min_samples_leaf=15
CALB1,0.017820278998938118,3,RF_max_depth=2_min_samples_leaf=15
LINC00514,0.017820278998938118,3,RF_max_depth=2_min_samples_leaf=15
KCNH6,0.01801260044015546,3,RF_max_depth=2_min_samples_leaf=15
EREG,0.01801260044015546,3,RF_max_depth=2_min_samples_leaf=15
P2RX5-TAX1BP3,0.018045521443828354,3,RF_max_depth=2_min_samples_leaf=15
LOXHD1,0.018045521443828354,3,RF_max_depth=2_min_samples_leaf=15
TBR1,0.018377605251327082,3,RF_max_depth=2_min_samples_leaf=15
NPHS2,0.018377605251327082,3,RF_max_depth=2_min_samples_leaf=15
DBET,0.018377605251327082,3,RF_max_depth=2_min_samples_leaf=15
TMEM185B,0.018377605251327082,3,RF_max_depth=2_min_samples_leaf=15
AL021877.2,0.018377605251327082,3,RF_max_depth=2_min_samples_leaf=15
USP17L23,0.02018875081594464,3,RF_max_depth=2_min_samples_leaf=15
KCNJ3,0.020220637989254612,3,RF_max_depth=2_min_samples_leaf=15
FAM90A12P,0.020220637989254612,3,RF_max_depth=2_min_samples_leaf=15
CRB2,0.020220637989254612,3,RF_max_depth=2_min_samples_leaf=15
ABRA,0.020220637989254612,3,RF_max_depth=2_min_samples_leaf=15
SSX1,0.02129364622282527,3,RF_max_depth=2_min_samples_leaf=15
KRT16,0.02143695949022278,3,RF_max_depth=2_min_samples_leaf=15
MRGPRX3,0.02143695949022278,3,RF_max_depth=2_min_samples_leaf=15
AL117328.2,0.02143695949022278,3,RF_max_depth=2_min_samples_leaf=15
NECAB1,0.022054012254959288,3,RF_max_depth=2_min_samples_leaf=15
VAX1,0.0237874108657593,3,RF_max_depth=2_min_samples_leaf=15
SPIC,0.02424332761941429,3,RF_max_depth=2_min_samples_leaf=15
PROCA1,0.02441665838599665,3,RF_max_depth=2_min_samples_leaf=15
ACOXL,0.02657295685158734,3,RF_max_depth=2_min_samples_leaf=15
LINC01583,0.02657295685158734,3,RF_max_depth=2_min_samples_leaf=15
CSPG5,0.02657295685158734,3,RF_max_depth=2_min_samples_leaf=15
CLVS2,0.027101469995209144,3,RF_max_depth=2_min_samples_leaf=15
USP17L16P,0.02731927630195309,3,RF_max_depth=2_min_samples_leaf=15
CCDC42,0.02731927630195309,3,RF_max_depth=2_min_samples_leaf=15
TNIP3,0.02731927630195309,3,RF_max_depth=2_min_samples_leaf=15
TH,0.02731927630195309,3,RF_max_depth=2_min_samples_leaf=15
LINC01249,0.027800706849345134,3,RF_max_depth=2_min_samples_leaf=15
PFN2,0.02825034652616595,3,RF_max_depth=2_min_samples_leaf=15
MIAT,0.028346997548205573,3,RF_max_depth=2_min_samples_leaf=15
SLC24A4,0.028346997548205573,3,RF_max_depth=2_min_samples_leaf=15
TRPC6,0.029307562846594484,3,RF_max_depth=2_min_samples_leaf=15
NWD1,0.029307562846594484,3,RF_max_depth=2_min_samples_leaf=15
AMHR2,0.029783702544144964,3,RF_max_depth=2_min_samples_leaf=15
DTD1,0.029783702544144964,3,RF_max_depth=2_min_samples_leaf=15
MEGF11,0.029783702544144964,3,RF_max_depth=2_min_samples_leaf=15
KLK3,0.029783702544144964,3,RF_max_depth=2_min_samples_leaf=15
SLITRK5,0.029783702544144964,3,RF_max_depth=2_min_samples_leaf=15
DGKK,0.030162317323427647,3,RF_max_depth=2_min_samples_leaf=15
PLA2G2F,0.030622024944046224,3,RF_max_depth=2_min_samples_leaf=15
SEPT14P19,0.030622024944046224,3,RF_max_depth=2_min_samples_leaf=15
FAM174B,0.03177519788341467,3,RF_max_depth=2_min_samples_leaf=15
OR14J1,0.03294870949825732,3,RF_max_depth=2_min_samples_leaf=15
AC092068.2,0.03294870949825732,3,RF_max_depth=2_min_samples_leaf=15
KEL,0.03379866942573288,3,RF_max_depth=2_min_samples_leaf=15
PSCA,0.03379866942573288,3,RF_max_depth=2_min_samples_leaf=15
RPL34-AS1,0.034316864477139795,3,RF_max_depth=2_min_samples_leaf=15
IGHD,0.034316864477139795,3,RF_max_depth=2_min_samples_leaf=15
JAKMIP2,0.034316864477139795,3,RF_max_depth=2_min_samples_leaf=15
ZNF702P,0.034316864477139795,3,RF_max_depth=2_min_samples_leaf=15
GRM1,0.0343887040614536,3,RF_max_depth=2_min_samples_leaf=15
LRRC55,0.0343887040614536,3,RF_max_depth=2_min_samples_leaf=15
TMEM179,0.0343887040614536,3,RF_max_depth=2_min_samples_leaf=15
NPAP1,0.0343887040614536,3,RF_max_depth=2_min_samples_leaf=15
CALY,0.0343887040614536,3,RF_max_depth=2_min_samples_leaf=15
C2orf92,0.035178165454674844,3,RF_max_depth=2_min_samples_leaf=15
GABBR1,0.035178165454674844,3,RF_max_depth=2_min_samples_leaf=15
CD40LG,0.035178165454674844,3,RF_max_depth=2_min_samples_leaf=15
AC008555.2,0.035178165454674844,3,RF_max_depth=2_min_samples_leaf=15
TRAIP,0.035178165454674844,3,RF_max_depth=2_min_samples_leaf=15
BCO1,0.035178165454674844,3,RF_max_depth=2_min_samples_leaf=15
PSG3,0.035178165454674844,3,RF_max_depth=2_min_samples_leaf=15
ENOPH1,0.035178165454674844,3,RF_max_depth=2_min_samples_leaf=15
LINC02054,0.035178165454674844,3,RF_max_depth=2_min_samples_leaf=15
GAS2L1,0.035178165454674844,3,RF_max_depth=2_min_samples_leaf=15
TLX1,0.035178165454674844,3,RF_max_depth=2_min_samples_leaf=15
ADGRB1,0.035178165454674844,3,RF_max_depth=2_min_samples_leaf=15
KCTD16,0.035178165454674844,3,RF_max_depth=2_min_samples_leaf=15
PCDHA7,0.035178165454674844,3,RF_max_depth=2_min_samples_leaf=15
KLHL11,0.035178165454674844,3,RF_max_depth=2_min_samples_leaf=15
OR7E25P,0.0354416618095872,3,RF_max_depth=2_min_samples_leaf=15
AC021351.1,0.036040641588008,3,RF_max_depth=2_min_samples_leaf=15
DDX43,0.036040641588008,3,RF_max_depth=2_min_samples_leaf=15
KCNA2,0.036040641588008,3,RF_max_depth=2_min_samples_leaf=15
DDX25,0.03650543227565041,3,RF_max_depth=2_min_samples_leaf=15
DCSTAMP,0.03678789567818994,3,RF_max_depth=2_min_samples_leaf=15
KIF1A,0.03678789567818994,3,RF_max_depth=2_min_samples_leaf=15
DUX4L34,0.03685273702471296,3,RF_max_depth=2_min_samples_leaf=15
GAGE1,0.03685273702471296,3,RF_max_depth=2_min_samples_leaf=15
CHRNA2,0.03685273702471296,3,RF_max_depth=2_min_samples_leaf=15
HHATL,0.03694650135444695,3,RF_max_depth=2_min_samples_leaf=15
ZMYND10,0.038876800643459844,3,RF_max_depth=2_min_samples_leaf=15
ARHGEF26-AS1,0.038887830628702706,3,RF_max_depth=2_min_samples_leaf=15
RGMA,0.040110584994110556,3,RF_max_depth=2_min_samples_leaf=15
SLC25A33,0.04064616288677423,3,RF_max_depth=2_min_samples_leaf=15
AC012370.2,0.04064616288677423,3,RF_max_depth=2_min_samples_leaf=15
ROR2,0.04064616288677423,3,RF_max_depth=2_min_samples_leaf=15
RETREG1,0.04064616288677423,3,RF_max_depth=2_min_samples_leaf=15
NPAS1,0.04064616288677423,3,RF_max_depth=2_min_samples_leaf=15
TRIM31,0.04064616288677423,3,RF_max_depth=2_min_samples_leaf=15
RHO,0.04064616288677423,3,RF_max_depth=2_min_samples_leaf=15
LINC01106,0.04064616288677423,3,RF_max_depth=2_min_samples_leaf=15
XKR9,0.04064616288677423,3,RF_max_depth=2_min_samples_leaf=15
AC133561.1,0.04064616288677423,3,RF_max_depth=2_min_samples_leaf=15
CADPS,0.04064616288677423,3,RF_max_depth=2_min_samples_leaf=15
AC008079.2,0.04064616288677423,3,RF_max_depth=2_min_samples_leaf=15
AC004889.1,0.04064616288677423,3,RF_max_depth=2_min_samples_leaf=15
PAPOLB,0.04064616288677423,3,RF_max_depth=2_min_samples_leaf=15
ASRGL1,0.04083902330824747,3,RF_max_depth=2_min_samples_leaf=15
AC026523.2,0.04083902330824747,3,RF_max_depth=2_min_samples_leaf=15
AL031594.1,0.04083902330824747,3,RF_max_depth=2_min_samples_leaf=15
OR4K17,0.04083902330824747,3,RF_max_depth=2_min_samples_leaf=15
STAG3L5P,0.04103445322733728,3,RF_max_depth=2_min_samples_leaf=15
SPRY3,0.04103445322733728,3,RF_max_depth=2_min_samples_leaf=15
PABPN1L,0.04103445322733728,3,RF_max_depth=2_min_samples_leaf=15
KRT6A,0.04103445322733728,3,RF_max_depth=2_min_samples_leaf=15
AL160272.1,0.04103445322733728,3,RF_max_depth=2_min_samples_leaf=15
CLVS1,0.04103445322733728,3,RF_max_depth=2_min_samples_leaf=15
CACNB3,0.04103445322733728,3,RF_max_depth=2_min_samples_leaf=15
CDH10,0.04103445322733728,3,RF_max_depth=2_min_samples_leaf=15
AL358334.2,0.04103445322733728,3,RF_max_depth=2_min_samples_leaf=15
OPRD1,0.04104499386429288,3,RF_max_depth=2_min_samples_leaf=15
KRTAP5-5,0.04104499386429288,3,RF_max_depth=2_min_samples_leaf=15
ADCY1,0.04104499386429288,3,RF_max_depth=2_min_samples_leaf=15
PLEKHG4B,0.04104499386429288,3,RF_max_depth=2_min_samples_leaf=15
KBTBD12,0.04104499386429288,3,RF_max_depth=2_min_samples_leaf=15
ZNF541,0.04104499386429288,3,RF_max_depth=2_min_samples_leaf=15
KCNT1,0.04191386438934168,3,RF_max_depth=2_min_samples_leaf=15
GPR42,0.041940816796479416,3,RF_max_depth=2_min_samples_leaf=15
FP671120.1,0.04221655469720855,3,RF_max_depth=2_min_samples_leaf=15
NOTO,0.04221655469720855,3,RF_max_depth=2_min_samples_leaf=15
DUOXA1,0.042537916582875694,3,RF_max_depth=2_min_samples_leaf=15
LGALSL,0.042800932540857324,3,RF_max_depth=2_min_samples_leaf=15
ABCB10P1,0.042800932540857324,3,RF_max_depth=2_min_samples_leaf=15
RGS11,0.042800932540857324,3,RF_max_depth=2_min_samples_leaf=15
KNCN,0.04302123643116091,3,RF_max_depth=2_min_samples_leaf=15
FRG2B,0.04302123643116091,3,RF_max_depth=2_min_samples_leaf=15
AL161756.1,0.044256091323822945,3,RF_max_depth=2_min_samples_leaf=15
AL158835.2,0.044304487095292444,3,RF_max_depth=2_min_samples_leaf=15
N6AMT1,0.044304487095292444,3,RF_max_depth=2_min_samples_leaf=15
GOLGA2P11,0.044304487095292444,3,RF_max_depth=2_min_samples_leaf=15
LINC01551,0.044304487095292444,3,RF_max_depth=2_min_samples_leaf=15
TFAP2C,0.044304487095292444,3,RF_max_depth=2_min_samples_leaf=15
DUX4L18,0.044304487095292444,3,RF_max_depth=2_min_samples_leaf=15
TYRP1,0.044304487095292444,3,RF_max_depth=2_min_samples_leaf=15
TNFRSF8,0.044304487095292444,3,RF_max_depth=2_min_samples_leaf=15
AP000356.2,0.044304487095292444,3,RF_max_depth=2_min_samples_leaf=15
BTLA,0.044304487095292444,3,RF_max_depth=2_min_samples_leaf=15
HCN2,0.044304487095292444,3,RF_max_depth=2_min_samples_leaf=15
ASIC4,0.044304487095292444,3,RF_max_depth=2_min_samples_leaf=15
MMEL1,0.044304487095292444,3,RF_max_depth=2_min_samples_leaf=15
APLP1,0.04438997879529887,3,RF_max_depth=2_min_samples_leaf=15
DLX1,0.04438997879529887,3,RF_max_depth=2_min_samples_leaf=15
KLHL31,0.04483854200052717,3,RF_max_depth=2_min_samples_leaf=15
BCL7A,0.04512631081440691,3,RF_max_depth=2_min_samples_leaf=15
FIRRE,0.04531608625276706,3,RF_max_depth=2_min_samples_leaf=15
AL591845.1,0.04531608625276706,3,RF_max_depth=2_min_samples_leaf=15
FRRS1L,0.04555788298977436,3,RF_max_depth=2_min_samples_leaf=15
KIF5C,0.04555788298977436,3,RF_max_depth=2_min_samples_leaf=15
TNFRSF4,0.04555788298977436,3,RF_max_depth=2_min_samples_leaf=15
SLC7A4,0.04555788298977436,3,RF_max_depth=2_min_samples_leaf=15
IL9R,0.04555788298977436,3,RF_max_depth=2_min_samples_leaf=15
NPFFR1,0.04555788298977436,3,RF_max_depth=2_min_samples_leaf=15
TULP1,0.04555788298977436,3,RF_max_depth=2_min_samples_leaf=15
YWHAZP4,0.04616534987279668,3,RF_max_depth=2_min_samples_leaf=15
HIST1H3E,0.04706352202406224,3,RF_max_depth=2_min_samples_leaf=15
SLC6A10P,0.04727753183723076,3,RF_max_depth=2_min_samples_leaf=15
AC004706.3,0.047435005287452384,3,RF_max_depth=2_min_samples_leaf=15
FNDC7,0.047435005287452384,3,RF_max_depth=2_min_samples_leaf=15
CDCA7,0.04792183692872052,3,RF_max_depth=2_min_samples_leaf=15
FP236383.1,0.04792183692872052,3,RF_max_depth=2_min_samples_leaf=15
PCAT1,0.04792183692872052,3,RF_max_depth=2_min_samples_leaf=15
NTRK1,0.04792183692872052,3,RF_max_depth=2_min_samples_leaf=15
TTLL8,0.047928446392983146,3,RF_max_depth=2_min_samples_leaf=15
C2orf73,0.047928446392983146,3,RF_max_depth=2_min_samples_leaf=15
RHPN1,0.047928446392983146,3,RF_max_depth=2_min_samples_leaf=15
AC068389.1,0.04806717731358473,3,RF_max_depth=2_min_samples_leaf=15
TMEM26,0.04852670254165029,3,RF_max_depth=2_min_samples_leaf=15
ANKRD30BL,0.04852670254165029,3,RF_max_depth=2_min_samples_leaf=15
TDRKH-AS1,0.04852670254165029,3,RF_max_depth=2_min_samples_leaf=15
TSPEAR-AS2,0.04852670254165029,3,RF_max_depth=2_min_samples_leaf=15
C2orf83,0.048686362185902075,3,RF_max_depth=2_min_samples_leaf=15
FGF1,0.048686362185902075,3,RF_max_depth=2_min_samples_leaf=15
PRLHR,0.048686362185902075,3,RF_max_depth=2_min_samples_leaf=15
SLC22A20P,0.048686362185902075,3,RF_max_depth=2_min_samples_leaf=15
SUGT1P3,0.048686362185902075,3,RF_max_depth=2_min_samples_leaf=15
BPIFC,0.048686362185902075,3,RF_max_depth=2_min_samples_leaf=15
PLA2G4F,0.048686362185902075,3,RF_max_depth=2_min_samples_leaf=15
BTN1A1,0.048686362185902075,3,RF_max_depth=2_min_samples_leaf=15
AC022098.1,0.048686362185902075,3,RF_max_depth=2_min_samples_leaf=15
SPAG11A,0.04890820079512417,3,RF_max_depth=2_min_samples_leaf=15
POM121L7P,0.04890820079512417,3,RF_max_depth=2_min_samples_leaf=15
REEP1,0.049324189921397546,3,RF_max_depth=2_min_samples_leaf=15
OTOP1,0.04935269581381549,3,RF_max_depth=2_min_samples_leaf=15
EDAR,0.04966431087218614,3,RF_max_depth=2_min_samples_leaf=15
CCDC144NL,0.05039208949962252,3,RF_max_depth=2_min_samples_leaf=15
FAM90A6P,0.05048060396904864,3,RF_max_depth=2_min_samples_leaf=15
FOXD4L6,0.050762830431735025,3,RF_max_depth=2_min_samples_leaf=15
HTRA1,0.050762830431735025,3,RF_max_depth=2_min_samples_leaf=15
ESRRB,0.05204560452139759,3,RF_max_depth=2_min_samples_leaf=15
ADAM7,0.052111997989076925,3,RF_max_depth=2_min_samples_leaf=15
SNX19P3,0.052111997989076925,3,RF_max_depth=2_min_samples_leaf=15
SPAG11B,0.05251071878516467,3,RF_max_depth=2_min_samples_leaf=15
NKX6-1,0.05251071878516467,3,RF_max_depth=2_min_samples_leaf=15
IGHV1-3,0.05301449936650565,3,RF_max_depth=2_min_samples_leaf=15
CDK5R2,0.05301449936650565,3,RF_max_depth=2_min_samples_leaf=15
ANO7L1,0.05301449936650565,3,RF_max_depth=2_min_samples_leaf=15
ZNF286A,0.05301449936650565,3,RF_max_depth=2_min_samples_leaf=15
ZNF815P,0.05301449936650565,3,RF_max_depth=2_min_samples_leaf=15
ALG1L6P,0.0549149223016662,3,RF_max_depth=2_min_samples_leaf=15
MEX3A,0.0549149223016662,3,RF_max_depth=2_min_samples_leaf=15
ALOX12B,0.0549149223016662,3,RF_max_depth=2_min_samples_leaf=15
KRT27,0.0549149223016662,3,RF_max_depth=2_min_samples_leaf=15
DEFB103A,0.0549149223016662,3,RF_max_depth=2_min_samples_leaf=15
AC020978.9,0.0549149223016662,3,RF_max_depth=2_min_samples_leaf=15
KRT13,0.05591610244514105,3,RF_max_depth=2_min_samples_leaf=15
SNPH,0.05614119408474294,3,RF_max_depth=2_min_samples_leaf=15
RSPO2,0.056404983289655236,3,RF_max_depth=2_min_samples_leaf=15
ASB5,0.056421586393286836,3,RF_max_depth=2_min_samples_leaf=15
CHRNB3,0.056421586393286836,3,RF_max_depth=2_min_samples_leaf=15
AC005696.4,0.056421586393286836,3,RF_max_depth=2_min_samples_leaf=15
TACR3,0.056421586393286836,3,RF_max_depth=2_min_samples_leaf=15
FGF17,0.056421586393286836,3,RF_max_depth=2_min_samples_leaf=15
AC015802.6,0.056421586393286836,3,RF_max_depth=2_min_samples_leaf=15
POM121L6P,0.056421586393286836,3,RF_max_depth=2_min_samples_leaf=15
LINC01907,0.056421586393286836,3,RF_max_depth=2_min_samples_leaf=15
OR4K13,0.056421586393286836,3,RF_max_depth=2_min_samples_leaf=15
CHRM1,0.056421586393286836,3,RF_max_depth=2_min_samples_leaf=15
DDX11L8,0.056421586393286836,3,RF_max_depth=2_min_samples_leaf=15
DUX4L16,0.056421586393286836,3,RF_max_depth=2_min_samples_leaf=15
FAM189A2,0.056421586393286836,3,RF_max_depth=2_min_samples_leaf=15
GGT6,0.056421586393286836,3,RF_max_depth=2_min_samples_leaf=15
CSDC2,0.05642813278234746,3,RF_max_depth=2_min_samples_leaf=15
PRAMEF14,0.05642813278234746,3,RF_max_depth=2_min_samples_leaf=15
FBXO15,0.05642813278234746,3,RF_max_depth=2_min_samples_leaf=15
TMIE,0.056842758798017264,3,RF_max_depth=2_min_samples_leaf=15
TUBA3E,0.057221673697963105,3,RF_max_depth=2_min_samples_leaf=15
HTR2A,0.057622999281396886,3,RF_max_depth=2_min_samples_leaf=15
PSG9,0.057622999281396886,3,RF_max_depth=2_min_samples_leaf=15
SPATA31E1,0.057930443687294164,3,RF_max_depth=2_min_samples_leaf=15
C9orf147,0.05822257045452425,3,RF_max_depth=2_min_samples_leaf=15
CNIH3,0.058832021693182926,3,RF_max_depth=2_min_samples_leaf=15
SYT1,0.05918108799035227,3,RF_max_depth=2_min_samples_leaf=15
LRRN4,0.0594999942606913,3,RF_max_depth=2_min_samples_leaf=15
TMEM270,0.059828544569185335,3,RF_max_depth=2_min_samples_leaf=15
NR2E3,0.059828544569185335,3,RF_max_depth=2_min_samples_leaf=15
GAGE12G,0.060166312609025864,3,RF_max_depth=2_min_samples_leaf=15
SCNN1A,0.060166312609025864,3,RF_max_depth=2_min_samples_leaf=15
KIR2DS4,0.060166312609025864,3,RF_max_depth=2_min_samples_leaf=15
HAGHL,0.060166312609025864,3,RF_max_depth=2_min_samples_leaf=15
ZNF786,0.06080868411291613,3,RF_max_depth=2_min_samples_leaf=15
NAT1,0.06083217921214741,3,RF_max_depth=2_min_samples_leaf=15
FTCDNL1,0.06104807752417088,3,RF_max_depth=2_min_samples_leaf=15
ATP2C2,0.061059878595009776,3,RF_max_depth=2_min_samples_leaf=15
SLC22A14,0.06108385236631466,3,RF_max_depth=2_min_samples_leaf=15
GRIN3B,0.06119353732804948,3,RF_max_depth=2_min_samples_leaf=15
SEPT14P3,0.06135632063435592,3,RF_max_depth=2_min_samples_leaf=15
AMER3,0.06152574140639585,3,RF_max_depth=2_min_samples_leaf=15
TRIM36,0.06152574140639585,3,RF_max_depth=2_min_samples_leaf=15
MAP2K1P1,0.06152574140639585,3,RF_max_depth=2_min_samples_leaf=15
OR2A5,0.06295956017129513,3,RF_max_depth=2_min_samples_leaf=15
OTUD6A,0.06295956017129513,3,RF_max_depth=2_min_samples_leaf=15
CCDC144A,0.06295956017129513,3,RF_max_depth=2_min_samples_leaf=15
TPH2,0.063065176333581,3,RF_max_depth=2_min_samples_leaf=15
SEPT14P8,0.063065176333581,3,RF_max_depth=2_min_samples_leaf=15
WNT2B,0.06320808723504524,3,RF_max_depth=2_min_samples_leaf=15
TM4SF19,0.06368333057013997,3,RF_max_depth=2_min_samples_leaf=15
TRPV5,0.06380800412221949,3,RF_max_depth=2_min_samples_leaf=15
AP006545.1,0.06394949793791398,3,RF_max_depth=2_min_samples_leaf=15
SMIM31,0.064760644176766,3,RF_max_depth=2_min_samples_leaf=15
C5orf63,0.06598191322516932,3,RF_max_depth=2_min_samples_leaf=15
KCNJ12,0.06598191322516932,3,RF_max_depth=2_min_samples_leaf=15
SDK1,0.06598191322516932,3,RF_max_depth=2_min_samples_leaf=15
RBM20,0.06598191322516932,3,RF_max_depth=2_min_samples_leaf=15
DUX4L26,0.06598191322516932,3,RF_max_depth=2_min_samples_leaf=15
LINC00899,0.06598191322516932,3,RF_max_depth=2_min_samples_leaf=15
CELF4,0.06598191322516932,3,RF_max_depth=2_min_samples_leaf=15
C1orf94,0.06598191322516932,3,RF_max_depth=2_min_samples_leaf=15
PMCHL1,0.06598191322516932,3,RF_max_depth=2_min_samples_leaf=15
FFAR3,0.06598191322516932,3,RF_max_depth=2_min_samples_leaf=15
TMPRSS7,0.06598191322516932,3,RF_max_depth=2_min_samples_leaf=15
TRIM64C,0.06598191322516932,3,RF_max_depth=2_min_samples_leaf=15
CASP14,0.06598191322516932,3,RF_max_depth=2_min_samples_leaf=15
GOLGA6L3,0.06640070011508178,3,RF_max_depth=2_min_samples_leaf=15
AICDA,0.06640070011508178,3,RF_max_depth=2_min_samples_leaf=15
FGD1,0.06640070011508178,3,RF_max_depth=2_min_samples_leaf=15
AL133245.1,0.06640070011508178,3,RF_max_depth=2_min_samples_leaf=15
AL049812.1,0.06695534745245552,3,RF_max_depth=2_min_samples_leaf=15
AC138951.1,0.0672147033912957,3,RF_max_depth=2_min_samples_leaf=15
AL162456.1,0.06784718863306931,3,RF_max_depth=2_min_samples_leaf=15
AC092384.1,0.06845110575307461,3,RF_max_depth=2_min_samples_leaf=15
AC093826.2,0.06892084782692252,3,RF_max_depth=2_min_samples_leaf=15
EPHA8,0.06907298342284317,3,RF_max_depth=2_min_samples_leaf=15
PNLIPRP3,0.06907298342284317,3,RF_max_depth=2_min_samples_leaf=15
AL353572.2,0.06907298342284317,3,RF_max_depth=2_min_samples_leaf=15
WNT7B,0.06907298342284317,3,RF_max_depth=2_min_samples_leaf=15
ZBTB45,0.06907298342284317,3,RF_max_depth=2_min_samples_leaf=15
FAM205BP,0.06907298342284317,3,RF_max_depth=2_min_samples_leaf=15
AL008638.3,0.06907298342284317,3,RF_max_depth=2_min_samples_leaf=15
DUOXA2,0.06907298342284317,3,RF_max_depth=2_min_samples_leaf=15
FGF9,0.06907298342284317,3,RF_max_depth=2_min_samples_leaf=15
AC020917.4,0.06907298342284317,3,RF_max_depth=2_min_samples_leaf=15
KCNJ18,0.06907298342284317,3,RF_max_depth=2_min_samples_leaf=15
PSG6,0.06923462268730492,3,RF_max_depth=2_min_samples_leaf=15
C3orf30,0.06928955489577464,3,RF_max_depth=2_min_samples_leaf=15
LINC00330,0.06928955489577464,3,RF_max_depth=2_min_samples_leaf=15
AC003957.1,0.06928955489577464,3,RF_max_depth=2_min_samples_leaf=15
KCNE1B,0.06952894575052851,3,RF_max_depth=2_min_samples_leaf=15
AC025048.6,0.06952894575052851,3,RF_max_depth=2_min_samples_leaf=15
ICA1,0.06952894575052851,3,RF_max_depth=2_min_samples_leaf=15
ACSM4,0.06952894575052851,3,RF_max_depth=2_min_samples_leaf=15
USP17L22,0.06964531011761801,3,RF_max_depth=2_min_samples_leaf=15
AL161757.5,0.06965618011330972,3,RF_max_depth=2_min_samples_leaf=15
DUPD1,0.06965618011330972,3,RF_max_depth=2_min_samples_leaf=15
NMUR2,0.06965618011330972,3,RF_max_depth=2_min_samples_leaf=15
AL121906.2,0.06981993981963273,3,RF_max_depth=2_min_samples_leaf=15
PVALB,0.07016010653248997,3,RF_max_depth=2_min_samples_leaf=15
TPTE2P1,0.07090578180302683,3,RF_max_depth=2_min_samples_leaf=15
SERPINB8,0.07167442922039091,3,RF_max_depth=2_min_samples_leaf=15
KCNF1,0.0718199359991636,3,RF_max_depth=2_min_samples_leaf=15
TMPRSS11B,0.0723895194481392,3,RF_max_depth=2_min_samples_leaf=15
RAC3,0.0728118134522436,3,RF_max_depth=2_min_samples_leaf=15
FOXN1,0.0728118134522436,3,RF_max_depth=2_min_samples_leaf=15
GRIA2,0.0728118134522436,3,RF_max_depth=2_min_samples_leaf=15
LINC01299,0.0728118134522436,3,RF_max_depth=2_min_samples_leaf=15
FAM53A,0.0728118134522436,3,RF_max_depth=2_min_samples_leaf=15
AC008395.1,0.0728118134522436,3,RF_max_depth=2_min_samples_leaf=15
ERICH6,0.0728118134522436,3,RF_max_depth=2_min_samples_leaf=15
CDC42P6,0.0728118134522436,3,RF_max_depth=2_min_samples_leaf=15
STYK1,0.07311009009315364,3,RF_max_depth=2_min_samples_leaf=15
LINC00504,0.07311009009315364,3,RF_max_depth=2_min_samples_leaf=15
AC092720.1,0.07312693430239875,3,RF_max_depth=2_min_samples_leaf=15
FAM90A26,0.0736477477788858,3,RF_max_depth=2_min_samples_leaf=15
KCNA4,0.0736477477788858,3,RF_max_depth=2_min_samples_leaf=15
GAD2,0.0736477477788858,3,RF_max_depth=2_min_samples_leaf=15
SFTPB,0.0736477477788858,3,RF_max_depth=2_min_samples_leaf=15
DUX4L9,0.0736477477788858,3,RF_max_depth=2_min_samples_leaf=15
MYO1A,0.07438666514097347,3,RF_max_depth=2_min_samples_leaf=15
PPARGC1B,0.07441755893262474,3,RF_max_depth=2_min_samples_leaf=15
AC136944.2,0.07441755893262474,3,RF_max_depth=2_min_samples_leaf=15
NEUROD2,0.07464857197813378,3,RF_max_depth=2_min_samples_leaf=15
ABO,0.0749069773112455,3,RF_max_depth=2_min_samples_leaf=15
RPL23AP45,0.07514235976286973,3,RF_max_depth=2_min_samples_leaf=15
OR2L5,0.07514235976286973,3,RF_max_depth=2_min_samples_leaf=15
SETP20,0.07514235976286973,3,RF_max_depth=2_min_samples_leaf=15
MATN1,0.07564763793563618,3,RF_max_depth=2_min_samples_leaf=15
NHS,0.07585066645681807,3,RF_max_depth=2_min_samples_leaf=15
KANK4,0.07594133551828897,3,RF_max_depth=2_min_samples_leaf=15
IRX3,0.0760372990527913,3,RF_max_depth=2_min_samples_leaf=15
TARM1,0.0760372990527913,3,RF_max_depth=2_min_samples_leaf=15
AC005863.1,0.0760372990527913,3,RF_max_depth=2_min_samples_leaf=15
ROR1,0.0760372990527913,3,RF_max_depth=2_min_samples_leaf=15
CNGB1,0.0760372990527913,3,RF_max_depth=2_min_samples_leaf=15
SEC14L3,0.0760372990527913,3,RF_max_depth=2_min_samples_leaf=15
RTKN2,0.07647458420937212,3,RF_max_depth=2_min_samples_leaf=15
MGAT4C,0.07648772520712296,3,RF_max_depth=2_min_samples_leaf=15
ZBTB42,0.07648772520712296,3,RF_max_depth=2_min_samples_leaf=15
CNKSR2,0.076604505163913,3,RF_max_depth=2_min_samples_leaf=15
CLCA2,0.076604505163913,3,RF_max_depth=2_min_samples_leaf=15
FAM220A,0.07712171459582322,3,RF_max_depth=2_min_samples_leaf=15
VPS33B-DT,0.07712171459582322,3,RF_max_depth=2_min_samples_leaf=15
MUC4,0.07722155426728945,3,RF_max_depth=2_min_samples_leaf=15
FAM131C,0.0773102293681053,3,RF_max_depth=2_min_samples_leaf=15
SCN1A,0.07772217160853977,3,RF_max_depth=2_min_samples_leaf=15
FAM155B,0.07811060453740831,3,RF_max_depth=2_min_samples_leaf=15
TRIM29,0.07925670737670557,3,RF_max_depth=2_min_samples_leaf=15
GJA8,0.07925670737670557,3,RF_max_depth=2_min_samples_leaf=15
OR13C4,0.0793177196150097,3,RF_max_depth=2_min_samples_leaf=15
HRH2,0.0793177196150097,3,RF_max_depth=2_min_samples_leaf=15
PPP5D1,0.07957560878848477,3,RF_max_depth=2_min_samples_leaf=15
AC012454.1,0.0798122175929982,3,RF_max_depth=2_min_samples_leaf=15
IGLV1-41,0.0798122175929982,3,RF_max_depth=2_min_samples_leaf=15
AC087501.4,0.0798122175929982,3,RF_max_depth=2_min_samples_leaf=15
CRTAC1,0.0798122175929982,3,RF_max_depth=2_min_samples_leaf=15
RP1L1,0.0798122175929982,3,RF_max_depth=2_min_samples_leaf=15
AL031283.1,0.0798122175929982,3,RF_max_depth=2_min_samples_leaf=15
SIAH2,0.07996204774894304,3,RF_max_depth=2_min_samples_leaf=15
GABRR1,0.07996204774894304,3,RF_max_depth=2_min_samples_leaf=15
LRRN4CL,0.07996204774894304,3,RF_max_depth=2_min_samples_leaf=15
TRIO,0.07996204774894304,3,RF_max_depth=2_min_samples_leaf=15
SYT3,0.07996204774894304,3,RF_max_depth=2_min_samples_leaf=15
KRT17P5,0.07996204774894304,3,RF_max_depth=2_min_samples_leaf=15
AC058791.1,0.07996204774894304,3,RF_max_depth=2_min_samples_leaf=15
AL022068.1,0.07996204774894304,3,RF_max_depth=2_min_samples_leaf=15
FANCB,0.07996204774894304,3,RF_max_depth=2_min_samples_leaf=15
UNC79,0.07996204774894304,3,RF_max_depth=2_min_samples_leaf=15
AP004147.1,0.08041731818025824,3,RF_max_depth=2_min_samples_leaf=15
C3orf52,0.08041731818025824,3,RF_max_depth=2_min_samples_leaf=15
OBP2A,0.08043621030298036,3,RF_max_depth=2_min_samples_leaf=15
C2orf50,0.08043621030298036,3,RF_max_depth=2_min_samples_leaf=15
MAPK4,0.08043621030298036,3,RF_max_depth=2_min_samples_leaf=15
PDCL2,0.08131946737098274,3,RF_max_depth=2_min_samples_leaf=15
SULT4A1,0.08170899415582066,3,RF_max_depth=2_min_samples_leaf=15
TMEM78,0.08227348244245415,3,RF_max_depth=2_min_samples_leaf=15
BRINP2,0.08227348244245415,3,RF_max_depth=2_min_samples_leaf=15
DSCAML1,0.08227348244245415,3,RF_max_depth=2_min_samples_leaf=15
SMTNL2,0.08227348244245415,3,RF_max_depth=2_min_samples_leaf=15
SLC6A7,0.08266957056817671,3,RF_max_depth=2_min_samples_leaf=15
LINC01694,0.0827118729775521,3,RF_max_depth=2_min_samples_leaf=15
HCN4,0.08309657725691327,3,RF_max_depth=2_min_samples_leaf=15
CA9,0.0834490387661084,3,RF_max_depth=2_min_samples_leaf=15
TMPRSS4,0.0834490387661084,3,RF_max_depth=2_min_samples_leaf=15
AC020928.3,0.0834490387661084,3,RF_max_depth=2_min_samples_leaf=15
IGF2BP1,0.08351123186757416,3,RF_max_depth=2_min_samples_leaf=15
FAM90A3P,0.08413124767663013,3,RF_max_depth=2_min_samples_leaf=15
TUBA3C,0.08413124767663013,3,RF_max_depth=2_min_samples_leaf=15
CD300LF,0.08453077972666906,3,RF_max_depth=2_min_samples_leaf=15
CEACAM8,0.08472224893008884,3,RF_max_depth=2_min_samples_leaf=15
STRA6,0.08474507751554806,3,RF_max_depth=2_min_samples_leaf=15
LINC00641,0.0851165105747441,3,RF_max_depth=2_min_samples_leaf=15
TSPYL5,0.08577600815728087,3,RF_max_depth=2_min_samples_leaf=15
AC084879.1,0.08577600815728087,3,RF_max_depth=2_min_samples_leaf=15
PRAMEF1,0.08577600815728087,3,RF_max_depth=2_min_samples_leaf=15
IQANK1,0.08577600815728087,3,RF_max_depth=2_min_samples_leaf=15
KCNQ5,0.08659727090027632,3,RF_max_depth=2_min_samples_leaf=15
OR8H3,0.08659727090027632,3,RF_max_depth=2_min_samples_leaf=15
TCP11X1,0.08659727090027632,3,RF_max_depth=2_min_samples_leaf=15
ACKR1,0.08712530915313524,3,RF_max_depth=2_min_samples_leaf=15
RUFY4,0.08712530915313524,3,RF_max_depth=2_min_samples_leaf=15
PRSS41,0.08767299164494007,3,RF_max_depth=2_min_samples_leaf=15
ZAR1L,0.0877114788148592,3,RF_max_depth=2_min_samples_leaf=15
OR51L1,0.08830006933389846,3,RF_max_depth=2_min_samples_leaf=15
EBI3,0.08830006933389846,3,RF_max_depth=2_min_samples_leaf=15
AC023830.2,0.08840965953986661,3,RF_max_depth=2_min_samples_leaf=15
MYO15A,0.0884512107651039,3,RF_max_depth=2_min_samples_leaf=15
NANOGNB,0.0884512107651039,3,RF_max_depth=2_min_samples_leaf=15
DSC1,0.08858087376586468,3,RF_max_depth=2_min_samples_leaf=15
BPIFA1,0.08922795831035768,3,RF_max_depth=2_min_samples_leaf=15
LINC02216,0.08922795831035768,3,RF_max_depth=2_min_samples_leaf=15
AC006435.4,0.08922795831035768,3,RF_max_depth=2_min_samples_leaf=15
MCM10,0.08922795831035768,3,RF_max_depth=2_min_samples_leaf=15
XPO5,0.08950982274403034,3,RF_max_depth=2_min_samples_leaf=15
CPN1,0.08957381027992756,3,RF_max_depth=2_min_samples_leaf=15
USH1G,0.08959883653778297,3,RF_max_depth=2_min_samples_leaf=15
AC127164.1,0.08959883653778297,3,RF_max_depth=2_min_samples_leaf=15
PHEX,0.08959883653778297,3,RF_max_depth=2_min_samples_leaf=15
DCLRE1CP1,0.08959883653778297,3,RF_max_depth=2_min_samples_leaf=15
SLC30A3,0.08959883653778297,3,RF_max_depth=2_min_samples_leaf=15
LDB2,0.089863448149246,3,RF_max_depth=2_min_samples_leaf=15
MAFA,0.08996787039101475,3,RF_max_depth=2_min_samples_leaf=15
AL390957.1,0.09064746791327594,3,RF_max_depth=2_min_samples_leaf=15
BEGAIN,0.09075768535157906,3,RF_max_depth=2_min_samples_leaf=15
FGF5,0.09090684298838718,3,RF_max_depth=2_min_samples_leaf=15
CTF1,0.09109292601257638,3,RF_max_depth=2_min_samples_leaf=15
AL078621.1,0.09109292601257638,3,RF_max_depth=2_min_samples_leaf=15
OR10P1,0.09145888158565421,3,RF_max_depth=2_min_samples_leaf=15
UFSP1,0.09167729425706343,3,RF_max_depth=2_min_samples_leaf=15
AK8,0.09167729425706343,3,RF_max_depth=2_min_samples_leaf=15
PSRC1,0.09212118261664992,3,RF_max_depth=2_min_samples_leaf=15
KLK4,0.09212118261664992,3,RF_max_depth=2_min_samples_leaf=15
LOH12CR2,0.09212118261664992,3,RF_max_depth=2_min_samples_leaf=15
AL391244.3,0.09212118261664992,3,RF_max_depth=2_min_samples_leaf=15
RP1,0.0922682210027307,3,RF_max_depth=2_min_samples_leaf=15
HRASLS5,0.0922682210027307,3,RF_max_depth=2_min_samples_leaf=15
PLPP6,0.0922682210027307,3,RF_max_depth=2_min_samples_leaf=15
SLC4A3,0.0922970037811431,3,RF_max_depth=2_min_samples_leaf=15
PLEKHD1,0.0922970037811431,3,RF_max_depth=2_min_samples_leaf=15
GCOM1,0.0922970037811431,3,RF_max_depth=2_min_samples_leaf=15
POTEA,0.0922970037811431,3,RF_max_depth=2_min_samples_leaf=15
CDH7,0.0922970037811431,3,RF_max_depth=2_min_samples_leaf=15
ASMT,0.0922970037811431,3,RF_max_depth=2_min_samples_leaf=15
ABCC12,0.0922970037811431,3,RF_max_depth=2_min_samples_leaf=15
AC016355.1,0.0922970037811431,3,RF_max_depth=2_min_samples_leaf=15
DUX4,0.0922970037811431,3,RF_max_depth=2_min_samples_leaf=15
RN7SL121P,0.0922970037811431,3,RF_max_depth=2_min_samples_leaf=15
GAL3ST1,0.0922970037811431,3,RF_max_depth=2_min_samples_leaf=15
OLIG1,0.09268448163787231,3,RF_max_depth=2_min_samples_leaf=15
PIANP,0.09268448163787231,3,RF_max_depth=2_min_samples_leaf=15
AP000811.1,0.09268448163787231,3,RF_max_depth=2_min_samples_leaf=15
TPBG,0.09268448163787231,3,RF_max_depth=2_min_samples_leaf=15
SNTG1,0.09274362708624719,3,RF_max_depth=2_min_samples_leaf=15
NXF5,0.09274362708624719,3,RF_max_depth=2_min_samples_leaf=15
OR1E1,0.09274362708624719,3,RF_max_depth=2_min_samples_leaf=15
VHLL,0.09305725189187501,3,RF_max_depth=2_min_samples_leaf=15
OR4N5,0.09309488184819796,3,RF_max_depth=2_min_samples_leaf=15
SDAD1P1,0.09310347493737936,3,RF_max_depth=2_min_samples_leaf=15
ACTN2,0.09310347493737936,3,RF_max_depth=2_min_samples_leaf=15
RPL23AP24,0.09331400326447493,3,RF_max_depth=2_min_samples_leaf=15
TMEM105,0.09352056801920007,3,RF_max_depth=2_min_samples_leaf=15
C3orf22,0.09388340221482393,3,RF_max_depth=2_min_samples_leaf=15
ZNF182,0.09388340221482393,3,RF_max_depth=2_min_samples_leaf=15
AL033543.1,0.09388340221482393,3,RF_max_depth=2_min_samples_leaf=15
CD19,0.09388340221482393,3,RF_max_depth=2_min_samples_leaf=15
GAGE12E,0.09388340221482393,3,RF_max_depth=2_min_samples_leaf=15
PRAMEF7,0.09388340221482393,3,RF_max_depth=2_min_samples_leaf=15
NKX2-4,0.09388340221482393,3,RF_max_depth=2_min_samples_leaf=15
CHAT,0.09388340221482393,3,RF_max_depth=2_min_samples_leaf=15
ARHGAP27P2,0.09409942264803924,3,RF_max_depth=2_min_samples_leaf=15
AC144568.2,0.09422052746900308,3,RF_max_depth=2_min_samples_leaf=15
AC010834.3,0.09422052746900308,3,RF_max_depth=2_min_samples_leaf=15
LMX1A,0.09422052746900308,3,RF_max_depth=2_min_samples_leaf=15
EPHA6,0.09422052746900308,3,RF_max_depth=2_min_samples_leaf=15
AC127070.4,0.09492896181226232,3,RF_max_depth=2_min_samples_leaf=15
SGSH,0.09492896181226232,3,RF_max_depth=2_min_samples_leaf=15
AC099684.2,0.09497623502267405,3,RF_max_depth=2_min_samples_leaf=15
RAPGEF3,0.09507042454029167,3,RF_max_depth=2_min_samples_leaf=15
ANKK1,0.09507042454029167,3,RF_max_depth=2_min_samples_leaf=15
C17orf113,0.09507042454029167,3,RF_max_depth=2_min_samples_leaf=15
SATL1,0.09507042454029167,3,RF_max_depth=2_min_samples_leaf=15
KBTBD11,0.09507042454029167,3,RF_max_depth=2_min_samples_leaf=15
MED10,0.09507042454029167,3,RF_max_depth=2_min_samples_leaf=15
DCLK1,0.09507042454029167,3,RF_max_depth=2_min_samples_leaf=15
WDR86,0.09560619248881083,3,RF_max_depth=2_min_samples_leaf=15
ADAM30,0.09560619248881083,3,RF_max_depth=2_min_samples_leaf=15
AC092683.1,0.09560619248881083,3,RF_max_depth=2_min_samples_leaf=15
PROM2,0.09579808769962304,3,RF_max_depth=2_min_samples_leaf=15
C9orf50,0.09579808769962304,3,RF_max_depth=2_min_samples_leaf=15
RHEBL1,0.09579808769962304,3,RF_max_depth=2_min_samples_leaf=15
TOX4P1,0.09579808769962304,3,RF_max_depth=2_min_samples_leaf=15
C9orf43,0.09579808769962304,3,RF_max_depth=2_min_samples_leaf=15
SYTL1,0.09581548950559193,3,RF_max_depth=2_min_samples_leaf=15
MROH5,0.09581548950559193,3,RF_max_depth=2_min_samples_leaf=15
LINC02397,0.09581548950559193,3,RF_max_depth=2_min_samples_leaf=15
LHFPL5,0.09581548950559193,3,RF_max_depth=2_min_samples_leaf=15
LINC01902,0.09581548950559193,3,RF_max_depth=2_min_samples_leaf=15
TMEM235,0.09581548950559193,3,RF_max_depth=2_min_samples_leaf=15
SIX3,0.09600173293005373,3,RF_max_depth=2_min_samples_leaf=15
CRACR2B,0.096016013323301,3,RF_max_depth=2_min_samples_leaf=15
UNC5D,0.096016013323301,3,RF_max_depth=2_min_samples_leaf=15
SOX14,0.09638781975892838,3,RF_max_depth=2_min_samples_leaf=15
GRID1,0.09648278438081398,3,RF_max_depth=2_min_samples_leaf=15
LYSMD1,0.09657086335471711,3,RF_max_depth=2_min_samples_leaf=15
AQP6,0.09667251014239375,3,RF_max_depth=2_min_samples_leaf=15
HR,0.09667251014239375,3,RF_max_depth=2_min_samples_leaf=15
GPR174,0.09705245995408292,3,RF_max_depth=2_min_samples_leaf=15
OR4X1,0.09705245995408292,3,RF_max_depth=2_min_samples_leaf=15
AC159540.2,0.0970978857329201,3,RF_max_depth=2_min_samples_leaf=15
AL109976.1,0.09733547687369087,3,RF_max_depth=2_min_samples_leaf=15
TGM5,0.09772818252393742,3,RF_max_depth=2_min_samples_leaf=15
UPK1A,0.09772818252393742,3,RF_max_depth=2_min_samples_leaf=15
ASPRV1,0.09772818252393742,3,RF_max_depth=2_min_samples_leaf=15
IGHV3-73,0.09772818252393742,3,RF_max_depth=2_min_samples_leaf=15
GPR78,0.09772818252393742,3,RF_max_depth=2_min_samples_leaf=15
MS4A18,0.0978883219514199,3,RF_max_depth=2_min_samples_leaf=15
CBLN1,0.0978883219514199,3,RF_max_depth=2_min_samples_leaf=15
RCVRN,0.0978883219514199,3,RF_max_depth=2_min_samples_leaf=15
NRXN2,0.0978883219514199,3,RF_max_depth=2_min_samples_leaf=15
TEX35,0.0978883219514199,3,RF_max_depth=2_min_samples_leaf=15
PRSS55,0.0978883219514199,3,RF_max_depth=2_min_samples_leaf=15
MDGA2,0.09796467896132903,3,RF_max_depth=2_min_samples_leaf=15
INSM1,0.09796467896132903,3,RF_max_depth=2_min_samples_leaf=15
OR8B8,0.09809288456177821,3,RF_max_depth=2_min_samples_leaf=15
LRRIQ4,0.09824480078632078,3,RF_max_depth=2_min_samples_leaf=15
DUSP8,0.09848945945326582,3,RF_max_depth=2_min_samples_leaf=15
CCDC83,0.09893450294662949,3,RF_max_depth=2_min_samples_leaf=15
CDH3,0.09897276214921136,3,RF_max_depth=2_min_samples_leaf=15
AC135977.1,0.09898348692017041,3,RF_max_depth=2_min_samples_leaf=15
NETO1,0.09913562496676866,3,RF_max_depth=2_min_samples_leaf=15
LAG3,0.09917065364039233,3,RF_max_depth=2_min_samples_leaf=15
C9orf24,0.0992385759543128,3,RF_max_depth=2_min_samples_leaf=15
SKOR1,0.09932966400570929,3,RF_max_depth=2_min_samples_leaf=15
PAEP,0.0993612584244345,3,RF_max_depth=2_min_samples_leaf=15
KPRP,0.0993612584244345,3,RF_max_depth=2_min_samples_leaf=15
CHRND,0.0993612584244345,3,RF_max_depth=2_min_samples_leaf=15
AC120114.4,0.0993612584244345,3,RF_max_depth=2_min_samples_leaf=15
AGTR1,0.0993612584244345,3,RF_max_depth=2_min_samples_leaf=15
CPNE9,0.0993612584244345,3,RF_max_depth=2_min_samples_leaf=15
CD22,0.0993612584244345,3,RF_max_depth=2_min_samples_leaf=15
MRLN,0.0993612584244345,3,RF_max_depth=2_min_samples_leaf=15
ALMS1P1,0.0993612584244345,3,RF_max_depth=2_min_samples_leaf=15
PKP1,0.0993612584244345,3,RF_max_depth=2_min_samples_leaf=15
TBC1D10C,0.0993612584244345,3,RF_max_depth=2_min_samples_leaf=15
OR3A3,0.09938625606596155,3,RF_max_depth=2_min_samples_leaf=15
STPG2,0.09938625606596155,3,RF_max_depth=2_min_samples_leaf=15
PTX4,0.09943262687922846,3,RF_max_depth=2_min_samples_leaf=15
SLC39A2,0.09943262687922846,3,RF_max_depth=2_min_samples_leaf=15
SH2B2,0.09943262687922846,3,RF_max_depth=2_min_samples_leaf=15
USP17L12,0.09950412006968819,3,RF_max_depth=2_min_samples_leaf=15
GDAP1L1,0.09950412006968819,3,RF_max_depth=2_min_samples_leaf=15
DCUN1D2,0.09950412006968819,3,RF_max_depth=2_min_samples_leaf=15
TSPAN6,0.9998951898820592,1,RF_max_depth=4_min_samples_leaf=5
CYP51A1,0.9998951898820592,1,RF_max_depth=4_min_samples_leaf=5
ANKIB1,0.9998951898820592,1,RF_max_depth=4_min_samples_leaf=5
CFTR,0.9998951898820592,1,RF_max_depth=4_min_samples_leaf=5
SEMA3F,0.9998951898820592,1,RF_max_depth=4_min_samples_leaf=5
ENPP4,0.9998951898820592,1,RF_max_depth=4_min_samples_leaf=5
LAS1L,0.9998951898820592,1,RF_max_depth=4_min_samples_leaf=5
NIPAL3,0.9998951898820592,1,RF_max_depth=4_min_samples_leaf=5
STPG1,0.9998951898820592,1,RF_max_depth=4_min_samples_leaf=5
NFYA,0.9998951898820592,1,RF_max_depth=4_min_samples_leaf=5
GCLC,0.9998951898820592,1,RF_max_depth=4_min_samples_leaf=5
FUCA2,0.9998951898820592,1,RF_max_depth=4_min_samples_leaf=5
CFH,0.9998951898820592,1,RF_max_depth=4_min_samples_leaf=5
FGR,0.9998951898820592,1,RF_max_depth=4_min_samples_leaf=5
C1orf112,0.9998951898820592,1,RF_max_depth=4_min_samples_leaf=5
SCYL3,0.9998951898820592,1,RF_max_depth=4_min_samples_leaf=5
DPM1,0.9998951898820592,1,RF_max_depth=4_min_samples_leaf=5
TNMD,0.9998951898820592,1,RF_max_depth=4_min_samples_leaf=5
KRIT1,0.9998951898820592,1,RF_max_depth=4_min_samples_leaf=5
RAD52,0.9998951898820592,1,RF_max_depth=4_min_samples_leaf=5
CABP2,0.004953978164657469,2,RF_max_depth=4_min_samples_leaf=5
REXO1L3P,0.005502022433787022,2,RF_max_depth=4_min_samples_leaf=5
EFHC2,0.018117009506931382,2,RF_max_depth=4_min_samples_leaf=5
DCDC2C,0.018117009506931382,2,RF_max_depth=4_min_samples_leaf=5
AC006538.1,0.028233978739854403,2,RF_max_depth=4_min_samples_leaf=5
REC114,0.04441359359673939,2,RF_max_depth=4_min_samples_leaf=5
RNY4,0.04441359359673939,2,RF_max_depth=4_min_samples_leaf=5
RN7SL665P,0.04441359359673939,2,RF_max_depth=4_min_samples_leaf=5
SPART-AS1,0.058204451131717135,2,RF_max_depth=4_min_samples_leaf=5
CSF2,0.058204451131717135,2,RF_max_depth=4_min_samples_leaf=5
INAFM2,0.058204451131717135,2,RF_max_depth=4_min_samples_leaf=5
CU633904.1,0.0651210464977755,2,RF_max_depth=4_min_samples_leaf=5
RN7SL499P,0.06950100501599517,2,RF_max_depth=4_min_samples_leaf=5
AC112504.1,0.08037723722522737,2,RF_max_depth=4_min_samples_leaf=5
AC025198.1,0.09902553412890835,2,RF_max_depth=4_min_samples_leaf=5
CBR3-AS1,0.10791175878208961,2,RF_max_depth=4_min_samples_leaf=5
CLDN34,0.11629212255035036,2,RF_max_depth=4_min_samples_leaf=5
AC073548.1,0.11629212255035036,2,RF_max_depth=4_min_samples_leaf=5
DEFB115,0.11855022804480668,2,RF_max_depth=4_min_samples_leaf=5
GFRA3,0.12221609593539541,2,RF_max_depth=4_min_samples_leaf=5
FAXC,0.00539658557097864,3,RF_max_depth=4_min_samples_leaf=5
NBPF22P,0.00539658557097864,3,RF_max_depth=4_min_samples_leaf=5
FAM180B,0.006977115943327905,3,RF_max_depth=4_min_samples_leaf=5
ZNF114,0.008628444165318558,3,RF_max_depth=4_min_samples_leaf=5
STOML3,0.009588025657421891,3,RF_max_depth=4_min_samples_leaf=5
NTRK3,0.009588025657421891,3,RF_max_depth=4_min_samples_leaf=5
IRX5,0.009588025657421891,3,RF_max_depth=4_min_samples_leaf=5
AC116351.1,0.009588025657421891,3,RF_max_depth=4_min_samples_leaf=5
DMRTC1B,0.009588025657421891,3,RF_max_depth=4_min_samples_leaf=5
AL138889.1,0.013242753283149567,3,RF_max_depth=4_min_samples_leaf=5
COL9A2,0.013242753283149567,3,RF_max_depth=4_min_samples_leaf=5
PRKCG,0.013242753283149567,3,RF_max_depth=4_min_samples_leaf=5
DMRTC1,0.013242753283149567,3,RF_max_depth=4_min_samples_leaf=5
AL353726.2,0.014031241625901001,3,RF_max_depth=4_min_samples_leaf=5
FAM74A6,0.014031241625901001,3,RF_max_depth=4_min_samples_leaf=5
TOGARAM2,0.014031241625901001,3,RF_max_depth=4_min_samples_leaf=5
TTC39A,0.014031241625901001,3,RF_max_depth=4_min_samples_leaf=5
JPH3,0.014031241625901001,3,RF_max_depth=4_min_samples_leaf=5
OR6J1,0.014031241625901001,3,RF_max_depth=4_min_samples_leaf=5
CCDC26,0.014031241625901001,3,RF_max_depth=4_min_samples_leaf=5
MROH7,0.014031241625901001,3,RF_max_depth=4_min_samples_leaf=5
SLITRK2,0.014814121014561995,3,RF_max_depth=4_min_samples_leaf=5
PRSS40A,0.016181458476970046,3,RF_max_depth=4_min_samples_leaf=5
OR2A1-AS1,0.016622533951540976,3,RF_max_depth=4_min_samples_leaf=5
CENPI,0.016886481665560466,3,RF_max_depth=4_min_samples_leaf=5
SLC6A2,0.016886481665560466,3,RF_max_depth=4_min_samples_leaf=5
AC114324.1,0.016886481665560466,3,RF_max_depth=4_min_samples_leaf=5
SYNPO2L,0.017539660233741785,3,RF_max_depth=4_min_samples_leaf=5
DPYSL5,0.017539660233741785,3,RF_max_depth=4_min_samples_leaf=5
TNR,0.017539660233741785,3,RF_max_depth=4_min_samples_leaf=5
FBXO40,0.017539660233741785,3,RF_max_depth=4_min_samples_leaf=5
CRX,0.017539660233741785,3,RF_max_depth=4_min_samples_leaf=5
KCNIP3,0.017539660233741785,3,RF_max_depth=4_min_samples_leaf=5
HNRNPA1P51,0.017539660233741785,3,RF_max_depth=4_min_samples_leaf=5
ABHD1,0.017539660233741785,3,RF_max_depth=4_min_samples_leaf=5
OLMALINC,0.017539660233741785,3,RF_max_depth=4_min_samples_leaf=5
TEX45,0.017539660233741785,3,RF_max_depth=4_min_samples_leaf=5
EPHA10,0.017539660233741785,3,RF_max_depth=4_min_samples_leaf=5
FAM90A5P,0.017539660233741785,3,RF_max_depth=4_min_samples_leaf=5
XPOTP1,0.017820278998938118,3,RF_max_depth=4_min_samples_leaf=5
DMP1,0.017820278998938118,3,RF_max_depth=4_min_samples_leaf=5
CALB1,0.017820278998938118,3,RF_max_depth=4_min_samples_leaf=5
LINC00514,0.017820278998938118,3,RF_max_depth=4_min_samples_leaf=5
KCNH6,0.01801260044015546,3,RF_max_depth=4_min_samples_leaf=5
EREG,0.01801260044015546,3,RF_max_depth=4_min_samples_leaf=5
P2RX5-TAX1BP3,0.018045521443828354,3,RF_max_depth=4_min_samples_leaf=5
LOXHD1,0.018045521443828354,3,RF_max_depth=4_min_samples_leaf=5
TBR1,0.018377605251327082,3,RF_max_depth=4_min_samples_leaf=5
NPHS2,0.018377605251327082,3,RF_max_depth=4_min_samples_leaf=5
DBET,0.018377605251327082,3,RF_max_depth=4_min_samples_leaf=5
TMEM185B,0.018377605251327082,3,RF_max_depth=4_min_samples_leaf=5
AL021877.2,0.018377605251327082,3,RF_max_depth=4_min_samples_leaf=5
USP17L23,0.02018875081594464,3,RF_max_depth=4_min_samples_leaf=5
KCNJ3,0.020220637989254612,3,RF_max_depth=4_min_samples_leaf=5
FAM90A12P,0.020220637989254612,3,RF_max_depth=4_min_samples_leaf=5
CRB2,0.020220637989254612,3,RF_max_depth=4_min_samples_leaf=5
ABRA,0.020220637989254612,3,RF_max_depth=4_min_samples_leaf=5
SSX1,0.02129364622282527,3,RF_max_depth=4_min_samples_leaf=5
KRT16,0.02143695949022278,3,RF_max_depth=4_min_samples_leaf=5
MRGPRX3,0.02143695949022278,3,RF_max_depth=4_min_samples_leaf=5
AL117328.2,0.02143695949022278,3,RF_max_depth=4_min_samples_leaf=5
NECAB1,0.022054012254959288,3,RF_max_depth=4_min_samples_leaf=5
VAX1,0.0237874108657593,3,RF_max_depth=4_min_samples_leaf=5
SPIC,0.02424332761941429,3,RF_max_depth=4_min_samples_leaf=5
PROCA1,0.02441665838599665,3,RF_max_depth=4_min_samples_leaf=5
ACOXL,0.02657295685158734,3,RF_max_depth=4_min_samples_leaf=5
LINC01583,0.02657295685158734,3,RF_max_depth=4_min_samples_leaf=5
CSPG5,0.02657295685158734,3,RF_max_depth=4_min_samples_leaf=5
CLVS2,0.027101469995209144,3,RF_max_depth=4_min_samples_leaf=5
USP17L16P,0.02731927630195309,3,RF_max_depth=4_min_samples_leaf=5
CCDC42,0.02731927630195309,3,RF_max_depth=4_min_samples_leaf=5
TNIP3,0.02731927630195309,3,RF_max_depth=4_min_samples_leaf=5
TH,0.02731927630195309,3,RF_max_depth=4_min_samples_leaf=5
LINC01249,0.027800706849345134,3,RF_max_depth=4_min_samples_leaf=5
PFN2,0.02825034652616595,3,RF_max_depth=4_min_samples_leaf=5
MIAT,0.028346997548205573,3,RF_max_depth=4_min_samples_leaf=5
SLC24A4,0.028346997548205573,3,RF_max_depth=4_min_samples_leaf=5
TRPC6,0.029307562846594484,3,RF_max_depth=4_min_samples_leaf=5
NWD1,0.029307562846594484,3,RF_max_depth=4_min_samples_leaf=5
AMHR2,0.029783702544144964,3,RF_max_depth=4_min_samples_leaf=5
DTD1,0.029783702544144964,3,RF_max_depth=4_min_samples_leaf=5
MEGF11,0.029783702544144964,3,RF_max_depth=4_min_samples_leaf=5
KLK3,0.029783702544144964,3,RF_max_depth=4_min_samples_leaf=5
SLITRK5,0.029783702544144964,3,RF_max_depth=4_min_samples_leaf=5
DGKK,0.030162317323427647,3,RF_max_depth=4_min_samples_leaf=5
PLA2G2F,0.030622024944046224,3,RF_max_depth=4_min_samples_leaf=5
SEPT14P19,0.030622024944046224,3,RF_max_depth=4_min_samples_leaf=5
FAM174B,0.03177519788341467,3,RF_max_depth=4_min_samples_leaf=5
OR14J1,0.03294870949825732,3,RF_max_depth=4_min_samples_leaf=5
AC092068.2,0.03294870949825732,3,RF_max_depth=4_min_samples_leaf=5
KEL,0.03379866942573288,3,RF_max_depth=4_min_samples_leaf=5
PSCA,0.03379866942573288,3,RF_max_depth=4_min_samples_leaf=5
RPL34-AS1,0.034316864477139795,3,RF_max_depth=4_min_samples_leaf=5
IGHD,0.034316864477139795,3,RF_max_depth=4_min_samples_leaf=5
JAKMIP2,0.034316864477139795,3,RF_max_depth=4_min_samples_leaf=5
ZNF702P,0.034316864477139795,3,RF_max_depth=4_min_samples_leaf=5
GRM1,0.0343887040614536,3,RF_max_depth=4_min_samples_leaf=5
LRRC55,0.0343887040614536,3,RF_max_depth=4_min_samples_leaf=5
TMEM179,0.0343887040614536,3,RF_max_depth=4_min_samples_leaf=5
NPAP1,0.0343887040614536,3,RF_max_depth=4_min_samples_leaf=5
CALY,0.0343887040614536,3,RF_max_depth=4_min_samples_leaf=5
C2orf92,0.035178165454674844,3,RF_max_depth=4_min_samples_leaf=5
GABBR1,0.035178165454674844,3,RF_max_depth=4_min_samples_leaf=5
CD40LG,0.035178165454674844,3,RF_max_depth=4_min_samples_leaf=5
AC008555.2,0.035178165454674844,3,RF_max_depth=4_min_samples_leaf=5
TRAIP,0.035178165454674844,3,RF_max_depth=4_min_samples_leaf=5
BCO1,0.035178165454674844,3,RF_max_depth=4_min_samples_leaf=5
PSG3,0.035178165454674844,3,RF_max_depth=4_min_samples_leaf=5
ENOPH1,0.035178165454674844,3,RF_max_depth=4_min_samples_leaf=5
LINC02054,0.035178165454674844,3,RF_max_depth=4_min_samples_leaf=5
GAS2L1,0.035178165454674844,3,RF_max_depth=4_min_samples_leaf=5
TLX1,0.035178165454674844,3,RF_max_depth=4_min_samples_leaf=5
ADGRB1,0.035178165454674844,3,RF_max_depth=4_min_samples_leaf=5
KCTD16,0.035178165454674844,3,RF_max_depth=4_min_samples_leaf=5
PCDHA7,0.035178165454674844,3,RF_max_depth=4_min_samples_leaf=5
KLHL11,0.035178165454674844,3,RF_max_depth=4_min_samples_leaf=5
OR7E25P,0.0354416618095872,3,RF_max_depth=4_min_samples_leaf=5
AC021351.1,0.036040641588008,3,RF_max_depth=4_min_samples_leaf=5
DDX43,0.036040641588008,3,RF_max_depth=4_min_samples_leaf=5
KCNA2,0.036040641588008,3,RF_max_depth=4_min_samples_leaf=5
DDX25,0.03650543227565041,3,RF_max_depth=4_min_samples_leaf=5
DCSTAMP,0.03678789567818994,3,RF_max_depth=4_min_samples_leaf=5
KIF1A,0.03678789567818994,3,RF_max_depth=4_min_samples_leaf=5
DUX4L34,0.03685273702471296,3,RF_max_depth=4_min_samples_leaf=5
GAGE1,0.03685273702471296,3,RF_max_depth=4_min_samples_leaf=5
CHRNA2,0.03685273702471296,3,RF_max_depth=4_min_samples_leaf=5
HHATL,0.03694650135444695,3,RF_max_depth=4_min_samples_leaf=5
ZMYND10,0.038876800643459844,3,RF_max_depth=4_min_samples_leaf=5
ARHGEF26-AS1,0.038887830628702706,3,RF_max_depth=4_min_samples_leaf=5
RGMA,0.040110584994110556,3,RF_max_depth=4_min_samples_leaf=5
SLC25A33,0.04064616288677423,3,RF_max_depth=4_min_samples_leaf=5
AC012370.2,0.04064616288677423,3,RF_max_depth=4_min_samples_leaf=5
ROR2,0.04064616288677423,3,RF_max_depth=4_min_samples_leaf=5
RETREG1,0.04064616288677423,3,RF_max_depth=4_min_samples_leaf=5
NPAS1,0.04064616288677423,3,RF_max_depth=4_min_samples_leaf=5
TRIM31,0.04064616288677423,3,RF_max_depth=4_min_samples_leaf=5
RHO,0.04064616288677423,3,RF_max_depth=4_min_samples_leaf=5
LINC01106,0.04064616288677423,3,RF_max_depth=4_min_samples_leaf=5
XKR9,0.04064616288677423,3,RF_max_depth=4_min_samples_leaf=5
AC133561.1,0.04064616288677423,3,RF_max_depth=4_min_samples_leaf=5
CADPS,0.04064616288677423,3,RF_max_depth=4_min_samples_leaf=5
AC008079.2,0.04064616288677423,3,RF_max_depth=4_min_samples_leaf=5
AC004889.1,0.04064616288677423,3,RF_max_depth=4_min_samples_leaf=5
PAPOLB,0.04064616288677423,3,RF_max_depth=4_min_samples_leaf=5
ASRGL1,0.04083902330824747,3,RF_max_depth=4_min_samples_leaf=5
AC026523.2,0.04083902330824747,3,RF_max_depth=4_min_samples_leaf=5
AL031594.1,0.04083902330824747,3,RF_max_depth=4_min_samples_leaf=5
OR4K17,0.04083902330824747,3,RF_max_depth=4_min_samples_leaf=5
STAG3L5P,0.04103445322733728,3,RF_max_depth=4_min_samples_leaf=5
SPRY3,0.04103445322733728,3,RF_max_depth=4_min_samples_leaf=5
PABPN1L,0.04103445322733728,3,RF_max_depth=4_min_samples_leaf=5
KRT6A,0.04103445322733728,3,RF_max_depth=4_min_samples_leaf=5
AL160272.1,0.04103445322733728,3,RF_max_depth=4_min_samples_leaf=5
CLVS1,0.04103445322733728,3,RF_max_depth=4_min_samples_leaf=5
CACNB3,0.04103445322733728,3,RF_max_depth=4_min_samples_leaf=5
CDH10,0.04103445322733728,3,RF_max_depth=4_min_samples_leaf=5
AL358334.2,0.04103445322733728,3,RF_max_depth=4_min_samples_leaf=5
OPRD1,0.04104499386429288,3,RF_max_depth=4_min_samples_leaf=5
KRTAP5-5,0.04104499386429288,3,RF_max_depth=4_min_samples_leaf=5
ADCY1,0.04104499386429288,3,RF_max_depth=4_min_samples_leaf=5
PLEKHG4B,0.04104499386429288,3,RF_max_depth=4_min_samples_leaf=5
KBTBD12,0.04104499386429288,3,RF_max_depth=4_min_samples_leaf=5
ZNF541,0.04104499386429288,3,RF_max_depth=4_min_samples_leaf=5
KCNT1,0.04191386438934168,3,RF_max_depth=4_min_samples_leaf=5
GPR42,0.041940816796479416,3,RF_max_depth=4_min_samples_leaf=5
FP671120.1,0.04221655469720855,3,RF_max_depth=4_min_samples_leaf=5
NOTO,0.04221655469720855,3,RF_max_depth=4_min_samples_leaf=5
DUOXA1,0.042537916582875694,3,RF_max_depth=4_min_samples_leaf=5
LGALSL,0.042800932540857324,3,RF_max_depth=4_min_samples_leaf=5
ABCB10P1,0.042800932540857324,3,RF_max_depth=4_min_samples_leaf=5
RGS11,0.042800932540857324,3,RF_max_depth=4_min_samples_leaf=5
KNCN,0.04302123643116091,3,RF_max_depth=4_min_samples_leaf=5
FRG2B,0.04302123643116091,3,RF_max_depth=4_min_samples_leaf=5
AL161756.1,0.044256091323822945,3,RF_max_depth=4_min_samples_leaf=5
AL158835.2,0.044304487095292444,3,RF_max_depth=4_min_samples_leaf=5
N6AMT1,0.044304487095292444,3,RF_max_depth=4_min_samples_leaf=5
GOLGA2P11,0.044304487095292444,3,RF_max_depth=4_min_samples_leaf=5
LINC01551,0.044304487095292444,3,RF_max_depth=4_min_samples_leaf=5
TFAP2C,0.044304487095292444,3,RF_max_depth=4_min_samples_leaf=5
DUX4L18,0.044304487095292444,3,RF_max_depth=4_min_samples_leaf=5
TYRP1,0.044304487095292444,3,RF_max_depth=4_min_samples_leaf=5
TNFRSF8,0.044304487095292444,3,RF_max_depth=4_min_samples_leaf=5
AP000356.2,0.044304487095292444,3,RF_max_depth=4_min_samples_leaf=5
BTLA,0.044304487095292444,3,RF_max_depth=4_min_samples_leaf=5
HCN2,0.044304487095292444,3,RF_max_depth=4_min_samples_leaf=5
ASIC4,0.044304487095292444,3,RF_max_depth=4_min_samples_leaf=5
MMEL1,0.044304487095292444,3,RF_max_depth=4_min_samples_leaf=5
APLP1,0.04438997879529887,3,RF_max_depth=4_min_samples_leaf=5
DLX1,0.04438997879529887,3,RF_max_depth=4_min_samples_leaf=5
KLHL31,0.04483854200052717,3,RF_max_depth=4_min_samples_leaf=5
BCL7A,0.04512631081440691,3,RF_max_depth=4_min_samples_leaf=5
FIRRE,0.04531608625276706,3,RF_max_depth=4_min_samples_leaf=5
AL591845.1,0.04531608625276706,3,RF_max_depth=4_min_samples_leaf=5
FRRS1L,0.04555788298977436,3,RF_max_depth=4_min_samples_leaf=5
KIF5C,0.04555788298977436,3,RF_max_depth=4_min_samples_leaf=5
TNFRSF4,0.04555788298977436,3,RF_max_depth=4_min_samples_leaf=5
SLC7A4,0.04555788298977436,3,RF_max_depth=4_min_samples_leaf=5
IL9R,0.04555788298977436,3,RF_max_depth=4_min_samples_leaf=5
NPFFR1,0.04555788298977436,3,RF_max_depth=4_min_samples_leaf=5
TULP1,0.04555788298977436,3,RF_max_depth=4_min_samples_leaf=5
YWHAZP4,0.04616534987279668,3,RF_max_depth=4_min_samples_leaf=5
HIST1H3E,0.04706352202406224,3,RF_max_depth=4_min_samples_leaf=5
SLC6A10P,0.04727753183723076,3,RF_max_depth=4_min_samples_leaf=5
AC004706.3,0.047435005287452384,3,RF_max_depth=4_min_samples_leaf=5
FNDC7,0.047435005287452384,3,RF_max_depth=4_min_samples_leaf=5
CDCA7,0.04792183692872052,3,RF_max_depth=4_min_samples_leaf=5
FP236383.1,0.04792183692872052,3,RF_max_depth=4_min_samples_leaf=5
PCAT1,0.04792183692872052,3,RF_max_depth=4_min_samples_leaf=5
NTRK1,0.04792183692872052,3,RF_max_depth=4_min_samples_leaf=5
TTLL8,0.047928446392983146,3,RF_max_depth=4_min_samples_leaf=5
C2orf73,0.047928446392983146,3,RF_max_depth=4_min_samples_leaf=5
RHPN1,0.047928446392983146,3,RF_max_depth=4_min_samples_leaf=5
AC068389.1,0.04806717731358473,3,RF_max_depth=4_min_samples_leaf=5
TMEM26,0.04852670254165029,3,RF_max_depth=4_min_samples_leaf=5
ANKRD30BL,0.04852670254165029,3,RF_max_depth=4_min_samples_leaf=5
TDRKH-AS1,0.04852670254165029,3,RF_max_depth=4_min_samples_leaf=5
TSPEAR-AS2,0.04852670254165029,3,RF_max_depth=4_min_samples_leaf=5
C2orf83,0.048686362185902075,3,RF_max_depth=4_min_samples_leaf=5
FGF1,0.048686362185902075,3,RF_max_depth=4_min_samples_leaf=5
PRLHR,0.048686362185902075,3,RF_max_depth=4_min_samples_leaf=5
SLC22A20P,0.048686362185902075,3,RF_max_depth=4_min_samples_leaf=5
SUGT1P3,0.048686362185902075,3,RF_max_depth=4_min_samples_leaf=5
BPIFC,0.048686362185902075,3,RF_max_depth=4_min_samples_leaf=5
PLA2G4F,0.048686362185902075,3,RF_max_depth=4_min_samples_leaf=5
BTN1A1,0.048686362185902075,3,RF_max_depth=4_min_samples_leaf=5
AC022098.1,0.048686362185902075,3,RF_max_depth=4_min_samples_leaf=5
SPAG11A,0.04890820079512417,3,RF_max_depth=4_min_samples_leaf=5
POM121L7P,0.04890820079512417,3,RF_max_depth=4_min_samples_leaf=5
REEP1,0.049324189921397546,3,RF_max_depth=4_min_samples_leaf=5
OTOP1,0.04935269581381549,3,RF_max_depth=4_min_samples_leaf=5
EDAR,0.04966431087218614,3,RF_max_depth=4_min_samples_leaf=5
CCDC144NL,0.05039208949962252,3,RF_max_depth=4_min_samples_leaf=5
FAM90A6P,0.05048060396904864,3,RF_max_depth=4_min_samples_leaf=5
FOXD4L6,0.050762830431735025,3,RF_max_depth=4_min_samples_leaf=5
HTRA1,0.050762830431735025,3,RF_max_depth=4_min_samples_leaf=5
ESRRB,0.05204560452139759,3,RF_max_depth=4_min_samples_leaf=5
ADAM7,0.052111997989076925,3,RF_max_depth=4_min_samples_leaf=5
SNX19P3,0.052111997989076925,3,RF_max_depth=4_min_samples_leaf=5
SPAG11B,0.05251071878516467,3,RF_max_depth=4_min_samples_leaf=5
NKX6-1,0.05251071878516467,3,RF_max_depth=4_min_samples_leaf=5
IGHV1-3,0.05301449936650565,3,RF_max_depth=4_min_samples_leaf=5
CDK5R2,0.05301449936650565,3,RF_max_depth=4_min_samples_leaf=5
ANO7L1,0.05301449936650565,3,RF_max_depth=4_min_samples_leaf=5
ZNF286A,0.05301449936650565,3,RF_max_depth=4_min_samples_leaf=5
ZNF815P,0.05301449936650565,3,RF_max_depth=4_min_samples_leaf=5
ALG1L6P,0.0549149223016662,3,RF_max_depth=4_min_samples_leaf=5
MEX3A,0.0549149223016662,3,RF_max_depth=4_min_samples_leaf=5
ALOX12B,0.0549149223016662,3,RF_max_depth=4_min_samples_leaf=5
KRT27,0.0549149223016662,3,RF_max_depth=4_min_samples_leaf=5
DEFB103A,0.0549149223016662,3,RF_max_depth=4_min_samples_leaf=5
AC020978.9,0.0549149223016662,3,RF_max_depth=4_min_samples_leaf=5
KRT13,0.05591610244514105,3,RF_max_depth=4_min_samples_leaf=5
SNPH,0.05614119408474294,3,RF_max_depth=4_min_samples_leaf=5
RSPO2,0.056404983289655236,3,RF_max_depth=4_min_samples_leaf=5
ASB5,0.056421586393286836,3,RF_max_depth=4_min_samples_leaf=5
CHRNB3,0.056421586393286836,3,RF_max_depth=4_min_samples_leaf=5
AC005696.4,0.056421586393286836,3,RF_max_depth=4_min_samples_leaf=5
TACR3,0.056421586393286836,3,RF_max_depth=4_min_samples_leaf=5
FGF17,0.056421586393286836,3,RF_max_depth=4_min_samples_leaf=5
AC015802.6,0.056421586393286836,3,RF_max_depth=4_min_samples_leaf=5
POM121L6P,0.056421586393286836,3,RF_max_depth=4_min_samples_leaf=5
LINC01907,0.056421586393286836,3,RF_max_depth=4_min_samples_leaf=5
OR4K13,0.056421586393286836,3,RF_max_depth=4_min_samples_leaf=5
CHRM1,0.056421586393286836,3,RF_max_depth=4_min_samples_leaf=5
DDX11L8,0.056421586393286836,3,RF_max_depth=4_min_samples_leaf=5
DUX4L16,0.056421586393286836,3,RF_max_depth=4_min_samples_leaf=5
FAM189A2,0.056421586393286836,3,RF_max_depth=4_min_samples_leaf=5
GGT6,0.056421586393286836,3,RF_max_depth=4_min_samples_leaf=5
CSDC2,0.05642813278234746,3,RF_max_depth=4_min_samples_leaf=5
PRAMEF14,0.05642813278234746,3,RF_max_depth=4_min_samples_leaf=5
FBXO15,0.05642813278234746,3,RF_max_depth=4_min_samples_leaf=5
TMIE,0.056842758798017264,3,RF_max_depth=4_min_samples_leaf=5
TUBA3E,0.057221673697963105,3,RF_max_depth=4_min_samples_leaf=5
HTR2A,0.057622999281396886,3,RF_max_depth=4_min_samples_leaf=5
PSG9,0.057622999281396886,3,RF_max_depth=4_min_samples_leaf=5
SPATA31E1,0.057930443687294164,3,RF_max_depth=4_min_samples_leaf=5
C9orf147,0.05822257045452425,3,RF_max_depth=4_min_samples_leaf=5
CNIH3,0.058832021693182926,3,RF_max_depth=4_min_samples_leaf=5
SYT1,0.05918108799035227,3,RF_max_depth=4_min_samples_leaf=5
LRRN4,0.0594999942606913,3,RF_max_depth=4_min_samples_leaf=5
TMEM270,0.059828544569185335,3,RF_max_depth=4_min_samples_leaf=5
NR2E3,0.059828544569185335,3,RF_max_depth=4_min_samples_leaf=5
GAGE12G,0.060166312609025864,3,RF_max_depth=4_min_samples_leaf=5
SCNN1A,0.060166312609025864,3,RF_max_depth=4_min_samples_leaf=5
KIR2DS4,0.060166312609025864,3,RF_max_depth=4_min_samples_leaf=5
HAGHL,0.060166312609025864,3,RF_max_depth=4_min_samples_leaf=5
ZNF786,0.06080868411291613,3,RF_max_depth=4_min_samples_leaf=5
NAT1,0.06083217921214741,3,RF_max_depth=4_min_samples_leaf=5
FTCDNL1,0.06104807752417088,3,RF_max_depth=4_min_samples_leaf=5
ATP2C2,0.061059878595009776,3,RF_max_depth=4_min_samples_leaf=5
SLC22A14,0.06108385236631466,3,RF_max_depth=4_min_samples_leaf=5
GRIN3B,0.06119353732804948,3,RF_max_depth=4_min_samples_leaf=5
SEPT14P3,0.06135632063435592,3,RF_max_depth=4_min_samples_leaf=5
AMER3,0.06152574140639585,3,RF_max_depth=4_min_samples_leaf=5
TRIM36,0.06152574140639585,3,RF_max_depth=4_min_samples_leaf=5
MAP2K1P1,0.06152574140639585,3,RF_max_depth=4_min_samples_leaf=5
OR2A5,0.06295956017129513,3,RF_max_depth=4_min_samples_leaf=5
OTUD6A,0.06295956017129513,3,RF_max_depth=4_min_samples_leaf=5
CCDC144A,0.06295956017129513,3,RF_max_depth=4_min_samples_leaf=5
TPH2,0.063065176333581,3,RF_max_depth=4_min_samples_leaf=5
SEPT14P8,0.063065176333581,3,RF_max_depth=4_min_samples_leaf=5
WNT2B,0.06320808723504524,3,RF_max_depth=4_min_samples_leaf=5
TM4SF19,0.06368333057013997,3,RF_max_depth=4_min_samples_leaf=5
TRPV5,0.06380800412221949,3,RF_max_depth=4_min_samples_leaf=5
AP006545.1,0.06394949793791398,3,RF_max_depth=4_min_samples_leaf=5
SMIM31,0.064760644176766,3,RF_max_depth=4_min_samples_leaf=5
C5orf63,0.06598191322516932,3,RF_max_depth=4_min_samples_leaf=5
KCNJ12,0.06598191322516932,3,RF_max_depth=4_min_samples_leaf=5
SDK1,0.06598191322516932,3,RF_max_depth=4_min_samples_leaf=5
RBM20,0.06598191322516932,3,RF_max_depth=4_min_samples_leaf=5
DUX4L26,0.06598191322516932,3,RF_max_depth=4_min_samples_leaf=5
LINC00899,0.06598191322516932,3,RF_max_depth=4_min_samples_leaf=5
CELF4,0.06598191322516932,3,RF_max_depth=4_min_samples_leaf=5
C1orf94,0.06598191322516932,3,RF_max_depth=4_min_samples_leaf=5
PMCHL1,0.06598191322516932,3,RF_max_depth=4_min_samples_leaf=5
FFAR3,0.06598191322516932,3,RF_max_depth=4_min_samples_leaf=5
TMPRSS7,0.06598191322516932,3,RF_max_depth=4_min_samples_leaf=5
TRIM64C,0.06598191322516932,3,RF_max_depth=4_min_samples_leaf=5
CASP14,0.06598191322516932,3,RF_max_depth=4_min_samples_leaf=5
GOLGA6L3,0.06640070011508178,3,RF_max_depth=4_min_samples_leaf=5
AICDA,0.06640070011508178,3,RF_max_depth=4_min_samples_leaf=5
FGD1,0.06640070011508178,3,RF_max_depth=4_min_samples_leaf=5
AL133245.1,0.06640070011508178,3,RF_max_depth=4_min_samples_leaf=5
AL049812.1,0.06695534745245552,3,RF_max_depth=4_min_samples_leaf=5
AC138951.1,0.0672147033912957,3,RF_max_depth=4_min_samples_leaf=5
AL162456.1,0.06784718863306931,3,RF_max_depth=4_min_samples_leaf=5
AC092384.1,0.06845110575307461,3,RF_max_depth=4_min_samples_leaf=5
AC093826.2,0.06892084782692252,3,RF_max_depth=4_min_samples_leaf=5
EPHA8,0.06907298342284317,3,RF_max_depth=4_min_samples_leaf=5
PNLIPRP3,0.06907298342284317,3,RF_max_depth=4_min_samples_leaf=5
AL353572.2,0.06907298342284317,3,RF_max_depth=4_min_samples_leaf=5
WNT7B,0.06907298342284317,3,RF_max_depth=4_min_samples_leaf=5
ZBTB45,0.06907298342284317,3,RF_max_depth=4_min_samples_leaf=5
FAM205BP,0.06907298342284317,3,RF_max_depth=4_min_samples_leaf=5
AL008638.3,0.06907298342284317,3,RF_max_depth=4_min_samples_leaf=5
DUOXA2,0.06907298342284317,3,RF_max_depth=4_min_samples_leaf=5
FGF9,0.06907298342284317,3,RF_max_depth=4_min_samples_leaf=5
AC020917.4,0.06907298342284317,3,RF_max_depth=4_min_samples_leaf=5
KCNJ18,0.06907298342284317,3,RF_max_depth=4_min_samples_leaf=5
PSG6,0.06923462268730492,3,RF_max_depth=4_min_samples_leaf=5
C3orf30,0.06928955489577464,3,RF_max_depth=4_min_samples_leaf=5
LINC00330,0.06928955489577464,3,RF_max_depth=4_min_samples_leaf=5
AC003957.1,0.06928955489577464,3,RF_max_depth=4_min_samples_leaf=5
KCNE1B,0.06952894575052851,3,RF_max_depth=4_min_samples_leaf=5
AC025048.6,0.06952894575052851,3,RF_max_depth=4_min_samples_leaf=5
ICA1,0.06952894575052851,3,RF_max_depth=4_min_samples_leaf=5
ACSM4,0.06952894575052851,3,RF_max_depth=4_min_samples_leaf=5
USP17L22,0.06964531011761801,3,RF_max_depth=4_min_samples_leaf=5
AL161757.5,0.06965618011330972,3,RF_max_depth=4_min_samples_leaf=5
DUPD1,0.06965618011330972,3,RF_max_depth=4_min_samples_leaf=5
NMUR2,0.06965618011330972,3,RF_max_depth=4_min_samples_leaf=5
AL121906.2,0.06981993981963273,3,RF_max_depth=4_min_samples_leaf=5
PVALB,0.07016010653248997,3,RF_max_depth=4_min_samples_leaf=5
TPTE2P1,0.07090578180302683,3,RF_max_depth=4_min_samples_leaf=5
SERPINB8,0.07167442922039091,3,RF_max_depth=4_min_samples_leaf=5
KCNF1,0.0718199359991636,3,RF_max_depth=4_min_samples_leaf=5
TMPRSS11B,0.0723895194481392,3,RF_max_depth=4_min_samples_leaf=5
RAC3,0.0728118134522436,3,RF_max_depth=4_min_samples_leaf=5
FOXN1,0.0728118134522436,3,RF_max_depth=4_min_samples_leaf=5
GRIA2,0.0728118134522436,3,RF_max_depth=4_min_samples_leaf=5
LINC01299,0.0728118134522436,3,RF_max_depth=4_min_samples_leaf=5
FAM53A,0.0728118134522436,3,RF_max_depth=4_min_samples_leaf=5
AC008395.1,0.0728118134522436,3,RF_max_depth=4_min_samples_leaf=5
ERICH6,0.0728118134522436,3,RF_max_depth=4_min_samples_leaf=5
CDC42P6,0.0728118134522436,3,RF_max_depth=4_min_samples_leaf=5
STYK1,0.07311009009315364,3,RF_max_depth=4_min_samples_leaf=5
LINC00504,0.07311009009315364,3,RF_max_depth=4_min_samples_leaf=5
AC092720.1,0.07312693430239875,3,RF_max_depth=4_min_samples_leaf=5
FAM90A26,0.0736477477788858,3,RF_max_depth=4_min_samples_leaf=5
KCNA4,0.0736477477788858,3,RF_max_depth=4_min_samples_leaf=5
GAD2,0.0736477477788858,3,RF_max_depth=4_min_samples_leaf=5
SFTPB,0.0736477477788858,3,RF_max_depth=4_min_samples_leaf=5
DUX4L9,0.0736477477788858,3,RF_max_depth=4_min_samples_leaf=5
MYO1A,0.07438666514097347,3,RF_max_depth=4_min_samples_leaf=5
PPARGC1B,0.07441755893262474,3,RF_max_depth=4_min_samples_leaf=5
AC136944.2,0.07441755893262474,3,RF_max_depth=4_min_samples_leaf=5
NEUROD2,0.07464857197813378,3,RF_max_depth=4_min_samples_leaf=5
ABO,0.0749069773112455,3,RF_max_depth=4_min_samples_leaf=5
RPL23AP45,0.07514235976286973,3,RF_max_depth=4_min_samples_leaf=5
OR2L5,0.07514235976286973,3,RF_max_depth=4_min_samples_leaf=5
SETP20,0.07514235976286973,3,RF_max_depth=4_min_samples_leaf=5
MATN1,0.07564763793563618,3,RF_max_depth=4_min_samples_leaf=5
NHS,0.07585066645681807,3,RF_max_depth=4_min_samples_leaf=5
KANK4,0.07594133551828897,3,RF_max_depth=4_min_samples_leaf=5
IRX3,0.0760372990527913,3,RF_max_depth=4_min_samples_leaf=5
TARM1,0.0760372990527913,3,RF_max_depth=4_min_samples_leaf=5
AC005863.1,0.0760372990527913,3,RF_max_depth=4_min_samples_leaf=5
ROR1,0.0760372990527913,3,RF_max_depth=4_min_samples_leaf=5
CNGB1,0.0760372990527913,3,RF_max_depth=4_min_samples_leaf=5
SEC14L3,0.0760372990527913,3,RF_max_depth=4_min_samples_leaf=5
RTKN2,0.07647458420937212,3,RF_max_depth=4_min_samples_leaf=5
MGAT4C,0.07648772520712296,3,RF_max_depth=4_min_samples_leaf=5
ZBTB42,0.07648772520712296,3,RF_max_depth=4_min_samples_leaf=5
CNKSR2,0.076604505163913,3,RF_max_depth=4_min_samples_leaf=5
CLCA2,0.076604505163913,3,RF_max_depth=4_min_samples_leaf=5
FAM220A,0.07712171459582322,3,RF_max_depth=4_min_samples_leaf=5
VPS33B-DT,0.07712171459582322,3,RF_max_depth=4_min_samples_leaf=5
MUC4,0.07722155426728945,3,RF_max_depth=4_min_samples_leaf=5
FAM131C,0.0773102293681053,3,RF_max_depth=4_min_samples_leaf=5
SCN1A,0.07772217160853977,3,RF_max_depth=4_min_samples_leaf=5
FAM155B,0.07811060453740831,3,RF_max_depth=4_min_samples_leaf=5
TRIM29,0.07925670737670557,3,RF_max_depth=4_min_samples_leaf=5
GJA8,0.07925670737670557,3,RF_max_depth=4_min_samples_leaf=5
OR13C4,0.0793177196150097,3,RF_max_depth=4_min_samples_leaf=5
HRH2,0.0793177196150097,3,RF_max_depth=4_min_samples_leaf=5
PPP5D1,0.07957560878848477,3,RF_max_depth=4_min_samples_leaf=5
AC012454.1,0.0798122175929982,3,RF_max_depth=4_min_samples_leaf=5
IGLV1-41,0.0798122175929982,3,RF_max_depth=4_min_samples_leaf=5
AC087501.4,0.0798122175929982,3,RF_max_depth=4_min_samples_leaf=5
CRTAC1,0.0798122175929982,3,RF_max_depth=4_min_samples_leaf=5
RP1L1,0.0798122175929982,3,RF_max_depth=4_min_samples_leaf=5
AL031283.1,0.0798122175929982,3,RF_max_depth=4_min_samples_leaf=5
SIAH2,0.07996204774894304,3,RF_max_depth=4_min_samples_leaf=5
GABRR1,0.07996204774894304,3,RF_max_depth=4_min_samples_leaf=5
LRRN4CL,0.07996204774894304,3,RF_max_depth=4_min_samples_leaf=5
TRIO,0.07996204774894304,3,RF_max_depth=4_min_samples_leaf=5
SYT3,0.07996204774894304,3,RF_max_depth=4_min_samples_leaf=5
KRT17P5,0.07996204774894304,3,RF_max_depth=4_min_samples_leaf=5
AC058791.1,0.07996204774894304,3,RF_max_depth=4_min_samples_leaf=5
AL022068.1,0.07996204774894304,3,RF_max_depth=4_min_samples_leaf=5
FANCB,0.07996204774894304,3,RF_max_depth=4_min_samples_leaf=5
UNC79,0.07996204774894304,3,RF_max_depth=4_min_samples_leaf=5
AP004147.1,0.08041731818025824,3,RF_max_depth=4_min_samples_leaf=5
C3orf52,0.08041731818025824,3,RF_max_depth=4_min_samples_leaf=5
OBP2A,0.08043621030298036,3,RF_max_depth=4_min_samples_leaf=5
C2orf50,0.08043621030298036,3,RF_max_depth=4_min_samples_leaf=5
MAPK4,0.08043621030298036,3,RF_max_depth=4_min_samples_leaf=5
PDCL2,0.08131946737098274,3,RF_max_depth=4_min_samples_leaf=5
SULT4A1,0.08170899415582066,3,RF_max_depth=4_min_samples_leaf=5
TMEM78,0.08227348244245415,3,RF_max_depth=4_min_samples_leaf=5
BRINP2,0.08227348244245415,3,RF_max_depth=4_min_samples_leaf=5
DSCAML1,0.08227348244245415,3,RF_max_depth=4_min_samples_leaf=5
SMTNL2,0.08227348244245415,3,RF_max_depth=4_min_samples_leaf=5
SLC6A7,0.08266957056817671,3,RF_max_depth=4_min_samples_leaf=5
LINC01694,0.0827118729775521,3,RF_max_depth=4_min_samples_leaf=5
HCN4,0.08309657725691327,3,RF_max_depth=4_min_samples_leaf=5
CA9,0.0834490387661084,3,RF_max_depth=4_min_samples_leaf=5
TMPRSS4,0.0834490387661084,3,RF_max_depth=4_min_samples_leaf=5
AC020928.3,0.0834490387661084,3,RF_max_depth=4_min_samples_leaf=5
IGF2BP1,0.08351123186757416,3,RF_max_depth=4_min_samples_leaf=5
FAM90A3P,0.08413124767663013,3,RF_max_depth=4_min_samples_leaf=5
TUBA3C,0.08413124767663013,3,RF_max_depth=4_min_samples_leaf=5
CD300LF,0.08453077972666906,3,RF_max_depth=4_min_samples_leaf=5
CEACAM8,0.08472224893008884,3,RF_max_depth=4_min_samples_leaf=5
STRA6,0.08474507751554806,3,RF_max_depth=4_min_samples_leaf=5
LINC00641,0.0851165105747441,3,RF_max_depth=4_min_samples_leaf=5
TSPYL5,0.08577600815728087,3,RF_max_depth=4_min_samples_leaf=5
AC084879.1,0.08577600815728087,3,RF_max_depth=4_min_samples_leaf=5
PRAMEF1,0.08577600815728087,3,RF_max_depth=4_min_samples_leaf=5
IQANK1,0.08577600815728087,3,RF_max_depth=4_min_samples_leaf=5
KCNQ5,0.08659727090027632,3,RF_max_depth=4_min_samples_leaf=5
OR8H3,0.08659727090027632,3,RF_max_depth=4_min_samples_leaf=5
TCP11X1,0.08659727090027632,3,RF_max_depth=4_min_samples_leaf=5
ACKR1,0.08712530915313524,3,RF_max_depth=4_min_samples_leaf=5
RUFY4,0.08712530915313524,3,RF_max_depth=4_min_samples_leaf=5
PRSS41,0.08767299164494007,3,RF_max_depth=4_min_samples_leaf=5
ZAR1L,0.0877114788148592,3,RF_max_depth=4_min_samples_leaf=5
OR51L1,0.08830006933389846,3,RF_max_depth=4_min_samples_leaf=5
EBI3,0.08830006933389846,3,RF_max_depth=4_min_samples_leaf=5
AC023830.2,0.08840965953986661,3,RF_max_depth=4_min_samples_leaf=5
MYO15A,0.0884512107651039,3,RF_max_depth=4_min_samples_leaf=5
NANOGNB,0.0884512107651039,3,RF_max_depth=4_min_samples_leaf=5
DSC1,0.08858087376586468,3,RF_max_depth=4_min_samples_leaf=5
BPIFA1,0.08922795831035768,3,RF_max_depth=4_min_samples_leaf=5
LINC02216,0.08922795831035768,3,RF_max_depth=4_min_samples_leaf=5
AC006435.4,0.08922795831035768,3,RF_max_depth=4_min_samples_leaf=5
MCM10,0.08922795831035768,3,RF_max_depth=4_min_samples_leaf=5
XPO5,0.08950982274403034,3,RF_max_depth=4_min_samples_leaf=5
CPN1,0.08957381027992756,3,RF_max_depth=4_min_samples_leaf=5
USH1G,0.08959883653778297,3,RF_max_depth=4_min_samples_leaf=5
AC127164.1,0.08959883653778297,3,RF_max_depth=4_min_samples_leaf=5
PHEX,0.08959883653778297,3,RF_max_depth=4_min_samples_leaf=5
DCLRE1CP1,0.08959883653778297,3,RF_max_depth=4_min_samples_leaf=5
SLC30A3,0.08959883653778297,3,RF_max_depth=4_min_samples_leaf=5
LDB2,0.089863448149246,3,RF_max_depth=4_min_samples_leaf=5
MAFA,0.08996787039101475,3,RF_max_depth=4_min_samples_leaf=5
AL390957.1,0.09064746791327594,3,RF_max_depth=4_min_samples_leaf=5
BEGAIN,0.09075768535157906,3,RF_max_depth=4_min_samples_leaf=5
FGF5,0.09090684298838718,3,RF_max_depth=4_min_samples_leaf=5
CTF1,0.09109292601257638,3,RF_max_depth=4_min_samples_leaf=5
AL078621.1,0.09109292601257638,3,RF_max_depth=4_min_samples_leaf=5
OR10P1,0.09145888158565421,3,RF_max_depth=4_min_samples_leaf=5
UFSP1,0.09167729425706343,3,RF_max_depth=4_min_samples_leaf=5
AK8,0.09167729425706343,3,RF_max_depth=4_min_samples_leaf=5
PSRC1,0.09212118261664992,3,RF_max_depth=4_min_samples_leaf=5
KLK4,0.09212118261664992,3,RF_max_depth=4_min_samples_leaf=5
LOH12CR2,0.09212118261664992,3,RF_max_depth=4_min_samples_leaf=5
AL391244.3,0.09212118261664992,3,RF_max_depth=4_min_samples_leaf=5
RP1,0.0922682210027307,3,RF_max_depth=4_min_samples_leaf=5
HRASLS5,0.0922682210027307,3,RF_max_depth=4_min_samples_leaf=5
PLPP6,0.0922682210027307,3,RF_max_depth=4_min_samples_leaf=5
SLC4A3,0.0922970037811431,3,RF_max_depth=4_min_samples_leaf=5
PLEKHD1,0.0922970037811431,3,RF_max_depth=4_min_samples_leaf=5
GCOM1,0.0922970037811431,3,RF_max_depth=4_min_samples_leaf=5
POTEA,0.0922970037811431,3,RF_max_depth=4_min_samples_leaf=5
CDH7,0.0922970037811431,3,RF_max_depth=4_min_samples_leaf=5
ASMT,0.0922970037811431,3,RF_max_depth=4_min_samples_leaf=5
ABCC12,0.0922970037811431,3,RF_max_depth=4_min_samples_leaf=5
AC016355.1,0.0922970037811431,3,RF_max_depth=4_min_samples_leaf=5
DUX4,0.0922970037811431,3,RF_max_depth=4_min_samples_leaf=5
RN7SL121P,0.0922970037811431,3,RF_max_depth=4_min_samples_leaf=5
GAL3ST1,0.0922970037811431,3,RF_max_depth=4_min_samples_leaf=5
OLIG1,0.09268448163787231,3,RF_max_depth=4_min_samples_leaf=5
PIANP,0.09268448163787231,3,RF_max_depth=4_min_samples_leaf=5
AP000811.1,0.09268448163787231,3,RF_max_depth=4_min_samples_leaf=5
TPBG,0.09268448163787231,3,RF_max_depth=4_min_samples_leaf=5
SNTG1,0.09274362708624719,3,RF_max_depth=4_min_samples_leaf=5
NXF5,0.09274362708624719,3,RF_max_depth=4_min_samples_leaf=5
OR1E1,0.09274362708624719,3,RF_max_depth=4_min_samples_leaf=5
VHLL,0.09305725189187501,3,RF_max_depth=4_min_samples_leaf=5
OR4N5,0.09309488184819796,3,RF_max_depth=4_min_samples_leaf=5
SDAD1P1,0.09310347493737936,3,RF_max_depth=4_min_samples_leaf=5
ACTN2,0.09310347493737936,3,RF_max_depth=4_min_samples_leaf=5
RPL23AP24,0.09331400326447493,3,RF_max_depth=4_min_samples_leaf=5
TMEM105,0.09352056801920007,3,RF_max_depth=4_min_samples_leaf=5
C3orf22,0.09388340221482393,3,RF_max_depth=4_min_samples_leaf=5
ZNF182,0.09388340221482393,3,RF_max_depth=4_min_samples_leaf=5
AL033543.1,0.09388340221482393,3,RF_max_depth=4_min_samples_leaf=5
CD19,0.09388340221482393,3,RF_max_depth=4_min_samples_leaf=5
GAGE12E,0.09388340221482393,3,RF_max_depth=4_min_samples_leaf=5
PRAMEF7,0.09388340221482393,3,RF_max_depth=4_min_samples_leaf=5
NKX2-4,0.09388340221482393,3,RF_max_depth=4_min_samples_leaf=5
CHAT,0.09388340221482393,3,RF_max_depth=4_min_samples_leaf=5
ARHGAP27P2,0.09409942264803924,3,RF_max_depth=4_min_samples_leaf=5
AC144568.2,0.09422052746900308,3,RF_max_depth=4_min_samples_leaf=5
AC010834.3,0.09422052746900308,3,RF_max_depth=4_min_samples_leaf=5
LMX1A,0.09422052746900308,3,RF_max_depth=4_min_samples_leaf=5
EPHA6,0.09422052746900308,3,RF_max_depth=4_min_samples_leaf=5
AC127070.4,0.09492896181226232,3,RF_max_depth=4_min_samples_leaf=5
SGSH,0.09492896181226232,3,RF_max_depth=4_min_samples_leaf=5
AC099684.2,0.09497623502267405,3,RF_max_depth=4_min_samples_leaf=5
RAPGEF3,0.09507042454029167,3,RF_max_depth=4_min_samples_leaf=5
ANKK1,0.09507042454029167,3,RF_max_depth=4_min_samples_leaf=5
C17orf113,0.09507042454029167,3,RF_max_depth=4_min_samples_leaf=5
SATL1,0.09507042454029167,3,RF_max_depth=4_min_samples_leaf=5
KBTBD11,0.09507042454029167,3,RF_max_depth=4_min_samples_leaf=5
MED10,0.09507042454029167,3,RF_max_depth=4_min_samples_leaf=5
DCLK1,0.09507042454029167,3,RF_max_depth=4_min_samples_leaf=5
WDR86,0.09560619248881083,3,RF_max_depth=4_min_samples_leaf=5
ADAM30,0.09560619248881083,3,RF_max_depth=4_min_samples_leaf=5
AC092683.1,0.09560619248881083,3,RF_max_depth=4_min_samples_leaf=5
PROM2,0.09579808769962304,3,RF_max_depth=4_min_samples_leaf=5
C9orf50,0.09579808769962304,3,RF_max_depth=4_min_samples_leaf=5
RHEBL1,0.09579808769962304,3,RF_max_depth=4_min_samples_leaf=5
TOX4P1,0.09579808769962304,3,RF_max_depth=4_min_samples_leaf=5
C9orf43,0.09579808769962304,3,RF_max_depth=4_min_samples_leaf=5
SYTL1,0.09581548950559193,3,RF_max_depth=4_min_samples_leaf=5
MROH5,0.09581548950559193,3,RF_max_depth=4_min_samples_leaf=5
LINC02397,0.09581548950559193,3,RF_max_depth=4_min_samples_leaf=5
LHFPL5,0.09581548950559193,3,RF_max_depth=4_min_samples_leaf=5
LINC01902,0.09581548950559193,3,RF_max_depth=4_min_samples_leaf=5
TMEM235,0.09581548950559193,3,RF_max_depth=4_min_samples_leaf=5
SIX3,0.09600173293005373,3,RF_max_depth=4_min_samples_leaf=5
CRACR2B,0.096016013323301,3,RF_max_depth=4_min_samples_leaf=5
UNC5D,0.096016013323301,3,RF_max_depth=4_min_samples_leaf=5
SOX14,0.09638781975892838,3,RF_max_depth=4_min_samples_leaf=5
GRID1,0.09648278438081398,3,RF_max_depth=4_min_samples_leaf=5
LYSMD1,0.09657086335471711,3,RF_max_depth=4_min_samples_leaf=5
AQP6,0.09667251014239375,3,RF_max_depth=4_min_samples_leaf=5
HR,0.09667251014239375,3,RF_max_depth=4_min_samples_leaf=5
GPR174,0.09705245995408292,3,RF_max_depth=4_min_samples_leaf=5
OR4X1,0.09705245995408292,3,RF_max_depth=4_min_samples_leaf=5
AC159540.2,0.0970978857329201,3,RF_max_depth=4_min_samples_leaf=5
AL109976.1,0.09733547687369087,3,RF_max_depth=4_min_samples_leaf=5
TGM5,0.09772818252393742,3,RF_max_depth=4_min_samples_leaf=5
UPK1A,0.09772818252393742,3,RF_max_depth=4_min_samples_leaf=5
ASPRV1,0.09772818252393742,3,RF_max_depth=4_min_samples_leaf=5
IGHV3-73,0.09772818252393742,3,RF_max_depth=4_min_samples_leaf=5
GPR78,0.09772818252393742,3,RF_max_depth=4_min_samples_leaf=5
MS4A18,0.0978883219514199,3,RF_max_depth=4_min_samples_leaf=5
CBLN1,0.0978883219514199,3,RF_max_depth=4_min_samples_leaf=5
RCVRN,0.0978883219514199,3,RF_max_depth=4_min_samples_leaf=5
NRXN2,0.0978883219514199,3,RF_max_depth=4_min_samples_leaf=5
TEX35,0.0978883219514199,3,RF_max_depth=4_min_samples_leaf=5
PRSS55,0.0978883219514199,3,RF_max_depth=4_min_samples_leaf=5
MDGA2,0.09796467896132903,3,RF_max_depth=4_min_samples_leaf=5
INSM1,0.09796467896132903,3,RF_max_depth=4_min_samples_leaf=5
OR8B8,0.09809288456177821,3,RF_max_depth=4_min_samples_leaf=5
LRRIQ4,0.09824480078632078,3,RF_max_depth=4_min_samples_leaf=5
DUSP8,0.09848945945326582,3,RF_max_depth=4_min_samples_leaf=5
CCDC83,0.09893450294662949,3,RF_max_depth=4_min_samples_leaf=5
CDH3,0.09897276214921136,3,RF_max_depth=4_min_samples_leaf=5
AC135977.1,0.09898348692017041,3,RF_max_depth=4_min_samples_leaf=5
NETO1,0.09913562496676866,3,RF_max_depth=4_min_samples_leaf=5
LAG3,0.09917065364039233,3,RF_max_depth=4_min_samples_leaf=5
C9orf24,0.0992385759543128,3,RF_max_depth=4_min_samples_leaf=5
SKOR1,0.09932966400570929,3,RF_max_depth=4_min_samples_leaf=5
PAEP,0.0993612584244345,3,RF_max_depth=4_min_samples_leaf=5
KPRP,0.0993612584244345,3,RF_max_depth=4_min_samples_leaf=5
CHRND,0.0993612584244345,3,RF_max_depth=4_min_samples_leaf=5
AC120114.4,0.0993612584244345,3,RF_max_depth=4_min_samples_leaf=5
AGTR1,0.0993612584244345,3,RF_max_depth=4_min_samples_leaf=5
CPNE9,0.0993612584244345,3,RF_max_depth=4_min_samples_leaf=5
CD22,0.0993612584244345,3,RF_max_depth=4_min_samples_leaf=5
MRLN,0.0993612584244345,3,RF_max_depth=4_min_samples_leaf=5
ALMS1P1,0.0993612584244345,3,RF_max_depth=4_min_samples_leaf=5
PKP1,0.0993612584244345,3,RF_max_depth=4_min_samples_leaf=5
TBC1D10C,0.0993612584244345,3,RF_max_depth=4_min_samples_leaf=5
OR3A3,0.09938625606596155,3,RF_max_depth=4_min_samples_leaf=5
STPG2,0.09938625606596155,3,RF_max_depth=4_min_samples_leaf=5
PTX4,0.09943262687922846,3,RF_max_depth=4_min_samples_leaf=5
SLC39A2,0.09943262687922846,3,RF_max_depth=4_min_samples_leaf=5
SH2B2,0.09943262687922846,3,RF_max_depth=4_min_samples_leaf=5
USP17L12,0.09950412006968819,3,RF_max_depth=4_min_samples_leaf=5
GDAP1L1,0.09950412006968819,3,RF_max_depth=4_min_samples_leaf=5
DCUN1D2,0.09950412006968819,3,RF_max_depth=4_min_samples_leaf=5
TSPAN6,0.9998951898820592,1,RF_max_depth=4_min_samples_leaf=10
CYP51A1,0.9998951898820592,1,RF_max_depth=4_min_samples_leaf=10
ANKIB1,0.9998951898820592,1,RF_max_depth=4_min_samples_leaf=10
CFTR,0.9998951898820592,1,RF_max_depth=4_min_samples_leaf=10
SEMA3F,0.9998951898820592,1,RF_max_depth=4_min_samples_leaf=10
ENPP4,0.9998951898820592,1,RF_max_depth=4_min_samples_leaf=10
LAS1L,0.9998951898820592,1,RF_max_depth=4_min_samples_leaf=10
NIPAL3,0.9998951898820592,1,RF_max_depth=4_min_samples_leaf=10
STPG1,0.9998951898820592,1,RF_max_depth=4_min_samples_leaf=10
NFYA,0.9998951898820592,1,RF_max_depth=4_min_samples_leaf=10
GCLC,0.9998951898820592,1,RF_max_depth=4_min_samples_leaf=10
FUCA2,0.9998951898820592,1,RF_max_depth=4_min_samples_leaf=10
CFH,0.9998951898820592,1,RF_max_depth=4_min_samples_leaf=10
FGR,0.9998951898820592,1,RF_max_depth=4_min_samples_leaf=10
C1orf112,0.9998951898820592,1,RF_max_depth=4_min_samples_leaf=10
SCYL3,0.9998951898820592,1,RF_max_depth=4_min_samples_leaf=10
DPM1,0.9998951898820592,1,RF_max_depth=4_min_samples_leaf=10
TNMD,0.9998951898820592,1,RF_max_depth=4_min_samples_leaf=10
KRIT1,0.9998951898820592,1,RF_max_depth=4_min_samples_leaf=10
RAD52,0.9998951898820592,1,RF_max_depth=4_min_samples_leaf=10
CABP2,0.004953978164657469,2,RF_max_depth=4_min_samples_leaf=10
REXO1L3P,0.005502022433787022,2,RF_max_depth=4_min_samples_leaf=10
EFHC2,0.018117009506931382,2,RF_max_depth=4_min_samples_leaf=10
DCDC2C,0.018117009506931382,2,RF_max_depth=4_min_samples_leaf=10
AC006538.1,0.028233978739854403,2,RF_max_depth=4_min_samples_leaf=10
REC114,0.04441359359673939,2,RF_max_depth=4_min_samples_leaf=10
RNY4,0.04441359359673939,2,RF_max_depth=4_min_samples_leaf=10
RN7SL665P,0.04441359359673939,2,RF_max_depth=4_min_samples_leaf=10
SPART-AS1,0.058204451131717135,2,RF_max_depth=4_min_samples_leaf=10
CSF2,0.058204451131717135,2,RF_max_depth=4_min_samples_leaf=10
INAFM2,0.058204451131717135,2,RF_max_depth=4_min_samples_leaf=10
CU633904.1,0.0651210464977755,2,RF_max_depth=4_min_samples_leaf=10
RN7SL499P,0.06950100501599517,2,RF_max_depth=4_min_samples_leaf=10
AC112504.1,0.08037723722522737,2,RF_max_depth=4_min_samples_leaf=10
AC025198.1,0.09902553412890835,2,RF_max_depth=4_min_samples_leaf=10
CBR3-AS1,0.10791175878208961,2,RF_max_depth=4_min_samples_leaf=10
CLDN34,0.11629212255035036,2,RF_max_depth=4_min_samples_leaf=10
AC073548.1,0.11629212255035036,2,RF_max_depth=4_min_samples_leaf=10
DEFB115,0.11855022804480668,2,RF_max_depth=4_min_samples_leaf=10
GFRA3,0.12221609593539541,2,RF_max_depth=4_min_samples_leaf=10
FAXC,0.00539658557097864,3,RF_max_depth=4_min_samples_leaf=10
NBPF22P,0.00539658557097864,3,RF_max_depth=4_min_samples_leaf=10
FAM180B,0.006977115943327905,3,RF_max_depth=4_min_samples_leaf=10
ZNF114,0.008628444165318558,3,RF_max_depth=4_min_samples_leaf=10
STOML3,0.009588025657421891,3,RF_max_depth=4_min_samples_leaf=10
NTRK3,0.009588025657421891,3,RF_max_depth=4_min_samples_leaf=10
IRX5,0.009588025657421891,3,RF_max_depth=4_min_samples_leaf=10
AC116351.1,0.009588025657421891,3,RF_max_depth=4_min_samples_leaf=10
DMRTC1B,0.009588025657421891,3,RF_max_depth=4_min_samples_leaf=10
AL138889.1,0.013242753283149567,3,RF_max_depth=4_min_samples_leaf=10
COL9A2,0.013242753283149567,3,RF_max_depth=4_min_samples_leaf=10
PRKCG,0.013242753283149567,3,RF_max_depth=4_min_samples_leaf=10
DMRTC1,0.013242753283149567,3,RF_max_depth=4_min_samples_leaf=10
AL353726.2,0.014031241625901001,3,RF_max_depth=4_min_samples_leaf=10
FAM74A6,0.014031241625901001,3,RF_max_depth=4_min_samples_leaf=10
TOGARAM2,0.014031241625901001,3,RF_max_depth=4_min_samples_leaf=10
TTC39A,0.014031241625901001,3,RF_max_depth=4_min_samples_leaf=10
JPH3,0.014031241625901001,3,RF_max_depth=4_min_samples_leaf=10
OR6J1,0.014031241625901001,3,RF_max_depth=4_min_samples_leaf=10
CCDC26,0.014031241625901001,3,RF_max_depth=4_min_samples_leaf=10
MROH7,0.014031241625901001,3,RF_max_depth=4_min_samples_leaf=10
SLITRK2,0.014814121014561995,3,RF_max_depth=4_min_samples_leaf=10
PRSS40A,0.016181458476970046,3,RF_max_depth=4_min_samples_leaf=10
OR2A1-AS1,0.016622533951540976,3,RF_max_depth=4_min_samples_leaf=10
CENPI,0.016886481665560466,3,RF_max_depth=4_min_samples_leaf=10
SLC6A2,0.016886481665560466,3,RF_max_depth=4_min_samples_leaf=10
AC114324.1,0.016886481665560466,3,RF_max_depth=4_min_samples_leaf=10
SYNPO2L,0.017539660233741785,3,RF_max_depth=4_min_samples_leaf=10
DPYSL5,0.017539660233741785,3,RF_max_depth=4_min_samples_leaf=10
TNR,0.017539660233741785,3,RF_max_depth=4_min_samples_leaf=10
FBXO40,0.017539660233741785,3,RF_max_depth=4_min_samples_leaf=10
CRX,0.017539660233741785,3,RF_max_depth=4_min_samples_leaf=10
KCNIP3,0.017539660233741785,3,RF_max_depth=4_min_samples_leaf=10
HNRNPA1P51,0.017539660233741785,3,RF_max_depth=4_min_samples_leaf=10
ABHD1,0.017539660233741785,3,RF_max_depth=4_min_samples_leaf=10
OLMALINC,0.017539660233741785,3,RF_max_depth=4_min_samples_leaf=10
TEX45,0.017539660233741785,3,RF_max_depth=4_min_samples_leaf=10
EPHA10,0.017539660233741785,3,RF_max_depth=4_min_samples_leaf=10
FAM90A5P,0.017539660233741785,3,RF_max_depth=4_min_samples_leaf=10
XPOTP1,0.017820278998938118,3,RF_max_depth=4_min_samples_leaf=10
DMP1,0.017820278998938118,3,RF_max_depth=4_min_samples_leaf=10
CALB1,0.017820278998938118,3,RF_max_depth=4_min_samples_leaf=10
LINC00514,0.017820278998938118,3,RF_max_depth=4_min_samples_leaf=10
KCNH6,0.01801260044015546,3,RF_max_depth=4_min_samples_leaf=10
EREG,0.01801260044015546,3,RF_max_depth=4_min_samples_leaf=10
P2RX5-TAX1BP3,0.018045521443828354,3,RF_max_depth=4_min_samples_leaf=10
LOXHD1,0.018045521443828354,3,RF_max_depth=4_min_samples_leaf=10
TBR1,0.018377605251327082,3,RF_max_depth=4_min_samples_leaf=10
NPHS2,0.018377605251327082,3,RF_max_depth=4_min_samples_leaf=10
DBET,0.018377605251327082,3,RF_max_depth=4_min_samples_leaf=10
TMEM185B,0.018377605251327082,3,RF_max_depth=4_min_samples_leaf=10
AL021877.2,0.018377605251327082,3,RF_max_depth=4_min_samples_leaf=10
USP17L23,0.02018875081594464,3,RF_max_depth=4_min_samples_leaf=10
KCNJ3,0.020220637989254612,3,RF_max_depth=4_min_samples_leaf=10
FAM90A12P,0.020220637989254612,3,RF_max_depth=4_min_samples_leaf=10
CRB2,0.020220637989254612,3,RF_max_depth=4_min_samples_leaf=10
ABRA,0.020220637989254612,3,RF_max_depth=4_min_samples_leaf=10
SSX1,0.02129364622282527,3,RF_max_depth=4_min_samples_leaf=10
KRT16,0.02143695949022278,3,RF_max_depth=4_min_samples_leaf=10
MRGPRX3,0.02143695949022278,3,RF_max_depth=4_min_samples_leaf=10
AL117328.2,0.02143695949022278,3,RF_max_depth=4_min_samples_leaf=10
NECAB1,0.022054012254959288,3,RF_max_depth=4_min_samples_leaf=10
VAX1,0.0237874108657593,3,RF_max_depth=4_min_samples_leaf=10
SPIC,0.02424332761941429,3,RF_max_depth=4_min_samples_leaf=10
PROCA1,0.02441665838599665,3,RF_max_depth=4_min_samples_leaf=10
ACOXL,0.02657295685158734,3,RF_max_depth=4_min_samples_leaf=10
LINC01583,0.02657295685158734,3,RF_max_depth=4_min_samples_leaf=10
CSPG5,0.02657295685158734,3,RF_max_depth=4_min_samples_leaf=10
CLVS2,0.027101469995209144,3,RF_max_depth=4_min_samples_leaf=10
USP17L16P,0.02731927630195309,3,RF_max_depth=4_min_samples_leaf=10
CCDC42,0.02731927630195309,3,RF_max_depth=4_min_samples_leaf=10
TNIP3,0.02731927630195309,3,RF_max_depth=4_min_samples_leaf=10
TH,0.02731927630195309,3,RF_max_depth=4_min_samples_leaf=10
LINC01249,0.027800706849345134,3,RF_max_depth=4_min_samples_leaf=10
PFN2,0.02825034652616595,3,RF_max_depth=4_min_samples_leaf=10
MIAT,0.028346997548205573,3,RF_max_depth=4_min_samples_leaf=10
SLC24A4,0.028346997548205573,3,RF_max_depth=4_min_samples_leaf=10
TRPC6,0.029307562846594484,3,RF_max_depth=4_min_samples_leaf=10
NWD1,0.029307562846594484,3,RF_max_depth=4_min_samples_leaf=10
AMHR2,0.029783702544144964,3,RF_max_depth=4_min_samples_leaf=10
DTD1,0.029783702544144964,3,RF_max_depth=4_min_samples_leaf=10
MEGF11,0.029783702544144964,3,RF_max_depth=4_min_samples_leaf=10
KLK3,0.029783702544144964,3,RF_max_depth=4_min_samples_leaf=10
SLITRK5,0.029783702544144964,3,RF_max_depth=4_min_samples_leaf=10
DGKK,0.030162317323427647,3,RF_max_depth=4_min_samples_leaf=10
PLA2G2F,0.030622024944046224,3,RF_max_depth=4_min_samples_leaf=10
SEPT14P19,0.030622024944046224,3,RF_max_depth=4_min_samples_leaf=10
FAM174B,0.03177519788341467,3,RF_max_depth=4_min_samples_leaf=10
OR14J1,0.03294870949825732,3,RF_max_depth=4_min_samples_leaf=10
AC092068.2,0.03294870949825732,3,RF_max_depth=4_min_samples_leaf=10
KEL,0.03379866942573288,3,RF_max_depth=4_min_samples_leaf=10
PSCA,0.03379866942573288,3,RF_max_depth=4_min_samples_leaf=10
RPL34-AS1,0.034316864477139795,3,RF_max_depth=4_min_samples_leaf=10
IGHD,0.034316864477139795,3,RF_max_depth=4_min_samples_leaf=10
JAKMIP2,0.034316864477139795,3,RF_max_depth=4_min_samples_leaf=10
ZNF702P,0.034316864477139795,3,RF_max_depth=4_min_samples_leaf=10
GRM1,0.0343887040614536,3,RF_max_depth=4_min_samples_leaf=10
LRRC55,0.0343887040614536,3,RF_max_depth=4_min_samples_leaf=10
TMEM179,0.0343887040614536,3,RF_max_depth=4_min_samples_leaf=10
NPAP1,0.0343887040614536,3,RF_max_depth=4_min_samples_leaf=10
CALY,0.0343887040614536,3,RF_max_depth=4_min_samples_leaf=10
C2orf92,0.035178165454674844,3,RF_max_depth=4_min_samples_leaf=10
GABBR1,0.035178165454674844,3,RF_max_depth=4_min_samples_leaf=10
CD40LG,0.035178165454674844,3,RF_max_depth=4_min_samples_leaf=10
AC008555.2,0.035178165454674844,3,RF_max_depth=4_min_samples_leaf=10
TRAIP,0.035178165454674844,3,RF_max_depth=4_min_samples_leaf=10
BCO1,0.035178165454674844,3,RF_max_depth=4_min_samples_leaf=10
PSG3,0.035178165454674844,3,RF_max_depth=4_min_samples_leaf=10
ENOPH1,0.035178165454674844,3,RF_max_depth=4_min_samples_leaf=10
LINC02054,0.035178165454674844,3,RF_max_depth=4_min_samples_leaf=10
GAS2L1,0.035178165454674844,3,RF_max_depth=4_min_samples_leaf=10
TLX1,0.035178165454674844,3,RF_max_depth=4_min_samples_leaf=10
ADGRB1,0.035178165454674844,3,RF_max_depth=4_min_samples_leaf=10
KCTD16,0.035178165454674844,3,RF_max_depth=4_min_samples_leaf=10
PCDHA7,0.035178165454674844,3,RF_max_depth=4_min_samples_leaf=10
KLHL11,0.035178165454674844,3,RF_max_depth=4_min_samples_leaf=10
OR7E25P,0.0354416618095872,3,RF_max_depth=4_min_samples_leaf=10
AC021351.1,0.036040641588008,3,RF_max_depth=4_min_samples_leaf=10
DDX43,0.036040641588008,3,RF_max_depth=4_min_samples_leaf=10
KCNA2,0.036040641588008,3,RF_max_depth=4_min_samples_leaf=10
DDX25,0.03650543227565041,3,RF_max_depth=4_min_samples_leaf=10
DCSTAMP,0.03678789567818994,3,RF_max_depth=4_min_samples_leaf=10
KIF1A,0.03678789567818994,3,RF_max_depth=4_min_samples_leaf=10
DUX4L34,0.03685273702471296,3,RF_max_depth=4_min_samples_leaf=10
GAGE1,0.03685273702471296,3,RF_max_depth=4_min_samples_leaf=10
CHRNA2,0.03685273702471296,3,RF_max_depth=4_min_samples_leaf=10
HHATL,0.03694650135444695,3,RF_max_depth=4_min_samples_leaf=10
ZMYND10,0.038876800643459844,3,RF_max_depth=4_min_samples_leaf=10
ARHGEF26-AS1,0.038887830628702706,3,RF_max_depth=4_min_samples_leaf=10
RGMA,0.040110584994110556,3,RF_max_depth=4_min_samples_leaf=10
SLC25A33,0.04064616288677423,3,RF_max_depth=4_min_samples_leaf=10
AC012370.2,0.04064616288677423,3,RF_max_depth=4_min_samples_leaf=10
ROR2,0.04064616288677423,3,RF_max_depth=4_min_samples_leaf=10
RETREG1,0.04064616288677423,3,RF_max_depth=4_min_samples_leaf=10
NPAS1,0.04064616288677423,3,RF_max_depth=4_min_samples_leaf=10
TRIM31,0.04064616288677423,3,RF_max_depth=4_min_samples_leaf=10
RHO,0.04064616288677423,3,RF_max_depth=4_min_samples_leaf=10
LINC01106,0.04064616288677423,3,RF_max_depth=4_min_samples_leaf=10
XKR9,0.04064616288677423,3,RF_max_depth=4_min_samples_leaf=10
AC133561.1,0.04064616288677423,3,RF_max_depth=4_min_samples_leaf=10
CADPS,0.04064616288677423,3,RF_max_depth=4_min_samples_leaf=10
AC008079.2,0.04064616288677423,3,RF_max_depth=4_min_samples_leaf=10
AC004889.1,0.04064616288677423,3,RF_max_depth=4_min_samples_leaf=10
PAPOLB,0.04064616288677423,3,RF_max_depth=4_min_samples_leaf=10
ASRGL1,0.04083902330824747,3,RF_max_depth=4_min_samples_leaf=10
AC026523.2,0.04083902330824747,3,RF_max_depth=4_min_samples_leaf=10
AL031594.1,0.04083902330824747,3,RF_max_depth=4_min_samples_leaf=10
OR4K17,0.04083902330824747,3,RF_max_depth=4_min_samples_leaf=10
STAG3L5P,0.04103445322733728,3,RF_max_depth=4_min_samples_leaf=10
SPRY3,0.04103445322733728,3,RF_max_depth=4_min_samples_leaf=10
PABPN1L,0.04103445322733728,3,RF_max_depth=4_min_samples_leaf=10
KRT6A,0.04103445322733728,3,RF_max_depth=4_min_samples_leaf=10
AL160272.1,0.04103445322733728,3,RF_max_depth=4_min_samples_leaf=10
CLVS1,0.04103445322733728,3,RF_max_depth=4_min_samples_leaf=10
CACNB3,0.04103445322733728,3,RF_max_depth=4_min_samples_leaf=10
CDH10,0.04103445322733728,3,RF_max_depth=4_min_samples_leaf=10
AL358334.2,0.04103445322733728,3,RF_max_depth=4_min_samples_leaf=10
OPRD1,0.04104499386429288,3,RF_max_depth=4_min_samples_leaf=10
KRTAP5-5,0.04104499386429288,3,RF_max_depth=4_min_samples_leaf=10
ADCY1,0.04104499386429288,3,RF_max_depth=4_min_samples_leaf=10
PLEKHG4B,0.04104499386429288,3,RF_max_depth=4_min_samples_leaf=10
KBTBD12,0.04104499386429288,3,RF_max_depth=4_min_samples_leaf=10
ZNF541,0.04104499386429288,3,RF_max_depth=4_min_samples_leaf=10
KCNT1,0.04191386438934168,3,RF_max_depth=4_min_samples_leaf=10
GPR42,0.041940816796479416,3,RF_max_depth=4_min_samples_leaf=10
FP671120.1,0.04221655469720855,3,RF_max_depth=4_min_samples_leaf=10
NOTO,0.04221655469720855,3,RF_max_depth=4_min_samples_leaf=10
DUOXA1,0.042537916582875694,3,RF_max_depth=4_min_samples_leaf=10
LGALSL,0.042800932540857324,3,RF_max_depth=4_min_samples_leaf=10
ABCB10P1,0.042800932540857324,3,RF_max_depth=4_min_samples_leaf=10
RGS11,0.042800932540857324,3,RF_max_depth=4_min_samples_leaf=10
KNCN,0.04302123643116091,3,RF_max_depth=4_min_samples_leaf=10
FRG2B,0.04302123643116091,3,RF_max_depth=4_min_samples_leaf=10
AL161756.1,0.044256091323822945,3,RF_max_depth=4_min_samples_leaf=10
AL158835.2,0.044304487095292444,3,RF_max_depth=4_min_samples_leaf=10
N6AMT1,0.044304487095292444,3,RF_max_depth=4_min_samples_leaf=10
GOLGA2P11,0.044304487095292444,3,RF_max_depth=4_min_samples_leaf=10
LINC01551,0.044304487095292444,3,RF_max_depth=4_min_samples_leaf=10
TFAP2C,0.044304487095292444,3,RF_max_depth=4_min_samples_leaf=10
DUX4L18,0.044304487095292444,3,RF_max_depth=4_min_samples_leaf=10
TYRP1,0.044304487095292444,3,RF_max_depth=4_min_samples_leaf=10
TNFRSF8,0.044304487095292444,3,RF_max_depth=4_min_samples_leaf=10
AP000356.2,0.044304487095292444,3,RF_max_depth=4_min_samples_leaf=10
BTLA,0.044304487095292444,3,RF_max_depth=4_min_samples_leaf=10
HCN2,0.044304487095292444,3,RF_max_depth=4_min_samples_leaf=10
ASIC4,0.044304487095292444,3,RF_max_depth=4_min_samples_leaf=10
MMEL1,0.044304487095292444,3,RF_max_depth=4_min_samples_leaf=10
APLP1,0.04438997879529887,3,RF_max_depth=4_min_samples_leaf=10
DLX1,0.04438997879529887,3,RF_max_depth=4_min_samples_leaf=10
KLHL31,0.04483854200052717,3,RF_max_depth=4_min_samples_leaf=10
BCL7A,0.04512631081440691,3,RF_max_depth=4_min_samples_leaf=10
FIRRE,0.04531608625276706,3,RF_max_depth=4_min_samples_leaf=10
AL591845.1,0.04531608625276706,3,RF_max_depth=4_min_samples_leaf=10
FRRS1L,0.04555788298977436,3,RF_max_depth=4_min_samples_leaf=10
KIF5C,0.04555788298977436,3,RF_max_depth=4_min_samples_leaf=10
TNFRSF4,0.04555788298977436,3,RF_max_depth=4_min_samples_leaf=10
SLC7A4,0.04555788298977436,3,RF_max_depth=4_min_samples_leaf=10
IL9R,0.04555788298977436,3,RF_max_depth=4_min_samples_leaf=10
NPFFR1,0.04555788298977436,3,RF_max_depth=4_min_samples_leaf=10
TULP1,0.04555788298977436,3,RF_max_depth=4_min_samples_leaf=10
YWHAZP4,0.04616534987279668,3,RF_max_depth=4_min_samples_leaf=10
HIST1H3E,0.04706352202406224,3,RF_max_depth=4_min_samples_leaf=10
SLC6A10P,0.04727753183723076,3,RF_max_depth=4_min_samples_leaf=10
AC004706.3,0.047435005287452384,3,RF_max_depth=4_min_samples_leaf=10
FNDC7,0.047435005287452384,3,RF_max_depth=4_min_samples_leaf=10
CDCA7,0.04792183692872052,3,RF_max_depth=4_min_samples_leaf=10
FP236383.1,0.04792183692872052,3,RF_max_depth=4_min_samples_leaf=10
PCAT1,0.04792183692872052,3,RF_max_depth=4_min_samples_leaf=10
NTRK1,0.04792183692872052,3,RF_max_depth=4_min_samples_leaf=10
TTLL8,0.047928446392983146,3,RF_max_depth=4_min_samples_leaf=10
C2orf73,0.047928446392983146,3,RF_max_depth=4_min_samples_leaf=10
RHPN1,0.047928446392983146,3,RF_max_depth=4_min_samples_leaf=10
AC068389.1,0.04806717731358473,3,RF_max_depth=4_min_samples_leaf=10
TMEM26,0.04852670254165029,3,RF_max_depth=4_min_samples_leaf=10
ANKRD30BL,0.04852670254165029,3,RF_max_depth=4_min_samples_leaf=10
TDRKH-AS1,0.04852670254165029,3,RF_max_depth=4_min_samples_leaf=10
TSPEAR-AS2,0.04852670254165029,3,RF_max_depth=4_min_samples_leaf=10
C2orf83,0.048686362185902075,3,RF_max_depth=4_min_samples_leaf=10
FGF1,0.048686362185902075,3,RF_max_depth=4_min_samples_leaf=10
PRLHR,0.048686362185902075,3,RF_max_depth=4_min_samples_leaf=10
SLC22A20P,0.048686362185902075,3,RF_max_depth=4_min_samples_leaf=10
SUGT1P3,0.048686362185902075,3,RF_max_depth=4_min_samples_leaf=10
BPIFC,0.048686362185902075,3,RF_max_depth=4_min_samples_leaf=10
PLA2G4F,0.048686362185902075,3,RF_max_depth=4_min_samples_leaf=10
BTN1A1,0.048686362185902075,3,RF_max_depth=4_min_samples_leaf=10
AC022098.1,0.048686362185902075,3,RF_max_depth=4_min_samples_leaf=10
SPAG11A,0.04890820079512417,3,RF_max_depth=4_min_samples_leaf=10
POM121L7P,0.04890820079512417,3,RF_max_depth=4_min_samples_leaf=10
REEP1,0.049324189921397546,3,RF_max_depth=4_min_samples_leaf=10
OTOP1,0.04935269581381549,3,RF_max_depth=4_min_samples_leaf=10
EDAR,0.04966431087218614,3,RF_max_depth=4_min_samples_leaf=10
CCDC144NL,0.05039208949962252,3,RF_max_depth=4_min_samples_leaf=10
FAM90A6P,0.05048060396904864,3,RF_max_depth=4_min_samples_leaf=10
FOXD4L6,0.050762830431735025,3,RF_max_depth=4_min_samples_leaf=10
HTRA1,0.050762830431735025,3,RF_max_depth=4_min_samples_leaf=10
ESRRB,0.05204560452139759,3,RF_max_depth=4_min_samples_leaf=10
ADAM7,0.052111997989076925,3,RF_max_depth=4_min_samples_leaf=10
SNX19P3,0.052111997989076925,3,RF_max_depth=4_min_samples_leaf=10
SPAG11B,0.05251071878516467,3,RF_max_depth=4_min_samples_leaf=10
NKX6-1,0.05251071878516467,3,RF_max_depth=4_min_samples_leaf=10
IGHV1-3,0.05301449936650565,3,RF_max_depth=4_min_samples_leaf=10
CDK5R2,0.05301449936650565,3,RF_max_depth=4_min_samples_leaf=10
ANO7L1,0.05301449936650565,3,RF_max_depth=4_min_samples_leaf=10
ZNF286A,0.05301449936650565,3,RF_max_depth=4_min_samples_leaf=10
ZNF815P,0.05301449936650565,3,RF_max_depth=4_min_samples_leaf=10
ALG1L6P,0.0549149223016662,3,RF_max_depth=4_min_samples_leaf=10
MEX3A,0.0549149223016662,3,RF_max_depth=4_min_samples_leaf=10
ALOX12B,0.0549149223016662,3,RF_max_depth=4_min_samples_leaf=10
KRT27,0.0549149223016662,3,RF_max_depth=4_min_samples_leaf=10
DEFB103A,0.0549149223016662,3,RF_max_depth=4_min_samples_leaf=10
AC020978.9,0.0549149223016662,3,RF_max_depth=4_min_samples_leaf=10
KRT13,0.05591610244514105,3,RF_max_depth=4_min_samples_leaf=10
SNPH,0.05614119408474294,3,RF_max_depth=4_min_samples_leaf=10
RSPO2,0.056404983289655236,3,RF_max_depth=4_min_samples_leaf=10
ASB5,0.056421586393286836,3,RF_max_depth=4_min_samples_leaf=10
CHRNB3,0.056421586393286836,3,RF_max_depth=4_min_samples_leaf=10
AC005696.4,0.056421586393286836,3,RF_max_depth=4_min_samples_leaf=10
TACR3,0.056421586393286836,3,RF_max_depth=4_min_samples_leaf=10
FGF17,0.056421586393286836,3,RF_max_depth=4_min_samples_leaf=10
AC015802.6,0.056421586393286836,3,RF_max_depth=4_min_samples_leaf=10
POM121L6P,0.056421586393286836,3,RF_max_depth=4_min_samples_leaf=10
LINC01907,0.056421586393286836,3,RF_max_depth=4_min_samples_leaf=10
OR4K13,0.056421586393286836,3,RF_max_depth=4_min_samples_leaf=10
CHRM1,0.056421586393286836,3,RF_max_depth=4_min_samples_leaf=10
DDX11L8,0.056421586393286836,3,RF_max_depth=4_min_samples_leaf=10
DUX4L16,0.056421586393286836,3,RF_max_depth=4_min_samples_leaf=10
FAM189A2,0.056421586393286836,3,RF_max_depth=4_min_samples_leaf=10
GGT6,0.056421586393286836,3,RF_max_depth=4_min_samples_leaf=10
CSDC2,0.05642813278234746,3,RF_max_depth=4_min_samples_leaf=10
PRAMEF14,0.05642813278234746,3,RF_max_depth=4_min_samples_leaf=10
FBXO15,0.05642813278234746,3,RF_max_depth=4_min_samples_leaf=10
TMIE,0.056842758798017264,3,RF_max_depth=4_min_samples_leaf=10
TUBA3E,0.057221673697963105,3,RF_max_depth=4_min_samples_leaf=10
HTR2A,0.057622999281396886,3,RF_max_depth=4_min_samples_leaf=10
PSG9,0.057622999281396886,3,RF_max_depth=4_min_samples_leaf=10
SPATA31E1,0.057930443687294164,3,RF_max_depth=4_min_samples_leaf=10
C9orf147,0.05822257045452425,3,RF_max_depth=4_min_samples_leaf=10
CNIH3,0.058832021693182926,3,RF_max_depth=4_min_samples_leaf=10
SYT1,0.05918108799035227,3,RF_max_depth=4_min_samples_leaf=10
LRRN4,0.0594999942606913,3,RF_max_depth=4_min_samples_leaf=10
TMEM270,0.059828544569185335,3,RF_max_depth=4_min_samples_leaf=10
NR2E3,0.059828544569185335,3,RF_max_depth=4_min_samples_leaf=10
GAGE12G,0.060166312609025864,3,RF_max_depth=4_min_samples_leaf=10
SCNN1A,0.060166312609025864,3,RF_max_depth=4_min_samples_leaf=10
KIR2DS4,0.060166312609025864,3,RF_max_depth=4_min_samples_leaf=10
HAGHL,0.060166312609025864,3,RF_max_depth=4_min_samples_leaf=10
ZNF786,0.06080868411291613,3,RF_max_depth=4_min_samples_leaf=10
NAT1,0.06083217921214741,3,RF_max_depth=4_min_samples_leaf=10
FTCDNL1,0.06104807752417088,3,RF_max_depth=4_min_samples_leaf=10
ATP2C2,0.061059878595009776,3,RF_max_depth=4_min_samples_leaf=10
SLC22A14,0.06108385236631466,3,RF_max_depth=4_min_samples_leaf=10
GRIN3B,0.06119353732804948,3,RF_max_depth=4_min_samples_leaf=10
SEPT14P3,0.06135632063435592,3,RF_max_depth=4_min_samples_leaf=10
AMER3,0.06152574140639585,3,RF_max_depth=4_min_samples_leaf=10
TRIM36,0.06152574140639585,3,RF_max_depth=4_min_samples_leaf=10
MAP2K1P1,0.06152574140639585,3,RF_max_depth=4_min_samples_leaf=10
OR2A5,0.06295956017129513,3,RF_max_depth=4_min_samples_leaf=10
OTUD6A,0.06295956017129513,3,RF_max_depth=4_min_samples_leaf=10
CCDC144A,0.06295956017129513,3,RF_max_depth=4_min_samples_leaf=10
TPH2,0.063065176333581,3,RF_max_depth=4_min_samples_leaf=10
SEPT14P8,0.063065176333581,3,RF_max_depth=4_min_samples_leaf=10
WNT2B,0.06320808723504524,3,RF_max_depth=4_min_samples_leaf=10
TM4SF19,0.06368333057013997,3,RF_max_depth=4_min_samples_leaf=10
TRPV5,0.06380800412221949,3,RF_max_depth=4_min_samples_leaf=10
AP006545.1,0.06394949793791398,3,RF_max_depth=4_min_samples_leaf=10
SMIM31,0.064760644176766,3,RF_max_depth=4_min_samples_leaf=10
C5orf63,0.06598191322516932,3,RF_max_depth=4_min_samples_leaf=10
KCNJ12,0.06598191322516932,3,RF_max_depth=4_min_samples_leaf=10
SDK1,0.06598191322516932,3,RF_max_depth=4_min_samples_leaf=10
RBM20,0.06598191322516932,3,RF_max_depth=4_min_samples_leaf=10
DUX4L26,0.06598191322516932,3,RF_max_depth=4_min_samples_leaf=10
LINC00899,0.06598191322516932,3,RF_max_depth=4_min_samples_leaf=10
CELF4,0.06598191322516932,3,RF_max_depth=4_min_samples_leaf=10
C1orf94,0.06598191322516932,3,RF_max_depth=4_min_samples_leaf=10
PMCHL1,0.06598191322516932,3,RF_max_depth=4_min_samples_leaf=10
FFAR3,0.06598191322516932,3,RF_max_depth=4_min_samples_leaf=10
TMPRSS7,0.06598191322516932,3,RF_max_depth=4_min_samples_leaf=10
TRIM64C,0.06598191322516932,3,RF_max_depth=4_min_samples_leaf=10
CASP14,0.06598191322516932,3,RF_max_depth=4_min_samples_leaf=10
GOLGA6L3,0.06640070011508178,3,RF_max_depth=4_min_samples_leaf=10
AICDA,0.06640070011508178,3,RF_max_depth=4_min_samples_leaf=10
FGD1,0.06640070011508178,3,RF_max_depth=4_min_samples_leaf=10
AL133245.1,0.06640070011508178,3,RF_max_depth=4_min_samples_leaf=10
AL049812.1,0.06695534745245552,3,RF_max_depth=4_min_samples_leaf=10
AC138951.1,0.0672147033912957,3,RF_max_depth=4_min_samples_leaf=10
AL162456.1,0.06784718863306931,3,RF_max_depth=4_min_samples_leaf=10
AC092384.1,0.06845110575307461,3,RF_max_depth=4_min_samples_leaf=10
AC093826.2,0.06892084782692252,3,RF_max_depth=4_min_samples_leaf=10
EPHA8,0.06907298342284317,3,RF_max_depth=4_min_samples_leaf=10
PNLIPRP3,0.06907298342284317,3,RF_max_depth=4_min_samples_leaf=10
AL353572.2,0.06907298342284317,3,RF_max_depth=4_min_samples_leaf=10
WNT7B,0.06907298342284317,3,RF_max_depth=4_min_samples_leaf=10
ZBTB45,0.06907298342284317,3,RF_max_depth=4_min_samples_leaf=10
FAM205BP,0.06907298342284317,3,RF_max_depth=4_min_samples_leaf=10
AL008638.3,0.06907298342284317,3,RF_max_depth=4_min_samples_leaf=10
DUOXA2,0.06907298342284317,3,RF_max_depth=4_min_samples_leaf=10
FGF9,0.06907298342284317,3,RF_max_depth=4_min_samples_leaf=10
AC020917.4,0.06907298342284317,3,RF_max_depth=4_min_samples_leaf=10
KCNJ18,0.06907298342284317,3,RF_max_depth=4_min_samples_leaf=10
PSG6,0.06923462268730492,3,RF_max_depth=4_min_samples_leaf=10
C3orf30,0.06928955489577464,3,RF_max_depth=4_min_samples_leaf=10
LINC00330,0.06928955489577464,3,RF_max_depth=4_min_samples_leaf=10
AC003957.1,0.06928955489577464,3,RF_max_depth=4_min_samples_leaf=10
KCNE1B,0.06952894575052851,3,RF_max_depth=4_min_samples_leaf=10
AC025048.6,0.06952894575052851,3,RF_max_depth=4_min_samples_leaf=10
ICA1,0.06952894575052851,3,RF_max_depth=4_min_samples_leaf=10
ACSM4,0.06952894575052851,3,RF_max_depth=4_min_samples_leaf=10
USP17L22,0.06964531011761801,3,RF_max_depth=4_min_samples_leaf=10
AL161757.5,0.06965618011330972,3,RF_max_depth=4_min_samples_leaf=10
DUPD1,0.06965618011330972,3,RF_max_depth=4_min_samples_leaf=10
NMUR2,0.06965618011330972,3,RF_max_depth=4_min_samples_leaf=10
AL121906.2,0.06981993981963273,3,RF_max_depth=4_min_samples_leaf=10
PVALB,0.07016010653248997,3,RF_max_depth=4_min_samples_leaf=10
TPTE2P1,0.07090578180302683,3,RF_max_depth=4_min_samples_leaf=10
SERPINB8,0.07167442922039091,3,RF_max_depth=4_min_samples_leaf=10
KCNF1,0.0718199359991636,3,RF_max_depth=4_min_samples_leaf=10
TMPRSS11B,0.0723895194481392,3,RF_max_depth=4_min_samples_leaf=10
RAC3,0.0728118134522436,3,RF_max_depth=4_min_samples_leaf=10
FOXN1,0.0728118134522436,3,RF_max_depth=4_min_samples_leaf=10
GRIA2,0.0728118134522436,3,RF_max_depth=4_min_samples_leaf=10
LINC01299,0.0728118134522436,3,RF_max_depth=4_min_samples_leaf=10
FAM53A,0.0728118134522436,3,RF_max_depth=4_min_samples_leaf=10
AC008395.1,0.0728118134522436,3,RF_max_depth=4_min_samples_leaf=10
ERICH6,0.0728118134522436,3,RF_max_depth=4_min_samples_leaf=10
CDC42P6,0.0728118134522436,3,RF_max_depth=4_min_samples_leaf=10
STYK1,0.07311009009315364,3,RF_max_depth=4_min_samples_leaf=10
LINC00504,0.07311009009315364,3,RF_max_depth=4_min_samples_leaf=10
AC092720.1,0.07312693430239875,3,RF_max_depth=4_min_samples_leaf=10
FAM90A26,0.0736477477788858,3,RF_max_depth=4_min_samples_leaf=10
KCNA4,0.0736477477788858,3,RF_max_depth=4_min_samples_leaf=10
GAD2,0.0736477477788858,3,RF_max_depth=4_min_samples_leaf=10
SFTPB,0.0736477477788858,3,RF_max_depth=4_min_samples_leaf=10
DUX4L9,0.0736477477788858,3,RF_max_depth=4_min_samples_leaf=10
MYO1A,0.07438666514097347,3,RF_max_depth=4_min_samples_leaf=10
PPARGC1B,0.07441755893262474,3,RF_max_depth=4_min_samples_leaf=10
AC136944.2,0.07441755893262474,3,RF_max_depth=4_min_samples_leaf=10
NEUROD2,0.07464857197813378,3,RF_max_depth=4_min_samples_leaf=10
ABO,0.0749069773112455,3,RF_max_depth=4_min_samples_leaf=10
RPL23AP45,0.07514235976286973,3,RF_max_depth=4_min_samples_leaf=10
OR2L5,0.07514235976286973,3,RF_max_depth=4_min_samples_leaf=10
SETP20,0.07514235976286973,3,RF_max_depth=4_min_samples_leaf=10
MATN1,0.07564763793563618,3,RF_max_depth=4_min_samples_leaf=10
NHS,0.07585066645681807,3,RF_max_depth=4_min_samples_leaf=10
KANK4,0.07594133551828897,3,RF_max_depth=4_min_samples_leaf=10
IRX3,0.0760372990527913,3,RF_max_depth=4_min_samples_leaf=10
TARM1,0.0760372990527913,3,RF_max_depth=4_min_samples_leaf=10
AC005863.1,0.0760372990527913,3,RF_max_depth=4_min_samples_leaf=10
ROR1,0.0760372990527913,3,RF_max_depth=4_min_samples_leaf=10
CNGB1,0.0760372990527913,3,RF_max_depth=4_min_samples_leaf=10
SEC14L3,0.0760372990527913,3,RF_max_depth=4_min_samples_leaf=10
RTKN2,0.07647458420937212,3,RF_max_depth=4_min_samples_leaf=10
MGAT4C,0.07648772520712296,3,RF_max_depth=4_min_samples_leaf=10
ZBTB42,0.07648772520712296,3,RF_max_depth=4_min_samples_leaf=10
CNKSR2,0.076604505163913,3,RF_max_depth=4_min_samples_leaf=10
CLCA2,0.076604505163913,3,RF_max_depth=4_min_samples_leaf=10
FAM220A,0.07712171459582322,3,RF_max_depth=4_min_samples_leaf=10
VPS33B-DT,0.07712171459582322,3,RF_max_depth=4_min_samples_leaf=10
MUC4,0.07722155426728945,3,RF_max_depth=4_min_samples_leaf=10
FAM131C,0.0773102293681053,3,RF_max_depth=4_min_samples_leaf=10
SCN1A,0.07772217160853977,3,RF_max_depth=4_min_samples_leaf=10
FAM155B,0.07811060453740831,3,RF_max_depth=4_min_samples_leaf=10
TRIM29,0.07925670737670557,3,RF_max_depth=4_min_samples_leaf=10
GJA8,0.07925670737670557,3,RF_max_depth=4_min_samples_leaf=10
OR13C4,0.0793177196150097,3,RF_max_depth=4_min_samples_leaf=10
HRH2,0.0793177196150097,3,RF_max_depth=4_min_samples_leaf=10
PPP5D1,0.07957560878848477,3,RF_max_depth=4_min_samples_leaf=10
AC012454.1,0.0798122175929982,3,RF_max_depth=4_min_samples_leaf=10
IGLV1-41,0.0798122175929982,3,RF_max_depth=4_min_samples_leaf=10
AC087501.4,0.0798122175929982,3,RF_max_depth=4_min_samples_leaf=10
CRTAC1,0.0798122175929982,3,RF_max_depth=4_min_samples_leaf=10
RP1L1,0.0798122175929982,3,RF_max_depth=4_min_samples_leaf=10
AL031283.1,0.0798122175929982,3,RF_max_depth=4_min_samples_leaf=10
SIAH2,0.07996204774894304,3,RF_max_depth=4_min_samples_leaf=10
GABRR1,0.07996204774894304,3,RF_max_depth=4_min_samples_leaf=10
LRRN4CL,0.07996204774894304,3,RF_max_depth=4_min_samples_leaf=10
TRIO,0.07996204774894304,3,RF_max_depth=4_min_samples_leaf=10
SYT3,0.07996204774894304,3,RF_max_depth=4_min_samples_leaf=10
KRT17P5,0.07996204774894304,3,RF_max_depth=4_min_samples_leaf=10
AC058791.1,0.07996204774894304,3,RF_max_depth=4_min_samples_leaf=10
AL022068.1,0.07996204774894304,3,RF_max_depth=4_min_samples_leaf=10
FANCB,0.07996204774894304,3,RF_max_depth=4_min_samples_leaf=10
UNC79,0.07996204774894304,3,RF_max_depth=4_min_samples_leaf=10
AP004147.1,0.08041731818025824,3,RF_max_depth=4_min_samples_leaf=10
C3orf52,0.08041731818025824,3,RF_max_depth=4_min_samples_leaf=10
OBP2A,0.08043621030298036,3,RF_max_depth=4_min_samples_leaf=10
C2orf50,0.08043621030298036,3,RF_max_depth=4_min_samples_leaf=10
MAPK4,0.08043621030298036,3,RF_max_depth=4_min_samples_leaf=10
PDCL2,0.08131946737098274,3,RF_max_depth=4_min_samples_leaf=10
SULT4A1,0.08170899415582066,3,RF_max_depth=4_min_samples_leaf=10
TMEM78,0.08227348244245415,3,RF_max_depth=4_min_samples_leaf=10
BRINP2,0.08227348244245415,3,RF_max_depth=4_min_samples_leaf=10
DSCAML1,0.08227348244245415,3,RF_max_depth=4_min_samples_leaf=10
SMTNL2,0.08227348244245415,3,RF_max_depth=4_min_samples_leaf=10
SLC6A7,0.08266957056817671,3,RF_max_depth=4_min_samples_leaf=10
LINC01694,0.0827118729775521,3,RF_max_depth=4_min_samples_leaf=10
HCN4,0.08309657725691327,3,RF_max_depth=4_min_samples_leaf=10
CA9,0.0834490387661084,3,RF_max_depth=4_min_samples_leaf=10
TMPRSS4,0.0834490387661084,3,RF_max_depth=4_min_samples_leaf=10
AC020928.3,0.0834490387661084,3,RF_max_depth=4_min_samples_leaf=10
IGF2BP1,0.08351123186757416,3,RF_max_depth=4_min_samples_leaf=10
FAM90A3P,0.08413124767663013,3,RF_max_depth=4_min_samples_leaf=10
TUBA3C,0.08413124767663013,3,RF_max_depth=4_min_samples_leaf=10
CD300LF,0.08453077972666906,3,RF_max_depth=4_min_samples_leaf=10
CEACAM8,0.08472224893008884,3,RF_max_depth=4_min_samples_leaf=10
STRA6,0.08474507751554806,3,RF_max_depth=4_min_samples_leaf=10
LINC00641,0.0851165105747441,3,RF_max_depth=4_min_samples_leaf=10
TSPYL5,0.08577600815728087,3,RF_max_depth=4_min_samples_leaf=10
AC084879.1,0.08577600815728087,3,RF_max_depth=4_min_samples_leaf=10
PRAMEF1,0.08577600815728087,3,RF_max_depth=4_min_samples_leaf=10
IQANK1,0.08577600815728087,3,RF_max_depth=4_min_samples_leaf=10
KCNQ5,0.08659727090027632,3,RF_max_depth=4_min_samples_leaf=10
OR8H3,0.08659727090027632,3,RF_max_depth=4_min_samples_leaf=10
TCP11X1,0.08659727090027632,3,RF_max_depth=4_min_samples_leaf=10
ACKR1,0.08712530915313524,3,RF_max_depth=4_min_samples_leaf=10
RUFY4,0.08712530915313524,3,RF_max_depth=4_min_samples_leaf=10
PRSS41,0.08767299164494007,3,RF_max_depth=4_min_samples_leaf=10
ZAR1L,0.0877114788148592,3,RF_max_depth=4_min_samples_leaf=10
OR51L1,0.08830006933389846,3,RF_max_depth=4_min_samples_leaf=10
EBI3,0.08830006933389846,3,RF_max_depth=4_min_samples_leaf=10
AC023830.2,0.08840965953986661,3,RF_max_depth=4_min_samples_leaf=10
MYO15A,0.0884512107651039,3,RF_max_depth=4_min_samples_leaf=10
NANOGNB,0.0884512107651039,3,RF_max_depth=4_min_samples_leaf=10
DSC1,0.08858087376586468,3,RF_max_depth=4_min_samples_leaf=10
BPIFA1,0.08922795831035768,3,RF_max_depth=4_min_samples_leaf=10
LINC02216,0.08922795831035768,3,RF_max_depth=4_min_samples_leaf=10
AC006435.4,0.08922795831035768,3,RF_max_depth=4_min_samples_leaf=10
MCM10,0.08922795831035768,3,RF_max_depth=4_min_samples_leaf=10
XPO5,0.08950982274403034,3,RF_max_depth=4_min_samples_leaf=10
CPN1,0.08957381027992756,3,RF_max_depth=4_min_samples_leaf=10
USH1G,0.08959883653778297,3,RF_max_depth=4_min_samples_leaf=10
AC127164.1,0.08959883653778297,3,RF_max_depth=4_min_samples_leaf=10
PHEX,0.08959883653778297,3,RF_max_depth=4_min_samples_leaf=10
DCLRE1CP1,0.08959883653778297,3,RF_max_depth=4_min_samples_leaf=10
SLC30A3,0.08959883653778297,3,RF_max_depth=4_min_samples_leaf=10
LDB2,0.089863448149246,3,RF_max_depth=4_min_samples_leaf=10
MAFA,0.08996787039101475,3,RF_max_depth=4_min_samples_leaf=10
AL390957.1,0.09064746791327594,3,RF_max_depth=4_min_samples_leaf=10
BEGAIN,0.09075768535157906,3,RF_max_depth=4_min_samples_leaf=10
FGF5,0.09090684298838718,3,RF_max_depth=4_min_samples_leaf=10
CTF1,0.09109292601257638,3,RF_max_depth=4_min_samples_leaf=10
AL078621.1,0.09109292601257638,3,RF_max_depth=4_min_samples_leaf=10
OR10P1,0.09145888158565421,3,RF_max_depth=4_min_samples_leaf=10
UFSP1,0.09167729425706343,3,RF_max_depth=4_min_samples_leaf=10
AK8,0.09167729425706343,3,RF_max_depth=4_min_samples_leaf=10
PSRC1,0.09212118261664992,3,RF_max_depth=4_min_samples_leaf=10
KLK4,0.09212118261664992,3,RF_max_depth=4_min_samples_leaf=10
LOH12CR2,0.09212118261664992,3,RF_max_depth=4_min_samples_leaf=10
AL391244.3,0.09212118261664992,3,RF_max_depth=4_min_samples_leaf=10
RP1,0.0922682210027307,3,RF_max_depth=4_min_samples_leaf=10
HRASLS5,0.0922682210027307,3,RF_max_depth=4_min_samples_leaf=10
PLPP6,0.0922682210027307,3,RF_max_depth=4_min_samples_leaf=10
SLC4A3,0.0922970037811431,3,RF_max_depth=4_min_samples_leaf=10
PLEKHD1,0.0922970037811431,3,RF_max_depth=4_min_samples_leaf=10
GCOM1,0.0922970037811431,3,RF_max_depth=4_min_samples_leaf=10
POTEA,0.0922970037811431,3,RF_max_depth=4_min_samples_leaf=10
CDH7,0.0922970037811431,3,RF_max_depth=4_min_samples_leaf=10
ASMT,0.0922970037811431,3,RF_max_depth=4_min_samples_leaf=10
ABCC12,0.0922970037811431,3,RF_max_depth=4_min_samples_leaf=10
AC016355.1,0.0922970037811431,3,RF_max_depth=4_min_samples_leaf=10
DUX4,0.0922970037811431,3,RF_max_depth=4_min_samples_leaf=10
RN7SL121P,0.0922970037811431,3,RF_max_depth=4_min_samples_leaf=10
GAL3ST1,0.0922970037811431,3,RF_max_depth=4_min_samples_leaf=10
OLIG1,0.09268448163787231,3,RF_max_depth=4_min_samples_leaf=10
PIANP,0.09268448163787231,3,RF_max_depth=4_min_samples_leaf=10
AP000811.1,0.09268448163787231,3,RF_max_depth=4_min_samples_leaf=10
TPBG,0.09268448163787231,3,RF_max_depth=4_min_samples_leaf=10
SNTG1,0.09274362708624719,3,RF_max_depth=4_min_samples_leaf=10
NXF5,0.09274362708624719,3,RF_max_depth=4_min_samples_leaf=10
OR1E1,0.09274362708624719,3,RF_max_depth=4_min_samples_leaf=10
VHLL,0.09305725189187501,3,RF_max_depth=4_min_samples_leaf=10
OR4N5,0.09309488184819796,3,RF_max_depth=4_min_samples_leaf=10
SDAD1P1,0.09310347493737936,3,RF_max_depth=4_min_samples_leaf=10
ACTN2,0.09310347493737936,3,RF_max_depth=4_min_samples_leaf=10
RPL23AP24,0.09331400326447493,3,RF_max_depth=4_min_samples_leaf=10
TMEM105,0.09352056801920007,3,RF_max_depth=4_min_samples_leaf=10
C3orf22,0.09388340221482393,3,RF_max_depth=4_min_samples_leaf=10
ZNF182,0.09388340221482393,3,RF_max_depth=4_min_samples_leaf=10
AL033543.1,0.09388340221482393,3,RF_max_depth=4_min_samples_leaf=10
CD19,0.09388340221482393,3,RF_max_depth=4_min_samples_leaf=10
GAGE12E,0.09388340221482393,3,RF_max_depth=4_min_samples_leaf=10
PRAMEF7,0.09388340221482393,3,RF_max_depth=4_min_samples_leaf=10
NKX2-4,0.09388340221482393,3,RF_max_depth=4_min_samples_leaf=10
CHAT,0.09388340221482393,3,RF_max_depth=4_min_samples_leaf=10
ARHGAP27P2,0.09409942264803924,3,RF_max_depth=4_min_samples_leaf=10
AC144568.2,0.09422052746900308,3,RF_max_depth=4_min_samples_leaf=10
AC010834.3,0.09422052746900308,3,RF_max_depth=4_min_samples_leaf=10
LMX1A,0.09422052746900308,3,RF_max_depth=4_min_samples_leaf=10
EPHA6,0.09422052746900308,3,RF_max_depth=4_min_samples_leaf=10
AC127070.4,0.09492896181226232,3,RF_max_depth=4_min_samples_leaf=10
SGSH,0.09492896181226232,3,RF_max_depth=4_min_samples_leaf=10
AC099684.2,0.09497623502267405,3,RF_max_depth=4_min_samples_leaf=10
RAPGEF3,0.09507042454029167,3,RF_max_depth=4_min_samples_leaf=10
ANKK1,0.09507042454029167,3,RF_max_depth=4_min_samples_leaf=10
C17orf113,0.09507042454029167,3,RF_max_depth=4_min_samples_leaf=10
SATL1,0.09507042454029167,3,RF_max_depth=4_min_samples_leaf=10
KBTBD11,0.09507042454029167,3,RF_max_depth=4_min_samples_leaf=10
MED10,0.09507042454029167,3,RF_max_depth=4_min_samples_leaf=10
DCLK1,0.09507042454029167,3,RF_max_depth=4_min_samples_leaf=10
WDR86,0.09560619248881083,3,RF_max_depth=4_min_samples_leaf=10
ADAM30,0.09560619248881083,3,RF_max_depth=4_min_samples_leaf=10
AC092683.1,0.09560619248881083,3,RF_max_depth=4_min_samples_leaf=10
PROM2,0.09579808769962304,3,RF_max_depth=4_min_samples_leaf=10
C9orf50,0.09579808769962304,3,RF_max_depth=4_min_samples_leaf=10
RHEBL1,0.09579808769962304,3,RF_max_depth=4_min_samples_leaf=10
TOX4P1,0.09579808769962304,3,RF_max_depth=4_min_samples_leaf=10
C9orf43,0.09579808769962304,3,RF_max_depth=4_min_samples_leaf=10
SYTL1,0.09581548950559193,3,RF_max_depth=4_min_samples_leaf=10
MROH5,0.09581548950559193,3,RF_max_depth=4_min_samples_leaf=10
LINC02397,0.09581548950559193,3,RF_max_depth=4_min_samples_leaf=10
LHFPL5,0.09581548950559193,3,RF_max_depth=4_min_samples_leaf=10
LINC01902,0.09581548950559193,3,RF_max_depth=4_min_samples_leaf=10
TMEM235,0.09581548950559193,3,RF_max_depth=4_min_samples_leaf=10
SIX3,0.09600173293005373,3,RF_max_depth=4_min_samples_leaf=10
CRACR2B,0.096016013323301,3,RF_max_depth=4_min_samples_leaf=10
UNC5D,0.096016013323301,3,RF_max_depth=4_min_samples_leaf=10
SOX14,0.09638781975892838,3,RF_max_depth=4_min_samples_leaf=10
GRID1,0.09648278438081398,3,RF_max_depth=4_min_samples_leaf=10
LYSMD1,0.09657086335471711,3,RF_max_depth=4_min_samples_leaf=10
AQP6,0.09667251014239375,3,RF_max_depth=4_min_samples_leaf=10
HR,0.09667251014239375,3,RF_max_depth=4_min_samples_leaf=10
GPR174,0.09705245995408292,3,RF_max_depth=4_min_samples_leaf=10
OR4X1,0.09705245995408292,3,RF_max_depth=4_min_samples_leaf=10
AC159540.2,0.0970978857329201,3,RF_max_depth=4_min_samples_leaf=10
AL109976.1,0.09733547687369087,3,RF_max_depth=4_min_samples_leaf=10
TGM5,0.09772818252393742,3,RF_max_depth=4_min_samples_leaf=10
UPK1A,0.09772818252393742,3,RF_max_depth=4_min_samples_leaf=10
ASPRV1,0.09772818252393742,3,RF_max_depth=4_min_samples_leaf=10
IGHV3-73,0.09772818252393742,3,RF_max_depth=4_min_samples_leaf=10
GPR78,0.09772818252393742,3,RF_max_depth=4_min_samples_leaf=10
MS4A18,0.0978883219514199,3,RF_max_depth=4_min_samples_leaf=10
CBLN1,0.0978883219514199,3,RF_max_depth=4_min_samples_leaf=10
RCVRN,0.0978883219514199,3,RF_max_depth=4_min_samples_leaf=10
NRXN2,0.0978883219514199,3,RF_max_depth=4_min_samples_leaf=10
TEX35,0.0978883219514199,3,RF_max_depth=4_min_samples_leaf=10
PRSS55,0.0978883219514199,3,RF_max_depth=4_min_samples_leaf=10
MDGA2,0.09796467896132903,3,RF_max_depth=4_min_samples_leaf=10
INSM1,0.09796467896132903,3,RF_max_depth=4_min_samples_leaf=10
OR8B8,0.09809288456177821,3,RF_max_depth=4_min_samples_leaf=10
LRRIQ4,0.09824480078632078,3,RF_max_depth=4_min_samples_leaf=10
DUSP8,0.09848945945326582,3,RF_max_depth=4_min_samples_leaf=10
CCDC83,0.09893450294662949,3,RF_max_depth=4_min_samples_leaf=10
CDH3,0.09897276214921136,3,RF_max_depth=4_min_samples_leaf=10
AC135977.1,0.09898348692017041,3,RF_max_depth=4_min_samples_leaf=10
NETO1,0.09913562496676866,3,RF_max_depth=4_min_samples_leaf=10
LAG3,0.09917065364039233,3,RF_max_depth=4_min_samples_leaf=10
C9orf24,0.0992385759543128,3,RF_max_depth=4_min_samples_leaf=10
SKOR1,0.09932966400570929,3,RF_max_depth=4_min_samples_leaf=10
PAEP,0.0993612584244345,3,RF_max_depth=4_min_samples_leaf=10
KPRP,0.0993612584244345,3,RF_max_depth=4_min_samples_leaf=10
CHRND,0.0993612584244345,3,RF_max_depth=4_min_samples_leaf=10
AC120114.4,0.0993612584244345,3,RF_max_depth=4_min_samples_leaf=10
AGTR1,0.0993612584244345,3,RF_max_depth=4_min_samples_leaf=10
CPNE9,0.0993612584244345,3,RF_max_depth=4_min_samples_leaf=10
CD22,0.0993612584244345,3,RF_max_depth=4_min_samples_leaf=10
MRLN,0.0993612584244345,3,RF_max_depth=4_min_samples_leaf=10
ALMS1P1,0.0993612584244345,3,RF_max_depth=4_min_samples_leaf=10
PKP1,0.0993612584244345,3,RF_max_depth=4_min_samples_leaf=10
TBC1D10C,0.0993612584244345,3,RF_max_depth=4_min_samples_leaf=10
OR3A3,0.09938625606596155,3,RF_max_depth=4_min_samples_leaf=10
STPG2,0.09938625606596155,3,RF_max_depth=4_min_samples_leaf=10
PTX4,0.09943262687922846,3,RF_max_depth=4_min_samples_leaf=10
SLC39A2,0.09943262687922846,3,RF_max_depth=4_min_samples_leaf=10
SH2B2,0.09943262687922846,3,RF_max_depth=4_min_samples_leaf=10
USP17L12,0.09950412006968819,3,RF_max_depth=4_min_samples_leaf=10
GDAP1L1,0.09950412006968819,3,RF_max_depth=4_min_samples_leaf=10
DCUN1D2,0.09950412006968819,3,RF_max_depth=4_min_samples_leaf=10
TSPAN6,0.9998951898820592,1,RF_max_depth=4_min_samples_leaf=15
CYP51A1,0.9998951898820592,1,RF_max_depth=4_min_samples_leaf=15
ANKIB1,0.9998951898820592,1,RF_max_depth=4_min_samples_leaf=15
CFTR,0.9998951898820592,1,RF_max_depth=4_min_samples_leaf=15
SEMA3F,0.9998951898820592,1,RF_max_depth=4_min_samples_leaf=15
ENPP4,0.9998951898820592,1,RF_max_depth=4_min_samples_leaf=15
LAS1L,0.9998951898820592,1,RF_max_depth=4_min_samples_leaf=15
NIPAL3,0.9998951898820592,1,RF_max_depth=4_min_samples_leaf=15
STPG1,0.9998951898820592,1,RF_max_depth=4_min_samples_leaf=15
NFYA,0.9998951898820592,1,RF_max_depth=4_min_samples_leaf=15
GCLC,0.9998951898820592,1,RF_max_depth=4_min_samples_leaf=15
FUCA2,0.9998951898820592,1,RF_max_depth=4_min_samples_leaf=15
CFH,0.9998951898820592,1,RF_max_depth=4_min_samples_leaf=15
FGR,0.9998951898820592,1,RF_max_depth=4_min_samples_leaf=15
C1orf112,0.9998951898820592,1,RF_max_depth=4_min_samples_leaf=15
SCYL3,0.9998951898820592,1,RF_max_depth=4_min_samples_leaf=15
DPM1,0.9998951898820592,1,RF_max_depth=4_min_samples_leaf=15
TNMD,0.9998951898820592,1,RF_max_depth=4_min_samples_leaf=15
KRIT1,0.9998951898820592,1,RF_max_depth=4_min_samples_leaf=15
RAD52,0.9998951898820592,1,RF_max_depth=4_min_samples_leaf=15
CABP2,0.004953978164657469,2,RF_max_depth=4_min_samples_leaf=15
REXO1L3P,0.005502022433787022,2,RF_max_depth=4_min_samples_leaf=15
EFHC2,0.018117009506931382,2,RF_max_depth=4_min_samples_leaf=15
DCDC2C,0.018117009506931382,2,RF_max_depth=4_min_samples_leaf=15
AC006538.1,0.028233978739854403,2,RF_max_depth=4_min_samples_leaf=15
REC114,0.04441359359673939,2,RF_max_depth=4_min_samples_leaf=15
RNY4,0.04441359359673939,2,RF_max_depth=4_min_samples_leaf=15
RN7SL665P,0.04441359359673939,2,RF_max_depth=4_min_samples_leaf=15
SPART-AS1,0.058204451131717135,2,RF_max_depth=4_min_samples_leaf=15
CSF2,0.058204451131717135,2,RF_max_depth=4_min_samples_leaf=15
INAFM2,0.058204451131717135,2,RF_max_depth=4_min_samples_leaf=15
CU633904.1,0.0651210464977755,2,RF_max_depth=4_min_samples_leaf=15
RN7SL499P,0.06950100501599517,2,RF_max_depth=4_min_samples_leaf=15
AC112504.1,0.08037723722522737,2,RF_max_depth=4_min_samples_leaf=15
AC025198.1,0.09902553412890835,2,RF_max_depth=4_min_samples_leaf=15
CBR3-AS1,0.10791175878208961,2,RF_max_depth=4_min_samples_leaf=15
CLDN34,0.11629212255035036,2,RF_max_depth=4_min_samples_leaf=15
AC073548.1,0.11629212255035036,2,RF_max_depth=4_min_samples_leaf=15
DEFB115,0.11855022804480668,2,RF_max_depth=4_min_samples_leaf=15
GFRA3,0.12221609593539541,2,RF_max_depth=4_min_samples_leaf=15
FAXC,0.00539658557097864,3,RF_max_depth=4_min_samples_leaf=15
NBPF22P,0.00539658557097864,3,RF_max_depth=4_min_samples_leaf=15
FAM180B,0.006977115943327905,3,RF_max_depth=4_min_samples_leaf=15
ZNF114,0.008628444165318558,3,RF_max_depth=4_min_samples_leaf=15
STOML3,0.009588025657421891,3,RF_max_depth=4_min_samples_leaf=15
NTRK3,0.009588025657421891,3,RF_max_depth=4_min_samples_leaf=15
IRX5,0.009588025657421891,3,RF_max_depth=4_min_samples_leaf=15
AC116351.1,0.009588025657421891,3,RF_max_depth=4_min_samples_leaf=15
DMRTC1B,0.009588025657421891,3,RF_max_depth=4_min_samples_leaf=15
AL138889.1,0.013242753283149567,3,RF_max_depth=4_min_samples_leaf=15
COL9A2,0.013242753283149567,3,RF_max_depth=4_min_samples_leaf=15
PRKCG,0.013242753283149567,3,RF_max_depth=4_min_samples_leaf=15
DMRTC1,0.013242753283149567,3,RF_max_depth=4_min_samples_leaf=15
AL353726.2,0.014031241625901001,3,RF_max_depth=4_min_samples_leaf=15
FAM74A6,0.014031241625901001,3,RF_max_depth=4_min_samples_leaf=15
TOGARAM2,0.014031241625901001,3,RF_max_depth=4_min_samples_leaf=15
TTC39A,0.014031241625901001,3,RF_max_depth=4_min_samples_leaf=15
JPH3,0.014031241625901001,3,RF_max_depth=4_min_samples_leaf=15
OR6J1,0.014031241625901001,3,RF_max_depth=4_min_samples_leaf=15
CCDC26,0.014031241625901001,3,RF_max_depth=4_min_samples_leaf=15
MROH7,0.014031241625901001,3,RF_max_depth=4_min_samples_leaf=15
SLITRK2,0.014814121014561995,3,RF_max_depth=4_min_samples_leaf=15
PRSS40A,0.016181458476970046,3,RF_max_depth=4_min_samples_leaf=15
OR2A1-AS1,0.016622533951540976,3,RF_max_depth=4_min_samples_leaf=15
CENPI,0.016886481665560466,3,RF_max_depth=4_min_samples_leaf=15
SLC6A2,0.016886481665560466,3,RF_max_depth=4_min_samples_leaf=15
AC114324.1,0.016886481665560466,3,RF_max_depth=4_min_samples_leaf=15
SYNPO2L,0.017539660233741785,3,RF_max_depth=4_min_samples_leaf=15
DPYSL5,0.017539660233741785,3,RF_max_depth=4_min_samples_leaf=15
TNR,0.017539660233741785,3,RF_max_depth=4_min_samples_leaf=15
FBXO40,0.017539660233741785,3,RF_max_depth=4_min_samples_leaf=15
CRX,0.017539660233741785,3,RF_max_depth=4_min_samples_leaf=15
KCNIP3,0.017539660233741785,3,RF_max_depth=4_min_samples_leaf=15
HNRNPA1P51,0.017539660233741785,3,RF_max_depth=4_min_samples_leaf=15
ABHD1,0.017539660233741785,3,RF_max_depth=4_min_samples_leaf=15
OLMALINC,0.017539660233741785,3,RF_max_depth=4_min_samples_leaf=15
TEX45,0.017539660233741785,3,RF_max_depth=4_min_samples_leaf=15
EPHA10,0.017539660233741785,3,RF_max_depth=4_min_samples_leaf=15
FAM90A5P,0.017539660233741785,3,RF_max_depth=4_min_samples_leaf=15
XPOTP1,0.017820278998938118,3,RF_max_depth=4_min_samples_leaf=15
DMP1,0.017820278998938118,3,RF_max_depth=4_min_samples_leaf=15
CALB1,0.017820278998938118,3,RF_max_depth=4_min_samples_leaf=15
LINC00514,0.017820278998938118,3,RF_max_depth=4_min_samples_leaf=15
KCNH6,0.01801260044015546,3,RF_max_depth=4_min_samples_leaf=15
EREG,0.01801260044015546,3,RF_max_depth=4_min_samples_leaf=15
P2RX5-TAX1BP3,0.018045521443828354,3,RF_max_depth=4_min_samples_leaf=15
LOXHD1,0.018045521443828354,3,RF_max_depth=4_min_samples_leaf=15
TBR1,0.018377605251327082,3,RF_max_depth=4_min_samples_leaf=15
NPHS2,0.018377605251327082,3,RF_max_depth=4_min_samples_leaf=15
DBET,0.018377605251327082,3,RF_max_depth=4_min_samples_leaf=15
TMEM185B,0.018377605251327082,3,RF_max_depth=4_min_samples_leaf=15
AL021877.2,0.018377605251327082,3,RF_max_depth=4_min_samples_leaf=15
USP17L23,0.02018875081594464,3,RF_max_depth=4_min_samples_leaf=15
KCNJ3,0.020220637989254612,3,RF_max_depth=4_min_samples_leaf=15
FAM90A12P,0.020220637989254612,3,RF_max_depth=4_min_samples_leaf=15
CRB2,0.020220637989254612,3,RF_max_depth=4_min_samples_leaf=15
ABRA,0.020220637989254612,3,RF_max_depth=4_min_samples_leaf=15
SSX1,0.02129364622282527,3,RF_max_depth=4_min_samples_leaf=15
KRT16,0.02143695949022278,3,RF_max_depth=4_min_samples_leaf=15
MRGPRX3,0.02143695949022278,3,RF_max_depth=4_min_samples_leaf=15
AL117328.2,0.02143695949022278,3,RF_max_depth=4_min_samples_leaf=15
NECAB1,0.022054012254959288,3,RF_max_depth=4_min_samples_leaf=15
VAX1,0.0237874108657593,3,RF_max_depth=4_min_samples_leaf=15
SPIC,0.02424332761941429,3,RF_max_depth=4_min_samples_leaf=15
PROCA1,0.02441665838599665,3,RF_max_depth=4_min_samples_leaf=15
ACOXL,0.02657295685158734,3,RF_max_depth=4_min_samples_leaf=15
LINC01583,0.02657295685158734,3,RF_max_depth=4_min_samples_leaf=15
CSPG5,0.02657295685158734,3,RF_max_depth=4_min_samples_leaf=15
CLVS2,0.027101469995209144,3,RF_max_depth=4_min_samples_leaf=15
USP17L16P,0.02731927630195309,3,RF_max_depth=4_min_samples_leaf=15
CCDC42,0.02731927630195309,3,RF_max_depth=4_min_samples_leaf=15
TNIP3,0.02731927630195309,3,RF_max_depth=4_min_samples_leaf=15
TH,0.02731927630195309,3,RF_max_depth=4_min_samples_leaf=15
LINC01249,0.027800706849345134,3,RF_max_depth=4_min_samples_leaf=15
PFN2,0.02825034652616595,3,RF_max_depth=4_min_samples_leaf=15
MIAT,0.028346997548205573,3,RF_max_depth=4_min_samples_leaf=15
SLC24A4,0.028346997548205573,3,RF_max_depth=4_min_samples_leaf=15
TRPC6,0.029307562846594484,3,RF_max_depth=4_min_samples_leaf=15
NWD1,0.029307562846594484,3,RF_max_depth=4_min_samples_leaf=15
AMHR2,0.029783702544144964,3,RF_max_depth=4_min_samples_leaf=15
DTD1,0.029783702544144964,3,RF_max_depth=4_min_samples_leaf=15
MEGF11,0.029783702544144964,3,RF_max_depth=4_min_samples_leaf=15
KLK3,0.029783702544144964,3,RF_max_depth=4_min_samples_leaf=15
SLITRK5,0.029783702544144964,3,RF_max_depth=4_min_samples_leaf=15
DGKK,0.030162317323427647,3,RF_max_depth=4_min_samples_leaf=15
PLA2G2F,0.030622024944046224,3,RF_max_depth=4_min_samples_leaf=15
SEPT14P19,0.030622024944046224,3,RF_max_depth=4_min_samples_leaf=15
FAM174B,0.03177519788341467,3,RF_max_depth=4_min_samples_leaf=15
OR14J1,0.03294870949825732,3,RF_max_depth=4_min_samples_leaf=15
AC092068.2,0.03294870949825732,3,RF_max_depth=4_min_samples_leaf=15
KEL,0.03379866942573288,3,RF_max_depth=4_min_samples_leaf=15
PSCA,0.03379866942573288,3,RF_max_depth=4_min_samples_leaf=15
RPL34-AS1,0.034316864477139795,3,RF_max_depth=4_min_samples_leaf=15
IGHD,0.034316864477139795,3,RF_max_depth=4_min_samples_leaf=15
JAKMIP2,0.034316864477139795,3,RF_max_depth=4_min_samples_leaf=15
ZNF702P,0.034316864477139795,3,RF_max_depth=4_min_samples_leaf=15
GRM1,0.0343887040614536,3,RF_max_depth=4_min_samples_leaf=15
LRRC55,0.0343887040614536,3,RF_max_depth=4_min_samples_leaf=15
TMEM179,0.0343887040614536,3,RF_max_depth=4_min_samples_leaf=15
NPAP1,0.0343887040614536,3,RF_max_depth=4_min_samples_leaf=15
CALY,0.0343887040614536,3,RF_max_depth=4_min_samples_leaf=15
C2orf92,0.035178165454674844,3,RF_max_depth=4_min_samples_leaf=15
GABBR1,0.035178165454674844,3,RF_max_depth=4_min_samples_leaf=15
CD40LG,0.035178165454674844,3,RF_max_depth=4_min_samples_leaf=15
AC008555.2,0.035178165454674844,3,RF_max_depth=4_min_samples_leaf=15
TRAIP,0.035178165454674844,3,RF_max_depth=4_min_samples_leaf=15
BCO1,0.035178165454674844,3,RF_max_depth=4_min_samples_leaf=15
PSG3,0.035178165454674844,3,RF_max_depth=4_min_samples_leaf=15
ENOPH1,0.035178165454674844,3,RF_max_depth=4_min_samples_leaf=15
LINC02054,0.035178165454674844,3,RF_max_depth=4_min_samples_leaf=15
GAS2L1,0.035178165454674844,3,RF_max_depth=4_min_samples_leaf=15
TLX1,0.035178165454674844,3,RF_max_depth=4_min_samples_leaf=15
ADGRB1,0.035178165454674844,3,RF_max_depth=4_min_samples_leaf=15
KCTD16,0.035178165454674844,3,RF_max_depth=4_min_samples_leaf=15
PCDHA7,0.035178165454674844,3,RF_max_depth=4_min_samples_leaf=15
KLHL11,0.035178165454674844,3,RF_max_depth=4_min_samples_leaf=15
OR7E25P,0.0354416618095872,3,RF_max_depth=4_min_samples_leaf=15
AC021351.1,0.036040641588008,3,RF_max_depth=4_min_samples_leaf=15
DDX43,0.036040641588008,3,RF_max_depth=4_min_samples_leaf=15
KCNA2,0.036040641588008,3,RF_max_depth=4_min_samples_leaf=15
DDX25,0.03650543227565041,3,RF_max_depth=4_min_samples_leaf=15
DCSTAMP,0.03678789567818994,3,RF_max_depth=4_min_samples_leaf=15
KIF1A,0.03678789567818994,3,RF_max_depth=4_min_samples_leaf=15
DUX4L34,0.03685273702471296,3,RF_max_depth=4_min_samples_leaf=15
GAGE1,0.03685273702471296,3,RF_max_depth=4_min_samples_leaf=15
CHRNA2,0.03685273702471296,3,RF_max_depth=4_min_samples_leaf=15
HHATL,0.03694650135444695,3,RF_max_depth=4_min_samples_leaf=15
ZMYND10,0.038876800643459844,3,RF_max_depth=4_min_samples_leaf=15
ARHGEF26-AS1,0.038887830628702706,3,RF_max_depth=4_min_samples_leaf=15
RGMA,0.040110584994110556,3,RF_max_depth=4_min_samples_leaf=15
SLC25A33,0.04064616288677423,3,RF_max_depth=4_min_samples_leaf=15
AC012370.2,0.04064616288677423,3,RF_max_depth=4_min_samples_leaf=15
ROR2,0.04064616288677423,3,RF_max_depth=4_min_samples_leaf=15
RETREG1,0.04064616288677423,3,RF_max_depth=4_min_samples_leaf=15
NPAS1,0.04064616288677423,3,RF_max_depth=4_min_samples_leaf=15
TRIM31,0.04064616288677423,3,RF_max_depth=4_min_samples_leaf=15
RHO,0.04064616288677423,3,RF_max_depth=4_min_samples_leaf=15
LINC01106,0.04064616288677423,3,RF_max_depth=4_min_samples_leaf=15
XKR9,0.04064616288677423,3,RF_max_depth=4_min_samples_leaf=15
AC133561.1,0.04064616288677423,3,RF_max_depth=4_min_samples_leaf=15
CADPS,0.04064616288677423,3,RF_max_depth=4_min_samples_leaf=15
AC008079.2,0.04064616288677423,3,RF_max_depth=4_min_samples_leaf=15
AC004889.1,0.04064616288677423,3,RF_max_depth=4_min_samples_leaf=15
PAPOLB,0.04064616288677423,3,RF_max_depth=4_min_samples_leaf=15
ASRGL1,0.04083902330824747,3,RF_max_depth=4_min_samples_leaf=15
AC026523.2,0.04083902330824747,3,RF_max_depth=4_min_samples_leaf=15
AL031594.1,0.04083902330824747,3,RF_max_depth=4_min_samples_leaf=15
OR4K17,0.04083902330824747,3,RF_max_depth=4_min_samples_leaf=15
STAG3L5P,0.04103445322733728,3,RF_max_depth=4_min_samples_leaf=15
SPRY3,0.04103445322733728,3,RF_max_depth=4_min_samples_leaf=15
PABPN1L,0.04103445322733728,3,RF_max_depth=4_min_samples_leaf=15
KRT6A,0.04103445322733728,3,RF_max_depth=4_min_samples_leaf=15
AL160272.1,0.04103445322733728,3,RF_max_depth=4_min_samples_leaf=15
CLVS1,0.04103445322733728,3,RF_max_depth=4_min_samples_leaf=15
CACNB3,0.04103445322733728,3,RF_max_depth=4_min_samples_leaf=15
CDH10,0.04103445322733728,3,RF_max_depth=4_min_samples_leaf=15
AL358334.2,0.04103445322733728,3,RF_max_depth=4_min_samples_leaf=15
OPRD1,0.04104499386429288,3,RF_max_depth=4_min_samples_leaf=15
KRTAP5-5,0.04104499386429288,3,RF_max_depth=4_min_samples_leaf=15
ADCY1,0.04104499386429288,3,RF_max_depth=4_min_samples_leaf=15
PLEKHG4B,0.04104499386429288,3,RF_max_depth=4_min_samples_leaf=15
KBTBD12,0.04104499386429288,3,RF_max_depth=4_min_samples_leaf=15
ZNF541,0.04104499386429288,3,RF_max_depth=4_min_samples_leaf=15
KCNT1,0.04191386438934168,3,RF_max_depth=4_min_samples_leaf=15
GPR42,0.041940816796479416,3,RF_max_depth=4_min_samples_leaf=15
FP671120.1,0.04221655469720855,3,RF_max_depth=4_min_samples_leaf=15
NOTO,0.04221655469720855,3,RF_max_depth=4_min_samples_leaf=15
DUOXA1,0.042537916582875694,3,RF_max_depth=4_min_samples_leaf=15
LGALSL,0.042800932540857324,3,RF_max_depth=4_min_samples_leaf=15
ABCB10P1,0.042800932540857324,3,RF_max_depth=4_min_samples_leaf=15
RGS11,0.042800932540857324,3,RF_max_depth=4_min_samples_leaf=15
KNCN,0.04302123643116091,3,RF_max_depth=4_min_samples_leaf=15
FRG2B,0.04302123643116091,3,RF_max_depth=4_min_samples_leaf=15
AL161756.1,0.044256091323822945,3,RF_max_depth=4_min_samples_leaf=15
AL158835.2,0.044304487095292444,3,RF_max_depth=4_min_samples_leaf=15
N6AMT1,0.044304487095292444,3,RF_max_depth=4_min_samples_leaf=15
GOLGA2P11,0.044304487095292444,3,RF_max_depth=4_min_samples_leaf=15
LINC01551,0.044304487095292444,3,RF_max_depth=4_min_samples_leaf=15
TFAP2C,0.044304487095292444,3,RF_max_depth=4_min_samples_leaf=15
DUX4L18,0.044304487095292444,3,RF_max_depth=4_min_samples_leaf=15
TYRP1,0.044304487095292444,3,RF_max_depth=4_min_samples_leaf=15
TNFRSF8,0.044304487095292444,3,RF_max_depth=4_min_samples_leaf=15
AP000356.2,0.044304487095292444,3,RF_max_depth=4_min_samples_leaf=15
BTLA,0.044304487095292444,3,RF_max_depth=4_min_samples_leaf=15
HCN2,0.044304487095292444,3,RF_max_depth=4_min_samples_leaf=15
ASIC4,0.044304487095292444,3,RF_max_depth=4_min_samples_leaf=15
MMEL1,0.044304487095292444,3,RF_max_depth=4_min_samples_leaf=15
APLP1,0.04438997879529887,3,RF_max_depth=4_min_samples_leaf=15
DLX1,0.04438997879529887,3,RF_max_depth=4_min_samples_leaf=15
KLHL31,0.04483854200052717,3,RF_max_depth=4_min_samples_leaf=15
BCL7A,0.04512631081440691,3,RF_max_depth=4_min_samples_leaf=15
FIRRE,0.04531608625276706,3,RF_max_depth=4_min_samples_leaf=15
AL591845.1,0.04531608625276706,3,RF_max_depth=4_min_samples_leaf=15
FRRS1L,0.04555788298977436,3,RF_max_depth=4_min_samples_leaf=15
KIF5C,0.04555788298977436,3,RF_max_depth=4_min_samples_leaf=15
TNFRSF4,0.04555788298977436,3,RF_max_depth=4_min_samples_leaf=15
SLC7A4,0.04555788298977436,3,RF_max_depth=4_min_samples_leaf=15
IL9R,0.04555788298977436,3,RF_max_depth=4_min_samples_leaf=15
NPFFR1,0.04555788298977436,3,RF_max_depth=4_min_samples_leaf=15
TULP1,0.04555788298977436,3,RF_max_depth=4_min_samples_leaf=15
YWHAZP4,0.04616534987279668,3,RF_max_depth=4_min_samples_leaf=15
HIST1H3E,0.04706352202406224,3,RF_max_depth=4_min_samples_leaf=15
SLC6A10P,0.04727753183723076,3,RF_max_depth=4_min_samples_leaf=15
AC004706.3,0.047435005287452384,3,RF_max_depth=4_min_samples_leaf=15
FNDC7,0.047435005287452384,3,RF_max_depth=4_min_samples_leaf=15
CDCA7,0.04792183692872052,3,RF_max_depth=4_min_samples_leaf=15
FP236383.1,0.04792183692872052,3,RF_max_depth=4_min_samples_leaf=15
PCAT1,0.04792183692872052,3,RF_max_depth=4_min_samples_leaf=15
NTRK1,0.04792183692872052,3,RF_max_depth=4_min_samples_leaf=15
TTLL8,0.047928446392983146,3,RF_max_depth=4_min_samples_leaf=15
C2orf73,0.047928446392983146,3,RF_max_depth=4_min_samples_leaf=15
RHPN1,0.047928446392983146,3,RF_max_depth=4_min_samples_leaf=15
AC068389.1,0.04806717731358473,3,RF_max_depth=4_min_samples_leaf=15
TMEM26,0.04852670254165029,3,RF_max_depth=4_min_samples_leaf=15
ANKRD30BL,0.04852670254165029,3,RF_max_depth=4_min_samples_leaf=15
TDRKH-AS1,0.04852670254165029,3,RF_max_depth=4_min_samples_leaf=15
TSPEAR-AS2,0.04852670254165029,3,RF_max_depth=4_min_samples_leaf=15
C2orf83,0.048686362185902075,3,RF_max_depth=4_min_samples_leaf=15
FGF1,0.048686362185902075,3,RF_max_depth=4_min_samples_leaf=15
PRLHR,0.048686362185902075,3,RF_max_depth=4_min_samples_leaf=15
SLC22A20P,0.048686362185902075,3,RF_max_depth=4_min_samples_leaf=15
SUGT1P3,0.048686362185902075,3,RF_max_depth=4_min_samples_leaf=15
BPIFC,0.048686362185902075,3,RF_max_depth=4_min_samples_leaf=15
PLA2G4F,0.048686362185902075,3,RF_max_depth=4_min_samples_leaf=15
BTN1A1,0.048686362185902075,3,RF_max_depth=4_min_samples_leaf=15
AC022098.1,0.048686362185902075,3,RF_max_depth=4_min_samples_leaf=15
SPAG11A,0.04890820079512417,3,RF_max_depth=4_min_samples_leaf=15
POM121L7P,0.04890820079512417,3,RF_max_depth=4_min_samples_leaf=15
REEP1,0.049324189921397546,3,RF_max_depth=4_min_samples_leaf=15
OTOP1,0.04935269581381549,3,RF_max_depth=4_min_samples_leaf=15
EDAR,0.04966431087218614,3,RF_max_depth=4_min_samples_leaf=15
CCDC144NL,0.05039208949962252,3,RF_max_depth=4_min_samples_leaf=15
FAM90A6P,0.05048060396904864,3,RF_max_depth=4_min_samples_leaf=15
FOXD4L6,0.050762830431735025,3,RF_max_depth=4_min_samples_leaf=15
HTRA1,0.050762830431735025,3,RF_max_depth=4_min_samples_leaf=15
ESRRB,0.05204560452139759,3,RF_max_depth=4_min_samples_leaf=15
ADAM7,0.052111997989076925,3,RF_max_depth=4_min_samples_leaf=15
SNX19P3,0.052111997989076925,3,RF_max_depth=4_min_samples_leaf=15
SPAG11B,0.05251071878516467,3,RF_max_depth=4_min_samples_leaf=15
NKX6-1,0.05251071878516467,3,RF_max_depth=4_min_samples_leaf=15
IGHV1-3,0.05301449936650565,3,RF_max_depth=4_min_samples_leaf=15
CDK5R2,0.05301449936650565,3,RF_max_depth=4_min_samples_leaf=15
ANO7L1,0.05301449936650565,3,RF_max_depth=4_min_samples_leaf=15
ZNF286A,0.05301449936650565,3,RF_max_depth=4_min_samples_leaf=15
ZNF815P,0.05301449936650565,3,RF_max_depth=4_min_samples_leaf=15
ALG1L6P,0.0549149223016662,3,RF_max_depth=4_min_samples_leaf=15
MEX3A,0.0549149223016662,3,RF_max_depth=4_min_samples_leaf=15
ALOX12B,0.0549149223016662,3,RF_max_depth=4_min_samples_leaf=15
KRT27,0.0549149223016662,3,RF_max_depth=4_min_samples_leaf=15
DEFB103A,0.0549149223016662,3,RF_max_depth=4_min_samples_leaf=15
AC020978.9,0.0549149223016662,3,RF_max_depth=4_min_samples_leaf=15
KRT13,0.05591610244514105,3,RF_max_depth=4_min_samples_leaf=15
SNPH,0.05614119408474294,3,RF_max_depth=4_min_samples_leaf=15
RSPO2,0.056404983289655236,3,RF_max_depth=4_min_samples_leaf=15
ASB5,0.056421586393286836,3,RF_max_depth=4_min_samples_leaf=15
CHRNB3,0.056421586393286836,3,RF_max_depth=4_min_samples_leaf=15
AC005696.4,0.056421586393286836,3,RF_max_depth=4_min_samples_leaf=15
TACR3,0.056421586393286836,3,RF_max_depth=4_min_samples_leaf=15
FGF17,0.056421586393286836,3,RF_max_depth=4_min_samples_leaf=15
AC015802.6,0.056421586393286836,3,RF_max_depth=4_min_samples_leaf=15
POM121L6P,0.056421586393286836,3,RF_max_depth=4_min_samples_leaf=15
LINC01907,0.056421586393286836,3,RF_max_depth=4_min_samples_leaf=15
OR4K13,0.056421586393286836,3,RF_max_depth=4_min_samples_leaf=15
CHRM1,0.056421586393286836,3,RF_max_depth=4_min_samples_leaf=15
DDX11L8,0.056421586393286836,3,RF_max_depth=4_min_samples_leaf=15
DUX4L16,0.056421586393286836,3,RF_max_depth=4_min_samples_leaf=15
FAM189A2,0.056421586393286836,3,RF_max_depth=4_min_samples_leaf=15
GGT6,0.056421586393286836,3,RF_max_depth=4_min_samples_leaf=15
CSDC2,0.05642813278234746,3,RF_max_depth=4_min_samples_leaf=15
PRAMEF14,0.05642813278234746,3,RF_max_depth=4_min_samples_leaf=15
FBXO15,0.05642813278234746,3,RF_max_depth=4_min_samples_leaf=15
TMIE,0.056842758798017264,3,RF_max_depth=4_min_samples_leaf=15
TUBA3E,0.057221673697963105,3,RF_max_depth=4_min_samples_leaf=15
HTR2A,0.057622999281396886,3,RF_max_depth=4_min_samples_leaf=15
PSG9,0.057622999281396886,3,RF_max_depth=4_min_samples_leaf=15
SPATA31E1,0.057930443687294164,3,RF_max_depth=4_min_samples_leaf=15
C9orf147,0.05822257045452425,3,RF_max_depth=4_min_samples_leaf=15
CNIH3,0.058832021693182926,3,RF_max_depth=4_min_samples_leaf=15
SYT1,0.05918108799035227,3,RF_max_depth=4_min_samples_leaf=15
LRRN4,0.0594999942606913,3,RF_max_depth=4_min_samples_leaf=15
TMEM270,0.059828544569185335,3,RF_max_depth=4_min_samples_leaf=15
NR2E3,0.059828544569185335,3,RF_max_depth=4_min_samples_leaf=15
GAGE12G,0.060166312609025864,3,RF_max_depth=4_min_samples_leaf=15
SCNN1A,0.060166312609025864,3,RF_max_depth=4_min_samples_leaf=15
KIR2DS4,0.060166312609025864,3,RF_max_depth=4_min_samples_leaf=15
HAGHL,0.060166312609025864,3,RF_max_depth=4_min_samples_leaf=15
ZNF786,0.06080868411291613,3,RF_max_depth=4_min_samples_leaf=15
NAT1,0.06083217921214741,3,RF_max_depth=4_min_samples_leaf=15
FTCDNL1,0.06104807752417088,3,RF_max_depth=4_min_samples_leaf=15
ATP2C2,0.061059878595009776,3,RF_max_depth=4_min_samples_leaf=15
SLC22A14,0.06108385236631466,3,RF_max_depth=4_min_samples_leaf=15
GRIN3B,0.06119353732804948,3,RF_max_depth=4_min_samples_leaf=15
SEPT14P3,0.06135632063435592,3,RF_max_depth=4_min_samples_leaf=15
AMER3,0.06152574140639585,3,RF_max_depth=4_min_samples_leaf=15
TRIM36,0.06152574140639585,3,RF_max_depth=4_min_samples_leaf=15
MAP2K1P1,0.06152574140639585,3,RF_max_depth=4_min_samples_leaf=15
OR2A5,0.06295956017129513,3,RF_max_depth=4_min_samples_leaf=15
OTUD6A,0.06295956017129513,3,RF_max_depth=4_min_samples_leaf=15
CCDC144A,0.06295956017129513,3,RF_max_depth=4_min_samples_leaf=15
TPH2,0.063065176333581,3,RF_max_depth=4_min_samples_leaf=15
SEPT14P8,0.063065176333581,3,RF_max_depth=4_min_samples_leaf=15
WNT2B,0.06320808723504524,3,RF_max_depth=4_min_samples_leaf=15
TM4SF19,0.06368333057013997,3,RF_max_depth=4_min_samples_leaf=15
TRPV5,0.06380800412221949,3,RF_max_depth=4_min_samples_leaf=15
AP006545.1,0.06394949793791398,3,RF_max_depth=4_min_samples_leaf=15
SMIM31,0.064760644176766,3,RF_max_depth=4_min_samples_leaf=15
C5orf63,0.06598191322516932,3,RF_max_depth=4_min_samples_leaf=15
KCNJ12,0.06598191322516932,3,RF_max_depth=4_min_samples_leaf=15
SDK1,0.06598191322516932,3,RF_max_depth=4_min_samples_leaf=15
RBM20,0.06598191322516932,3,RF_max_depth=4_min_samples_leaf=15
DUX4L26,0.06598191322516932,3,RF_max_depth=4_min_samples_leaf=15
LINC00899,0.06598191322516932,3,RF_max_depth=4_min_samples_leaf=15
CELF4,0.06598191322516932,3,RF_max_depth=4_min_samples_leaf=15
C1orf94,0.06598191322516932,3,RF_max_depth=4_min_samples_leaf=15
PMCHL1,0.06598191322516932,3,RF_max_depth=4_min_samples_leaf=15
FFAR3,0.06598191322516932,3,RF_max_depth=4_min_samples_leaf=15
TMPRSS7,0.06598191322516932,3,RF_max_depth=4_min_samples_leaf=15
TRIM64C,0.06598191322516932,3,RF_max_depth=4_min_samples_leaf=15
CASP14,0.06598191322516932,3,RF_max_depth=4_min_samples_leaf=15
GOLGA6L3,0.06640070011508178,3,RF_max_depth=4_min_samples_leaf=15
AICDA,0.06640070011508178,3,RF_max_depth=4_min_samples_leaf=15
FGD1,0.06640070011508178,3,RF_max_depth=4_min_samples_leaf=15
AL133245.1,0.06640070011508178,3,RF_max_depth=4_min_samples_leaf=15
AL049812.1,0.06695534745245552,3,RF_max_depth=4_min_samples_leaf=15
AC138951.1,0.0672147033912957,3,RF_max_depth=4_min_samples_leaf=15
AL162456.1,0.06784718863306931,3,RF_max_depth=4_min_samples_leaf=15
AC092384.1,0.06845110575307461,3,RF_max_depth=4_min_samples_leaf=15
AC093826.2,0.06892084782692252,3,RF_max_depth=4_min_samples_leaf=15
EPHA8,0.06907298342284317,3,RF_max_depth=4_min_samples_leaf=15
PNLIPRP3,0.06907298342284317,3,RF_max_depth=4_min_samples_leaf=15
AL353572.2,0.06907298342284317,3,RF_max_depth=4_min_samples_leaf=15
WNT7B,0.06907298342284317,3,RF_max_depth=4_min_samples_leaf=15
ZBTB45,0.06907298342284317,3,RF_max_depth=4_min_samples_leaf=15
FAM205BP,0.06907298342284317,3,RF_max_depth=4_min_samples_leaf=15
AL008638.3,0.06907298342284317,3,RF_max_depth=4_min_samples_leaf=15
DUOXA2,0.06907298342284317,3,RF_max_depth=4_min_samples_leaf=15
FGF9,0.06907298342284317,3,RF_max_depth=4_min_samples_leaf=15
AC020917.4,0.06907298342284317,3,RF_max_depth=4_min_samples_leaf=15
KCNJ18,0.06907298342284317,3,RF_max_depth=4_min_samples_leaf=15
PSG6,0.06923462268730492,3,RF_max_depth=4_min_samples_leaf=15
C3orf30,0.06928955489577464,3,RF_max_depth=4_min_samples_leaf=15
LINC00330,0.06928955489577464,3,RF_max_depth=4_min_samples_leaf=15
AC003957.1,0.06928955489577464,3,RF_max_depth=4_min_samples_leaf=15
KCNE1B,0.06952894575052851,3,RF_max_depth=4_min_samples_leaf=15
AC025048.6,0.06952894575052851,3,RF_max_depth=4_min_samples_leaf=15
ICA1,0.06952894575052851,3,RF_max_depth=4_min_samples_leaf=15
ACSM4,0.06952894575052851,3,RF_max_depth=4_min_samples_leaf=15
USP17L22,0.06964531011761801,3,RF_max_depth=4_min_samples_leaf=15
AL161757.5,0.06965618011330972,3,RF_max_depth=4_min_samples_leaf=15
DUPD1,0.06965618011330972,3,RF_max_depth=4_min_samples_leaf=15
NMUR2,0.06965618011330972,3,RF_max_depth=4_min_samples_leaf=15
AL121906.2,0.06981993981963273,3,RF_max_depth=4_min_samples_leaf=15
PVALB,0.07016010653248997,3,RF_max_depth=4_min_samples_leaf=15
TPTE2P1,0.07090578180302683,3,RF_max_depth=4_min_samples_leaf=15
SERPINB8,0.07167442922039091,3,RF_max_depth=4_min_samples_leaf=15
KCNF1,0.0718199359991636,3,RF_max_depth=4_min_samples_leaf=15
TMPRSS11B,0.0723895194481392,3,RF_max_depth=4_min_samples_leaf=15
RAC3,0.0728118134522436,3,RF_max_depth=4_min_samples_leaf=15
FOXN1,0.0728118134522436,3,RF_max_depth=4_min_samples_leaf=15
GRIA2,0.0728118134522436,3,RF_max_depth=4_min_samples_leaf=15
LINC01299,0.0728118134522436,3,RF_max_depth=4_min_samples_leaf=15
FAM53A,0.0728118134522436,3,RF_max_depth=4_min_samples_leaf=15
AC008395.1,0.0728118134522436,3,RF_max_depth=4_min_samples_leaf=15
ERICH6,0.0728118134522436,3,RF_max_depth=4_min_samples_leaf=15
CDC42P6,0.0728118134522436,3,RF_max_depth=4_min_samples_leaf=15
STYK1,0.07311009009315364,3,RF_max_depth=4_min_samples_leaf=15
LINC00504,0.07311009009315364,3,RF_max_depth=4_min_samples_leaf=15
AC092720.1,0.07312693430239875,3,RF_max_depth=4_min_samples_leaf=15
FAM90A26,0.0736477477788858,3,RF_max_depth=4_min_samples_leaf=15
KCNA4,0.0736477477788858,3,RF_max_depth=4_min_samples_leaf=15
GAD2,0.0736477477788858,3,RF_max_depth=4_min_samples_leaf=15
SFTPB,0.0736477477788858,3,RF_max_depth=4_min_samples_leaf=15
DUX4L9,0.0736477477788858,3,RF_max_depth=4_min_samples_leaf=15
MYO1A,0.07438666514097347,3,RF_max_depth=4_min_samples_leaf=15
PPARGC1B,0.07441755893262474,3,RF_max_depth=4_min_samples_leaf=15
AC136944.2,0.07441755893262474,3,RF_max_depth=4_min_samples_leaf=15
NEUROD2,0.07464857197813378,3,RF_max_depth=4_min_samples_leaf=15
ABO,0.0749069773112455,3,RF_max_depth=4_min_samples_leaf=15
RPL23AP45,0.07514235976286973,3,RF_max_depth=4_min_samples_leaf=15
OR2L5,0.07514235976286973,3,RF_max_depth=4_min_samples_leaf=15
SETP20,0.07514235976286973,3,RF_max_depth=4_min_samples_leaf=15
MATN1,0.07564763793563618,3,RF_max_depth=4_min_samples_leaf=15
NHS,0.07585066645681807,3,RF_max_depth=4_min_samples_leaf=15
KANK4,0.07594133551828897,3,RF_max_depth=4_min_samples_leaf=15
IRX3,0.0760372990527913,3,RF_max_depth=4_min_samples_leaf=15
TARM1,0.0760372990527913,3,RF_max_depth=4_min_samples_leaf=15
AC005863.1,0.0760372990527913,3,RF_max_depth=4_min_samples_leaf=15
ROR1,0.0760372990527913,3,RF_max_depth=4_min_samples_leaf=15
CNGB1,0.0760372990527913,3,RF_max_depth=4_min_samples_leaf=15
SEC14L3,0.0760372990527913,3,RF_max_depth=4_min_samples_leaf=15
RTKN2,0.07647458420937212,3,RF_max_depth=4_min_samples_leaf=15
MGAT4C,0.07648772520712296,3,RF_max_depth=4_min_samples_leaf=15
ZBTB42,0.07648772520712296,3,RF_max_depth=4_min_samples_leaf=15
CNKSR2,0.076604505163913,3,RF_max_depth=4_min_samples_leaf=15
CLCA2,0.076604505163913,3,RF_max_depth=4_min_samples_leaf=15
FAM220A,0.07712171459582322,3,RF_max_depth=4_min_samples_leaf=15
VPS33B-DT,0.07712171459582322,3,RF_max_depth=4_min_samples_leaf=15
MUC4,0.07722155426728945,3,RF_max_depth=4_min_samples_leaf=15
FAM131C,0.0773102293681053,3,RF_max_depth=4_min_samples_leaf=15
SCN1A,0.07772217160853977,3,RF_max_depth=4_min_samples_leaf=15
FAM155B,0.07811060453740831,3,RF_max_depth=4_min_samples_leaf=15
TRIM29,0.07925670737670557,3,RF_max_depth=4_min_samples_leaf=15
GJA8,0.07925670737670557,3,RF_max_depth=4_min_samples_leaf=15
OR13C4,0.0793177196150097,3,RF_max_depth=4_min_samples_leaf=15
HRH2,0.0793177196150097,3,RF_max_depth=4_min_samples_leaf=15
PPP5D1,0.07957560878848477,3,RF_max_depth=4_min_samples_leaf=15
AC012454.1,0.0798122175929982,3,RF_max_depth=4_min_samples_leaf=15
IGLV1-41,0.0798122175929982,3,RF_max_depth=4_min_samples_leaf=15
AC087501.4,0.0798122175929982,3,RF_max_depth=4_min_samples_leaf=15
CRTAC1,0.0798122175929982,3,RF_max_depth=4_min_samples_leaf=15
RP1L1,0.0798122175929982,3,RF_max_depth=4_min_samples_leaf=15
AL031283.1,0.0798122175929982,3,RF_max_depth=4_min_samples_leaf=15
SIAH2,0.07996204774894304,3,RF_max_depth=4_min_samples_leaf=15
GABRR1,0.07996204774894304,3,RF_max_depth=4_min_samples_leaf=15
LRRN4CL,0.07996204774894304,3,RF_max_depth=4_min_samples_leaf=15
TRIO,0.07996204774894304,3,RF_max_depth=4_min_samples_leaf=15
SYT3,0.07996204774894304,3,RF_max_depth=4_min_samples_leaf=15
KRT17P5,0.07996204774894304,3,RF_max_depth=4_min_samples_leaf=15
AC058791.1,0.07996204774894304,3,RF_max_depth=4_min_samples_leaf=15
AL022068.1,0.07996204774894304,3,RF_max_depth=4_min_samples_leaf=15
FANCB,0.07996204774894304,3,RF_max_depth=4_min_samples_leaf=15
UNC79,0.07996204774894304,3,RF_max_depth=4_min_samples_leaf=15
AP004147.1,0.08041731818025824,3,RF_max_depth=4_min_samples_leaf=15
C3orf52,0.08041731818025824,3,RF_max_depth=4_min_samples_leaf=15
OBP2A,0.08043621030298036,3,RF_max_depth=4_min_samples_leaf=15
C2orf50,0.08043621030298036,3,RF_max_depth=4_min_samples_leaf=15
MAPK4,0.08043621030298036,3,RF_max_depth=4_min_samples_leaf=15
PDCL2,0.08131946737098274,3,RF_max_depth=4_min_samples_leaf=15
SULT4A1,0.08170899415582066,3,RF_max_depth=4_min_samples_leaf=15
TMEM78,0.08227348244245415,3,RF_max_depth=4_min_samples_leaf=15
BRINP2,0.08227348244245415,3,RF_max_depth=4_min_samples_leaf=15
DSCAML1,0.08227348244245415,3,RF_max_depth=4_min_samples_leaf=15
SMTNL2,0.08227348244245415,3,RF_max_depth=4_min_samples_leaf=15
SLC6A7,0.08266957056817671,3,RF_max_depth=4_min_samples_leaf=15
LINC01694,0.0827118729775521,3,RF_max_depth=4_min_samples_leaf=15
HCN4,0.08309657725691327,3,RF_max_depth=4_min_samples_leaf=15
CA9,0.0834490387661084,3,RF_max_depth=4_min_samples_leaf=15
TMPRSS4,0.0834490387661084,3,RF_max_depth=4_min_samples_leaf=15
AC020928.3,0.0834490387661084,3,RF_max_depth=4_min_samples_leaf=15
IGF2BP1,0.08351123186757416,3,RF_max_depth=4_min_samples_leaf=15
FAM90A3P,0.08413124767663013,3,RF_max_depth=4_min_samples_leaf=15
TUBA3C,0.08413124767663013,3,RF_max_depth=4_min_samples_leaf=15
CD300LF,0.08453077972666906,3,RF_max_depth=4_min_samples_leaf=15
CEACAM8,0.08472224893008884,3,RF_max_depth=4_min_samples_leaf=15
STRA6,0.08474507751554806,3,RF_max_depth=4_min_samples_leaf=15
LINC00641,0.0851165105747441,3,RF_max_depth=4_min_samples_leaf=15
TSPYL5,0.08577600815728087,3,RF_max_depth=4_min_samples_leaf=15
AC084879.1,0.08577600815728087,3,RF_max_depth=4_min_samples_leaf=15
PRAMEF1,0.08577600815728087,3,RF_max_depth=4_min_samples_leaf=15
IQANK1,0.08577600815728087,3,RF_max_depth=4_min_samples_leaf=15
KCNQ5,0.08659727090027632,3,RF_max_depth=4_min_samples_leaf=15
OR8H3,0.08659727090027632,3,RF_max_depth=4_min_samples_leaf=15
TCP11X1,0.08659727090027632,3,RF_max_depth=4_min_samples_leaf=15
ACKR1,0.08712530915313524,3,RF_max_depth=4_min_samples_leaf=15
RUFY4,0.08712530915313524,3,RF_max_depth=4_min_samples_leaf=15
PRSS41,0.08767299164494007,3,RF_max_depth=4_min_samples_leaf=15
ZAR1L,0.0877114788148592,3,RF_max_depth=4_min_samples_leaf=15
OR51L1,0.08830006933389846,3,RF_max_depth=4_min_samples_leaf=15
EBI3,0.08830006933389846,3,RF_max_depth=4_min_samples_leaf=15
AC023830.2,0.08840965953986661,3,RF_max_depth=4_min_samples_leaf=15
MYO15A,0.0884512107651039,3,RF_max_depth=4_min_samples_leaf=15
NANOGNB,0.0884512107651039,3,RF_max_depth=4_min_samples_leaf=15
DSC1,0.08858087376586468,3,RF_max_depth=4_min_samples_leaf=15
BPIFA1,0.08922795831035768,3,RF_max_depth=4_min_samples_leaf=15
LINC02216,0.08922795831035768,3,RF_max_depth=4_min_samples_leaf=15
AC006435.4,0.08922795831035768,3,RF_max_depth=4_min_samples_leaf=15
MCM10,0.08922795831035768,3,RF_max_depth=4_min_samples_leaf=15
XPO5,0.08950982274403034,3,RF_max_depth=4_min_samples_leaf=15
CPN1,0.08957381027992756,3,RF_max_depth=4_min_samples_leaf=15
USH1G,0.08959883653778297,3,RF_max_depth=4_min_samples_leaf=15
AC127164.1,0.08959883653778297,3,RF_max_depth=4_min_samples_leaf=15
PHEX,0.08959883653778297,3,RF_max_depth=4_min_samples_leaf=15
DCLRE1CP1,0.08959883653778297,3,RF_max_depth=4_min_samples_leaf=15
SLC30A3,0.08959883653778297,3,RF_max_depth=4_min_samples_leaf=15
LDB2,0.089863448149246,3,RF_max_depth=4_min_samples_leaf=15
MAFA,0.08996787039101475,3,RF_max_depth=4_min_samples_leaf=15
AL390957.1,0.09064746791327594,3,RF_max_depth=4_min_samples_leaf=15
BEGAIN,0.09075768535157906,3,RF_max_depth=4_min_samples_leaf=15
FGF5,0.09090684298838718,3,RF_max_depth=4_min_samples_leaf=15
CTF1,0.09109292601257638,3,RF_max_depth=4_min_samples_leaf=15
AL078621.1,0.09109292601257638,3,RF_max_depth=4_min_samples_leaf=15
OR10P1,0.09145888158565421,3,RF_max_depth=4_min_samples_leaf=15
UFSP1,0.09167729425706343,3,RF_max_depth=4_min_samples_leaf=15
AK8,0.09167729425706343,3,RF_max_depth=4_min_samples_leaf=15
PSRC1,0.09212118261664992,3,RF_max_depth=4_min_samples_leaf=15
KLK4,0.09212118261664992,3,RF_max_depth=4_min_samples_leaf=15
LOH12CR2,0.09212118261664992,3,RF_max_depth=4_min_samples_leaf=15
AL391244.3,0.09212118261664992,3,RF_max_depth=4_min_samples_leaf=15
RP1,0.0922682210027307,3,RF_max_depth=4_min_samples_leaf=15
HRASLS5,0.0922682210027307,3,RF_max_depth=4_min_samples_leaf=15
PLPP6,0.0922682210027307,3,RF_max_depth=4_min_samples_leaf=15
SLC4A3,0.0922970037811431,3,RF_max_depth=4_min_samples_leaf=15
PLEKHD1,0.0922970037811431,3,RF_max_depth=4_min_samples_leaf=15
GCOM1,0.0922970037811431,3,RF_max_depth=4_min_samples_leaf=15
POTEA,0.0922970037811431,3,RF_max_depth=4_min_samples_leaf=15
CDH7,0.0922970037811431,3,RF_max_depth=4_min_samples_leaf=15
ASMT,0.0922970037811431,3,RF_max_depth=4_min_samples_leaf=15
ABCC12,0.0922970037811431,3,RF_max_depth=4_min_samples_leaf=15
AC016355.1,0.0922970037811431,3,RF_max_depth=4_min_samples_leaf=15
DUX4,0.0922970037811431,3,RF_max_depth=4_min_samples_leaf=15
RN7SL121P,0.0922970037811431,3,RF_max_depth=4_min_samples_leaf=15
GAL3ST1,0.0922970037811431,3,RF_max_depth=4_min_samples_leaf=15
OLIG1,0.09268448163787231,3,RF_max_depth=4_min_samples_leaf=15
PIANP,0.09268448163787231,3,RF_max_depth=4_min_samples_leaf=15
AP000811.1,0.09268448163787231,3,RF_max_depth=4_min_samples_leaf=15
TPBG,0.09268448163787231,3,RF_max_depth=4_min_samples_leaf=15
SNTG1,0.09274362708624719,3,RF_max_depth=4_min_samples_leaf=15
NXF5,0.09274362708624719,3,RF_max_depth=4_min_samples_leaf=15
OR1E1,0.09274362708624719,3,RF_max_depth=4_min_samples_leaf=15
VHLL,0.09305725189187501,3,RF_max_depth=4_min_samples_leaf=15
OR4N5,0.09309488184819796,3,RF_max_depth=4_min_samples_leaf=15
SDAD1P1,0.09310347493737936,3,RF_max_depth=4_min_samples_leaf=15
ACTN2,0.09310347493737936,3,RF_max_depth=4_min_samples_leaf=15
RPL23AP24,0.09331400326447493,3,RF_max_depth=4_min_samples_leaf=15
TMEM105,0.09352056801920007,3,RF_max_depth=4_min_samples_leaf=15
C3orf22,0.09388340221482393,3,RF_max_depth=4_min_samples_leaf=15
ZNF182,0.09388340221482393,3,RF_max_depth=4_min_samples_leaf=15
AL033543.1,0.09388340221482393,3,RF_max_depth=4_min_samples_leaf=15
CD19,0.09388340221482393,3,RF_max_depth=4_min_samples_leaf=15
GAGE12E,0.09388340221482393,3,RF_max_depth=4_min_samples_leaf=15
PRAMEF7,0.09388340221482393,3,RF_max_depth=4_min_samples_leaf=15
NKX2-4,0.09388340221482393,3,RF_max_depth=4_min_samples_leaf=15
CHAT,0.09388340221482393,3,RF_max_depth=4_min_samples_leaf=15
ARHGAP27P2,0.09409942264803924,3,RF_max_depth=4_min_samples_leaf=15
AC144568.2,0.09422052746900308,3,RF_max_depth=4_min_samples_leaf=15
AC010834.3,0.09422052746900308,3,RF_max_depth=4_min_samples_leaf=15
LMX1A,0.09422052746900308,3,RF_max_depth=4_min_samples_leaf=15
EPHA6,0.09422052746900308,3,RF_max_depth=4_min_samples_leaf=15
AC127070.4,0.09492896181226232,3,RF_max_depth=4_min_samples_leaf=15
SGSH,0.09492896181226232,3,RF_max_depth=4_min_samples_leaf=15
AC099684.2,0.09497623502267405,3,RF_max_depth=4_min_samples_leaf=15
RAPGEF3,0.09507042454029167,3,RF_max_depth=4_min_samples_leaf=15
ANKK1,0.09507042454029167,3,RF_max_depth=4_min_samples_leaf=15
C17orf113,0.09507042454029167,3,RF_max_depth=4_min_samples_leaf=15
SATL1,0.09507042454029167,3,RF_max_depth=4_min_samples_leaf=15
KBTBD11,0.09507042454029167,3,RF_max_depth=4_min_samples_leaf=15
MED10,0.09507042454029167,3,RF_max_depth=4_min_samples_leaf=15
DCLK1,0.09507042454029167,3,RF_max_depth=4_min_samples_leaf=15
WDR86,0.09560619248881083,3,RF_max_depth=4_min_samples_leaf=15
ADAM30,0.09560619248881083,3,RF_max_depth=4_min_samples_leaf=15
AC092683.1,0.09560619248881083,3,RF_max_depth=4_min_samples_leaf=15
PROM2,0.09579808769962304,3,RF_max_depth=4_min_samples_leaf=15
C9orf50,0.09579808769962304,3,RF_max_depth=4_min_samples_leaf=15
RHEBL1,0.09579808769962304,3,RF_max_depth=4_min_samples_leaf=15
TOX4P1,0.09579808769962304,3,RF_max_depth=4_min_samples_leaf=15
C9orf43,0.09579808769962304,3,RF_max_depth=4_min_samples_leaf=15
SYTL1,0.09581548950559193,3,RF_max_depth=4_min_samples_leaf=15
MROH5,0.09581548950559193,3,RF_max_depth=4_min_samples_leaf=15
LINC02397,0.09581548950559193,3,RF_max_depth=4_min_samples_leaf=15
LHFPL5,0.09581548950559193,3,RF_max_depth=4_min_samples_leaf=15
LINC01902,0.09581548950559193,3,RF_max_depth=4_min_samples_leaf=15
TMEM235,0.09581548950559193,3,RF_max_depth=4_min_samples_leaf=15
SIX3,0.09600173293005373,3,RF_max_depth=4_min_samples_leaf=15
CRACR2B,0.096016013323301,3,RF_max_depth=4_min_samples_leaf=15
UNC5D,0.096016013323301,3,RF_max_depth=4_min_samples_leaf=15
SOX14,0.09638781975892838,3,RF_max_depth=4_min_samples_leaf=15
GRID1,0.09648278438081398,3,RF_max_depth=4_min_samples_leaf=15
LYSMD1,0.09657086335471711,3,RF_max_depth=4_min_samples_leaf=15
AQP6,0.09667251014239375,3,RF_max_depth=4_min_samples_leaf=15
HR,0.09667251014239375,3,RF_max_depth=4_min_samples_leaf=15
GPR174,0.09705245995408292,3,RF_max_depth=4_min_samples_leaf=15
OR4X1,0.09705245995408292,3,RF_max_depth=4_min_samples_leaf=15
AC159540.2,0.0970978857329201,3,RF_max_depth=4_min_samples_leaf=15
AL109976.1,0.09733547687369087,3,RF_max_depth=4_min_samples_leaf=15
TGM5,0.09772818252393742,3,RF_max_depth=4_min_samples_leaf=15
UPK1A,0.09772818252393742,3,RF_max_depth=4_min_samples_leaf=15
ASPRV1,0.09772818252393742,3,RF_max_depth=4_min_samples_leaf=15
IGHV3-73,0.09772818252393742,3,RF_max_depth=4_min_samples_leaf=15
GPR78,0.09772818252393742,3,RF_max_depth=4_min_samples_leaf=15
MS4A18,0.0978883219514199,3,RF_max_depth=4_min_samples_leaf=15
CBLN1,0.0978883219514199,3,RF_max_depth=4_min_samples_leaf=15
RCVRN,0.0978883219514199,3,RF_max_depth=4_min_samples_leaf=15
NRXN2,0.0978883219514199,3,RF_max_depth=4_min_samples_leaf=15
TEX35,0.0978883219514199,3,RF_max_depth=4_min_samples_leaf=15
PRSS55,0.0978883219514199,3,RF_max_depth=4_min_samples_leaf=15
MDGA2,0.09796467896132903,3,RF_max_depth=4_min_samples_leaf=15
INSM1,0.09796467896132903,3,RF_max_depth=4_min_samples_leaf=15
OR8B8,0.09809288456177821,3,RF_max_depth=4_min_samples_leaf=15
LRRIQ4,0.09824480078632078,3,RF_max_depth=4_min_samples_leaf=15
DUSP8,0.09848945945326582,3,RF_max_depth=4_min_samples_leaf=15
CCDC83,0.09893450294662949,3,RF_max_depth=4_min_samples_leaf=15
CDH3,0.09897276214921136,3,RF_max_depth=4_min_samples_leaf=15
AC135977.1,0.09898348692017041,3,RF_max_depth=4_min_samples_leaf=15
NETO1,0.09913562496676866,3,RF_max_depth=4_min_samples_leaf=15
LAG3,0.09917065364039233,3,RF_max_depth=4_min_samples_leaf=15
C9orf24,0.0992385759543128,3,RF_max_depth=4_min_samples_leaf=15
SKOR1,0.09932966400570929,3,RF_max_depth=4_min_samples_leaf=15
PAEP,0.0993612584244345,3,RF_max_depth=4_min_samples_leaf=15
KPRP,0.0993612584244345,3,RF_max_depth=4_min_samples_leaf=15
CHRND,0.0993612584244345,3,RF_max_depth=4_min_samples_leaf=15
AC120114.4,0.0993612584244345,3,RF_max_depth=4_min_samples_leaf=15
AGTR1,0.0993612584244345,3,RF_max_depth=4_min_samples_leaf=15
CPNE9,0.0993612584244345,3,RF_max_depth=4_min_samples_leaf=15
CD22,0.0993612584244345,3,RF_max_depth=4_min_samples_leaf=15
MRLN,0.0993612584244345,3,RF_max_depth=4_min_samples_leaf=15
ALMS1P1,0.0993612584244345,3,RF_max_depth=4_min_samples_leaf=15
PKP1,0.0993612584244345,3,RF_max_depth=4_min_samples_leaf=15
TBC1D10C,0.0993612584244345,3,RF_max_depth=4_min_samples_leaf=15
OR3A3,0.09938625606596155,3,RF_max_depth=4_min_samples_leaf=15
STPG2,0.09938625606596155,3,RF_max_depth=4_min_samples_leaf=15
PTX4,0.09943262687922846,3,RF_max_depth=4_min_samples_leaf=15
SLC39A2,0.09943262687922846,3,RF_max_depth=4_min_samples_leaf=15
SH2B2,0.09943262687922846,3,RF_max_depth=4_min_samples_leaf=15
USP17L12,0.09950412006968819,3,RF_max_depth=4_min_samples_leaf=15
GDAP1L1,0.09950412006968819,3,RF_max_depth=4_min_samples_leaf=15
DCUN1D2,0.09950412006968819,3,RF_max_depth=4_min_samples_leaf=15
