,baseMean,log2FoldChange,lfcSE,stat,pvalue,padj
ALDOA,23.630050644651572,-2.9150586739918842,1.1562455764217032,-2.5211414715317457,0.011697481230873455,0.9997906073000113
HCN2,62.03646816498283,-1.743582512231832,0.7148421575482957,-2.4391153960642464,0.014723265835052486,0.9997906073000113
SLC16A3,163.54658435181676,-2.4261889711199953,1.0106751281854913,-2.4005626570388023,0.01636988797800517,0.9997906073000113
CMTM3,98.99367419479829,-2.4824061756177627,1.0799346863155697,-2.2986632497998816,0.021524068907403347,0.9997906073000113
DCAF8,14.54055654266661,-3.251347469553299,1.4216293452374444,-2.287057087310089,0.022192491201141386,0.9997906073000113
COL1A1,9719.665419342093,-1.6497401262083538,0.7216389365722775,-2.286101875329062,0.022248299312932755,0.9997906073000113
MMP11,66.38277052640012,-2.423974283110419,1.1509904908550244,-2.105989842982757,0.035205234639526344,0.9997906073000113
PITX1,71.57128622434513,-2.194092289872541,1.0591538267878817,-2.071552058237481,0.03830723482583605,0.9997906073000113
MIR1-1HG,12.978365610956383,-3.2428914421006927,1.5661700017909246,-2.070587125530707,0.038397396326382886,0.9997906073000113
PPP4C,303.8724208088789,-1.1423146714010053,0.5522782602792996,-2.0683679832396646,0.038605433481000345,0.9997906073000113
AGRN,654.9547277690233,-1.506334685203732,0.730680901131212,-2.061549279407308,0.03925066717989957,0.9997906073000113
EGLN2,10.908988067568034,-3.170007882258235,1.561750029867345,-2.029779299909791,0.04237897799058357,0.9997906073000113
KLK3,29.60612037852596,-3.2023623131433103,1.5875079658769402,-2.017225980579142,0.04367193599203881,0.9997906073000113
UBE2A,83.27447114091582,1.7369888672746976,0.8629056428986066,2.012953422624445,0.044119529602851586,0.9997906073000113
NAP1L1,1061.9141998700102,-1.5774120141256858,0.7851412563572994,-2.0090805334114843,0.04452859374932099,0.9997906073000113
LCN2,58.11524829943824,-2.687829860083539,1.338483121964052,-2.0081163639474915,0.04463092774921895,0.9997906073000113
LCLAT1,147.94276293057666,-1.3886167857057283,0.6923495029113501,-2.005658673641786,0.04489267724948557,0.9997906073000113
GCDH,304.08802878425956,-2.027600320380446,1.0110156183798533,-2.0055084051319243,0.04490872309136459,0.9997906073000113
ACY1,4.22589683125332,-3.207949557570825,1.6120258543328583,-1.9900112327283015,0.04658969814156215,0.9997906073000113
RPS25,1203.5952041191201,-1.7688890694269075,0.8967823880089016,-1.9724841757366771,0.048554361002340056,0.9997906073000113
CCL5,104.44669036448309,1.3584171655427975,0.7106213338433217,1.9115907457997907,0.055928707242826226,0.9997906073000113
HAMP,208.44441568937177,-2.114731734720248,1.1185090004230613,-1.890670288679285,0.058668370977238364,0.9997906073000113
MRM1,32.641892433283395,-3.0213291721001303,1.6012344819801254,-1.8868749118891575,0.05917715224324795,0.9997906073000113
PFN2,65.34412977310168,-2.0184919742667478,1.0712919531920861,-1.8841660933346203,0.05954251236669975,0.9997906073000113
NME1,30.112758992837435,2.225342471170251,1.1917201815864202,1.867336397884838,0.061854625570087224,0.9997906073000113
TIMP2,98.69430440891337,-1.6091058232680655,0.8789961877621504,-1.8306175222041774,0.06715765134609852,0.9997906073000113
BOK,57.81058758405436,-2.300308736228878,1.2661491805649119,-1.816775441265586,0.06925150470861079,0.9997906073000113
TRIO,933.57873656361,-1.0955953562693186,0.6069236662640924,-1.8051616985266628,0.07104938255241613,0.9997906073000113
DCAF11,352.17075499775285,-1.6279446939629303,0.9121261526632767,-1.78478019647783,0.07429697676627517,0.9997906073000113
OPLAH,259.2152842785667,-2.2039437674179174,1.2354677352648913,-1.7838942325316003,0.07444085327139373,0.9997906073000113
BCAM,300.2427202234412,-1.5687420483325882,0.8845730167744129,-1.7734455139192367,0.07615491285225866,0.9997906073000113
MAL2,129.82720197527095,-1.368828565894757,0.7725939805907295,-1.771730818881275,0.07643925123837603,0.9997906073000113
NAGPA,84.57974074107479,-1.909209635297578,1.0888819065932853,-1.7533670306551417,0.0795390264135445,0.9997906073000113
SFT2D1,90.4334942724148,1.9858811519462054,1.1340144903015952,1.7511955701889252,0.0799122282621294,0.9997906073000113
ATOX1,85.9877387155823,-1.7684762838934023,1.048348933636791,-1.6869157082637003,0.09161956115931237,0.9997906073000113
MID1IP1,57.15868933857822,-1.6440434008086497,0.9824254759062462,-1.6734535505526147,0.0942380433557446,0.9997906073000113
PSRC1,48.70869268608199,-2.255300836116563,1.3640709591112796,-1.6533603483398973,0.09825754766947428,0.9997906073000113
VEGFB,70.49470354835525,-1.7115533720174718,1.0370816059406984,-1.6503555382847475,0.09887023920255202,0.9997906073000113
RPS12,577.6401295129964,-1.4408960365970802,0.8740986368133662,-1.6484364302981223,0.09926314548707073,0.9997906073000113
MFSD10,119.49727518533153,-2.211307149730194,1.3490164426313502,-1.639199552984607,0.10117170691472248,0.9997906073000113
WDR34,51.619213791186496,-2.278076913469727,1.3962510404433575,-1.631566851149031,0.10277076617293053,0.9997906073000113
MOBP,43.29921033744328,-1.0467103880121214,0.6419448512236088,-1.630530077493402,0.10298951367174934,0.9997906073000113
LRP12,301.6775782301715,0.7865558541342416,0.4856715450944262,1.619522210182843,0.10533495169359547,0.9997906073000113
ARPC1B,22.698202400214694,-1.7547529555295285,1.0864320744974836,-1.6151520161452972,0.10627777883019034,0.9997906073000113
IER3,122.67197363237224,-1.838849764885845,1.1393930758995547,-1.6138853252500827,0.10655230227609035,0.9997906073000113
MAPK13,97.44544275007453,-1.7523741557909522,1.088483680797216,-1.6099223044919668,0.10741481902711342,0.9997906073000113
PFKFB1,85.6163445131558,2.111883491509718,1.3141453166072374,1.607039544882313,0.10804569359931285,0.9997906073000113
RPS4X,1509.5139056539588,-1.5535716629460437,0.9678467153835744,-1.6051835877030758,0.10845340824583088,0.9997906073000113
PTP4A1,4.322507981244866,-4.836792327364432,3.0287423049549096,-1.5969639673377365,0.11027373942616792,0.9997906073000113
CA5A,152.50396905477461,-1.1495198240016629,0.7235864688565988,-1.5886419570809802,0.11214124997657055,0.9997906073000113
DACH1,236.0790261169036,-0.8400114882727862,0.535001241499987,-1.5701112878124166,0.11638922297952319,0.9997906073000113
SPARCL1,430.1930886661118,-1.5156788639293375,0.9686100074317324,-1.5647978570324264,0.11763031439646854,0.9997906073000113
TPD52,74.53435374545225,1.41753273629601,0.9071187107564697,1.5626761078645295,0.11812879682992974,0.9997906073000113
TGFB1I1,94.23150094606396,-1.6319414189403616,1.0457840267109773,-1.5604956446627583,0.11864279839942832,0.9997906073000113
SP100,573.5816080747734,-0.8075362828967134,0.5183225183822397,-1.557980319699696,0.11923791346018105,0.9997906073000113
CLDN4,42.81817172537865,-1.8176823310596217,1.1713610262048906,-1.5517695146036719,0.12071738277808443,0.9997906073000113
PAPLN,157.1569330209434,-1.477653151862144,0.9529831860327151,-1.5505553230310796,0.12100828583412607,0.9997906073000113
COL6A3,1814.9467901541095,-0.9902556395869021,0.6387323539520127,-1.550345200865305,0.1210586837461391,0.9997906073000113
NCK2,50.69767547928795,-1.267657933220728,0.8208502922747107,-1.5443229358033608,0.12251011891627844,0.9997906073000113
PTOV1,98.23553908116196,-1.4016729420692433,0.9090452541122291,-1.541917672116459,0.12309360095058032,0.9997906073000113
MVK,168.80246120853255,-1.5941568888412618,1.03512970617062,-1.540055202104786,0.12354689820242062,0.9997906073000113
SMARCA1,724.5176524650007,-1.4793258227265598,0.9618609718741984,-1.5379829996055192,0.1240527715444352,0.9997906073000113
COL15A1,312.71738602328486,-1.433418090142252,0.9358331490384533,-1.531702624143049,0.12559583456062215,0.9997906073000113
AMFR,358.88165710146524,-1.1702629825212525,0.7664120386120706,-1.5269371089740884,0.12677665080700423,0.9997906073000113
UGT2B11,105.37827358977562,-1.887378884984355,1.2405409089312118,-1.5214160785801305,0.12815545650983748,0.9997906073000113
CTSO,102.26699052504718,-1.681490261230652,1.1052961062121294,-1.5213029809660241,0.12818382254618102,0.9997906073000113
HMGA2,78.43700224339351,-0.9638068819022403,0.6343977065487666,-1.519247109428432,0.12870030737478336,0.9997906073000113
BRD7,296.1284570580211,-1.3865015734323625,0.9182368278506515,-1.509960754544984,0.13105343857645232,0.9997906073000113
H19,2861.2219172614746,-1.4535245999180277,0.9630637421667675,-1.509271438926553,0.13122943040072144,0.9997906073000113
FOXQ1,35.373242694018266,-2.0907189515316893,1.3866459225384882,-1.5077525686617077,0.13161786570456183,0.9997906073000113
NKG7,20.723831114776576,-1.9822103361979926,1.315500906489768,-1.5068103156897448,0.13185928465497276,0.9997906073000113
RWDD1,263.2743919004331,-1.4800419525115462,0.9879588356475557,-1.498080587073707,0.1341123141563651,0.9997906073000113
HAAO,133.03513049520276,-1.656042557702403,1.1069247222787975,-1.4960751389608054,0.13463407566520516,0.9997906073000113
FBRS,307.905681373103,-1.2702611381903297,0.8534065529021021,-1.4884595552619886,0.13662974066710284,0.9997906073000113
SCD,2164.5881915213986,-1.3702770828106159,0.9207119546956571,-1.4882798858233173,0.13667709721736587,0.9997906073000113
BLMH,89.72723801007429,-1.0458504946164273,0.7049269724717628,-1.4836295608738688,0.1379072226165352,0.9997906073000113
RPLP2,520.2056017348808,-1.465372379440328,0.9930537713611933,-1.4756223899454313,0.14004529104337304,0.9997906073000113
INSIG1,379.1636167336091,-1.4045619620516954,0.9533462262700559,-1.4732968184570365,0.14067101820934133,0.9997906073000113
SREBF1,414.7084901392001,-1.306743804605196,0.8922858642535211,-1.464490088833142,0.14306008914023877,0.9997906073000113
COL1A2,3335.501678697491,-1.0510414876327911,0.7192918754973142,-1.4612169599526021,0.14395591011665856,0.9997906073000113
TAF1D,120.72491038783927,1.67743230218404,1.1523382987722046,1.455676951786913,0.14548194425209265,0.9997906073000113
GJA5,25.11903947406726,-2.1135574397042087,1.4605055594261975,-1.4471409753034983,0.14785744385898927,0.9997906073000113
ARHGAP18,142.03344483983628,-1.474739868962511,1.0254149430586965,-1.4381883928505363,0.15038060767311004,0.9997906073000113
ARSA,123.2986507707388,-1.2069011490659007,0.8439161381257148,-1.4301197649168709,0.15268264839573925,0.9997906073000113
SLC48A1,91.23468733280734,-1.1683864655849974,0.8178981583653488,-1.4285231646934313,0.1531413319832016,0.9997906073000113
LMNB2,200.70071368039353,-1.622300935484992,1.141573201333508,-1.4211098627665144,0.1552848231829199,0.9997906073000113
HMG20B,235.800665149527,-1.4657792047165796,1.0319943604451212,-1.4203364484320995,0.15550975480262588,0.9997906073000113
CGREF1,35.787790706822086,-1.8869358925781619,1.3336678409457117,-1.414846961624361,0.15711337158536018,0.9997906073000113
TPRKB,63.61335357847189,-1.6522627905547709,1.1723033884177936,-1.4094156912612505,0.15871228692549677,0.9997906073000113
B3GNT5,50.76596013312208,-1.6664601950107434,1.187629179343023,-1.4031822592407184,0.1605624964580895,0.9997906073000113
CADM1,197.3016447212046,1.0885229068662066,0.7762694362530199,1.4022488275725564,0.16084095550376287,0.9997906073000113
SLCO2A1,161.90479595301176,-0.8831379382776628,0.6307734738246223,-1.400087313315282,0.1614871736627338,0.9997906073000113
MOGAT1,31.19979871113457,-2.453987816029308,1.7622840060208358,-1.3925041637132658,0.16376978167921186,0.9997906073000113
TPD52L2,113.76242066326712,-1.2847183752800826,0.9233486503692242,-1.3913686609780125,0.16411366278678363,0.9997906073000113
DHRS2,63.43665991744603,-1.565371785675885,1.1282779764286561,-1.387399043833829,0.16532011641017108,0.9997906073000113
LRRC8B,95.74683820789586,-1.535765842946927,1.10973051372116,-1.3839088174634224,0.16638637652194188,0.9997906073000113
DUS1L,166.15194404494102,-1.450901224180813,1.0503349060833793,-1.3813700904134623,0.16716519736435131,0.9997906073000113
ECM2,137.03666544247952,-1.5956947623335616,1.1565550042521955,-1.3796963883834517,0.16768014539126308,0.9997906073000113
DGAT2,161.45941146727074,-1.3461066856200117,0.9779195363528029,-1.376500453851633,0.16866674690504557,0.9997906073000113
TTF2,195.45334839652924,-1.481762554488986,1.081350093357964,-1.3702893850849023,0.17059658527777843,0.9997906073000113
RIN2,177.5638090162706,-1.414081500119867,1.033679712198194,-1.3680074044528954,0.1713097584125931,0.9997906073000113
GNAS,2310.8128498953315,-0.9074853858966533,0.6647771639252763,-1.365097110945072,0.17222252996590393,0.9997906073000113
HIST1H2BN,159.0420044320768,1.1117881225609998,0.8145058906147743,1.3649847537896163,0.17225784196980054,0.9997906073000113
YAP1,213.78243320525712,-1.3196757747722856,0.9738320304761815,-1.3551369573734338,0.17537392580275568,0.9997906073000113
RPL7A,1575.8421218189064,-1.1654699158255435,0.8613576008060161,-1.3530616258972512,0.17603594365228548,0.9997906073000113
PRMT2,104.18684088456348,-1.1240966545053934,0.8314245983562403,-1.352012746228314,0.17637123778579933,0.9997906073000113
ABCG8,369.89927664459003,-0.9733116500702105,0.726910177985786,-1.3389710029472754,0.18058011296073662,0.9997906073000113
ARG1,413.79305128413336,1.3749482964011837,1.0290185071072415,1.3361745069740425,0.18149224151741128,0.9997906073000113
GREB1,293.69085159316893,-1.0933788068082497,0.8209656245905271,-1.3318204490639838,0.18291919664196765,0.9997906073000113
TDG,141.86195282044113,-1.5398173675886966,1.1562537693921184,-1.3317295980779638,0.18294905954291407,0.9997906073000113
NOL7,234.0842104654374,-1.6591555213228704,1.2459630696263377,-1.331624958852471,0.1829834591432704,0.9997906073000113
UGT1A6,48.265779291605504,1.9406082285885748,1.4604536751025985,1.3287708207877562,0.1839235916859775,0.9997906073000113
ACSL6,27.362045770777886,-1.3057610374376822,0.9849998102891488,-1.3256459786062023,0.18495698892907453,0.9997906073000113
RMI2,12.29015383420735,-2.198625978238484,1.6614480024658445,-1.3233191619451132,0.18572926195694828,0.9997906073000113
RALGDS,20.667813217324856,-1.67388517688465,1.2670721548866193,-1.3210653950756526,0.18647956025229162,0.9997906073000113
SYTL4,148.2226310566993,-1.198079208021405,0.9070686616166764,-1.3208252679417432,0.18655963246388385,0.9997906073000113
CHST11,129.07286066854607,-0.8817480490459487,0.6679399110272005,-1.3201008571114434,0.18680134665276016,0.9997906073000113
SUZ12,331.92514730317225,-0.8402435065653293,0.6381954308603748,-1.3165927957719252,0.1879751549389127,0.9997906073000113
ACADVL,933.658973690331,-1.0496251649838595,0.79870883599202,-1.3141524391428498,0.18879491011852678,0.9997906073000113
SLC4A4,312.6150528594477,1.0317718336223975,0.7878885246374367,1.3095403745056307,0.19035137073208963,0.9997906073000113
SNRPD1,124.85092271026997,-1.0568251185189497,0.8070475012152001,-1.309495558721947,0.190366541196198,0.9997906073000113
ARPC4,14.332500050939533,1.628887325365878,1.25036977771658,1.3027244855042361,0.19266883953290925,0.9997906073000113
CP,3424.998898496862,1.2576663209501922,0.9663428059220819,1.3014701545277507,0.19309757392756333,0.9997906073000113
FGFR4,297.7713897624118,-1.214677738102025,0.9354532162124278,-1.298491166688329,0.19411860976114326,0.9997906073000113
CYB5B,69.99140553575059,-1.4586406303984059,1.1240439843029317,-1.297672200348078,0.19440000032812332,0.9997906073000113
GRB7,67.38130105978672,-1.633843002970706,1.2673422318201715,-1.2891884780199914,0.19733256968273072,0.9997906073000113
SPPL2A,253.01615545107038,-0.85546018126673,0.6636653577680998,-1.2889932723679212,0.19740042546710224,0.9997906073000113
CLDN7,60.72661019464608,-1.5343880295925347,1.1916103317514393,-1.287659219383637,0.1978646152030923,0.9997906073000113
PM20D2,77.49414208276859,-1.424876437585006,1.1110770107584982,-1.2824281519534695,0.19969249389137866,0.9997906073000113
CDC20,64.02906174685342,1.6399787004234085,1.2806447396746576,1.2805883236907984,0.2003383033902335,0.9997906073000113
SMAD7,87.23984756834166,-1.4428800931969357,1.1301427751203206,-1.2767237246137502,0.20169980249203,0.9997906073000113
ITGB1BP1,78.09516969811213,-1.3076702308205403,1.0257971913268689,-1.2747843744132976,0.20238557283591885,0.9997906073000113
FTH1,3472.1968479134043,-1.1231552173342443,0.8814071797303156,-1.2742750946025836,0.2025659397565257,0.9997906073000113
AQP1,42.65908782924004,-1.4775186449512765,1.1596342578169592,-1.2741246949126381,0.2026192278176424,0.9997906073000113
TSN,171.95146090108378,-1.4665198280434895,1.1527980741709545,-1.27213938060935,0.20332360126204096,0.9997906073000113
AP1B1,332.0522300421774,-1.127744093005948,0.8871021763406742,-1.271267417760071,0.20363352948075286,0.9997906073000113
TCEAL1,48.08114781143968,-1.7858997682571793,1.4127963259848944,-1.2640886272210436,0.20619821812933514,0.9997906073000113
TPM2,374.6219401652169,-1.0652789732722063,0.8445850228727427,-1.26130459861673,0.2071991250284565,0.9997906073000113
TSC22D2,243.6988442373658,-0.78222051706109,0.6215134567385779,-1.2585737421774101,0.20818433622050503,0.9997906073000113
SLC35D2,42.229967055436944,-1.4887255759969427,1.185301834315674,-1.2559885869546876,0.20912010805322578,0.9997906073000113
CPXM1,46.172290327308176,-1.6921254703376754,1.3503938274659402,-1.2530607263756575,0.21018360743435716,0.9997906073000113
ALDH4A1,34.54373729513818,-1.5520364699936027,1.2432894158814396,-1.2483307990628028,0.21190993967014649,0.9997906073000113
DGKZ,327.7706621813432,-1.1556123949693733,0.9263196163329576,-1.2475309543201971,0.21220287754719225,0.9997906073000113
PLPPR1,49.28946955277953,-1.670631277542199,1.340706290554276,-1.246082970828402,0.21273393598471768,0.9997906073000113
AP2B1,466.78897838068286,-1.1124292893522816,0.8927555608259184,-1.2460625709495838,0.21274142463765167,0.9997906073000113
HMGCR,452.84924084058537,-1.3531623699283455,1.0878663827502792,-1.2438681729527854,0.21354808474234332,0.9997906073000113
SLF2,177.40621927040198,-0.997037406610446,0.8050776125636108,-1.2384363830905412,0.21555429706452778,0.9997906073000113
GSTA3,35.04713178222622,-1.814319577081401,1.4656072735071717,-1.2379302490357917,0.21574192506008572,0.9997906073000113
YWHAZ,812.2218288985779,-0.8860093561427277,0.715756118694054,-1.237864871849524,0.21576616948828875,0.9997906073000113
TIMM17A,116.62785732626207,-1.0392123021006279,0.8415111770314939,-1.2349358279072922,0.216854388030164,0.9997906073000113
LYN,207.1652663311631,-1.2450571545312106,1.0108929349965257,-1.2316409695112667,0.21808322963070936,0.9997906073000113
MLXIPL,1046.8234507496923,-0.8927819378475811,0.7252107268201693,-1.2310655438897893,0.2182983511794423,0.9997906073000113
TM7SF2,197.65999125981054,-1.2994266369298757,1.0570161954609163,-1.229334652117847,0.2189463601895032,0.9997906073000113
TTC39C,359.24831272421704,-0.9564027336586008,0.7798339523828065,-1.2264184327141476,0.22004125301057942,0.9997906073000113
MPZL1,98.9386042761339,1.1497471335375218,0.9379170514793518,1.2258516163279642,0.22025451907657256,0.9997906073000113
LHFPL2,56.7939749804019,-1.27360988436533,1.0406169535784255,-1.22389884191844,0.22099039055213043,0.9997906073000113
NUSAP1,21.645320446677292,-1.4499659049906268,1.186302915127139,-1.222256041438818,0.22161081706343322,0.9997906073000113
HIST1H2BG,23.662042915016237,1.5050971114487735,1.2344857943108947,1.2192097457783524,0.22276459388405712,0.9997906073000113
APLNR,49.368292609262525,-1.5575731737672005,1.2777992188430556,-1.2189498559699057,0.22286322517817225,0.9997906073000113
UNC5B,127.5027195775803,-0.9701777986177069,0.7961754668536541,-1.2185477184466378,0.22301590277308214,0.9997906073000113
TAP1,228.34008796732218,1.158682853524294,0.9539486849626332,1.2146175908504768,0.22451197651504728,0.9997906073000113
TSPAN3,151.0023462307584,-1.0874206152241845,0.8961628773772209,-1.2134185008942941,0.22496985642578848,0.9997906073000113
PBK,14.165521367107724,1.9019751082223189,1.5686840483445736,1.2124653847468303,0.2253342852849789,0.9997906073000113
SH3YL1,98.78004939992537,1.108027566049408,0.9217276971676819,1.2021202893806873,0.22931692649650937,0.9997906073000113
NFKBIA,817.157735442422,-1.0185955758336853,0.8484383199101114,-1.2005534779966107,0.2299244564050773,0.9997906073000113
ACACB,722.2381467016261,-0.7607567079224675,0.6342812599483528,-1.1993996290926412,0.23037259175775304,0.9997906073000113
IGF1,97.1237105002996,-1.3665169429143174,1.139485846384823,-1.1992399442694106,0.23043465951767128,0.9997906073000113
TAT,2256.684918909535,-1.0816242803860288,0.9037747617827325,-1.1967852236241705,0.2313902791164233,0.9997906073000113
AK1,5.157295749081905,-2.183882025875068,1.8294493885720593,-1.193737328573847,0.2325807337261182,0.9997906073000113
PRKDC,1794.848204531025,-1.0071459913521386,0.8448422916244258,-1.192111239383675,0.23321763054420164,0.9997906073000113
CETN2,132.68471807439064,-1.5278385610408973,1.2821919626488762,-1.1915833241416838,0.23342466690316432,0.9997906073000113
CXXC5,126.13492777531884,-0.8861143509905122,0.743766069621326,-1.1913885120380123,0.233501100689247,0.9997906073000113
TMEM65,92.18054721279373,-0.9571027939359923,0.8050624758690629,-1.1888553033139475,0.23449661124772314,0.9997906073000113
GNL3,193.11792875336204,-1.1528406739241288,0.9711187874463416,-1.187126321544704,0.23517779735555044,0.9997906073000113
GRAMD1C,82.8423009617206,1.321734588182662,1.1143107887204424,1.1861453748468174,0.235564894031012,0.9997906073000113
QSOX1,308.01132033878275,-1.033717776964026,0.8734031146870507,-1.1835517409786405,0.23659055334425794,0.9997906073000113
COQ8A,362.7107286344526,-1.0619236399580128,0.89782334578732,-1.1827757040855178,0.236898051940438,0.9997906073000113
UPB1,219.50523540834416,-0.9419463397709168,0.7964781769023327,-1.1826392324198256,0.2369521569719618,0.9997906073000113
GNG13,13.778145555274275,-2.1240925007826412,1.8016791558200485,-1.1789515874239238,0.23841745406021642,0.9997906073000113
FAM118A,99.95388155112967,1.259651350308077,1.0694646134516814,1.1778335949261294,0.23886295264109025,0.9997906073000113
MMP7,49.5208639417503,1.5048926999094479,1.2785668345827623,1.1770152792994533,0.23918940780616105,0.9997906073000113
CYFIP1,544.4169503708906,-1.0399805377481686,0.8836529417081751,-1.1769106270814864,0.2392311799788941,0.9997906073000113
ADRA2B,38.11092205771284,-1.7439501338464578,1.4840516478629344,-1.1751276556700587,0.2399436478168484,0.9997906073000113
TJP2,20.622578817933327,-1.3478494353519845,1.1474195732767505,-1.1746787894709303,0.24012324827470732,0.9997906073000113
FTCD,670.5306428911186,-1.1890265369505737,1.0135154800999735,-1.1731705734117526,0.2407274099992529,0.9997906073000113
PRKCI,171.7384123047209,-1.2567165818963535,1.0731175518877052,-1.1710893924767907,0.24156284716124876,0.9997906073000113
TGFBR1,185.17961173732436,-0.9377648706355366,0.8007921565607655,-1.1710465230616645,0.24158007742234644,0.9997906073000113
SMOX,65.76501464043078,-1.5556145090973585,1.3323392938586063,-1.167581348285632,0.24297567732812775,0.9997906073000113
BRD3,141.42087538126154,-1.0648579964762055,0.9142788369041079,-1.1646971946567004,0.2441415849511518,0.9997906073000113
CSRNP2,69.95499061220333,-1.2999188613067623,1.1179852425180523,-1.1627334707736736,0.2449376571680012,0.9997906073000113
INSR,745.3310984558404,-0.9002104414486023,0.774797710978433,-1.1618651277528882,0.2452902541285018,0.9997906073000113
HJURP,110.76370829315049,1.2001136596019437,1.0344295004566029,1.1601695998346981,0.24597976154740187,0.9997906073000113
ABCC6,782.4956193258685,-1.088253283796236,0.9453520568555988,-1.1511619146584933,0.24966563022770505,0.9997906073000113
CDC42SE1,73.53199295337754,-1.161440603723664,1.0093178562526697,-1.1507183753151715,0.24984811441971466,0.9997906073000113
PMM1,65.96335669284315,1.5039739417588052,1.3075913700264734,1.150186500334853,0.2500670651454029,0.9997906073000113
CRIP2,89.38630265078777,-1.189931816284957,1.0362519742430845,-1.1483035457221935,0.2508432758872755,0.9997906073000113
SH3BP2,431.93051457911264,-0.8607979370844716,0.7502360980446443,-1.1473693938854541,0.251228984952913,0.9997906073000113
SLBP,116.97224608046379,-1.420566612944102,1.2410665725496488,-1.144633691990985,0.25236092952497813,0.9997906073000113
NFKB2,197.2740116009598,-1.2015016674388999,1.0505515614087417,-1.1436865277014496,0.25275366254504594,0.9997906073000113
CALM2,367.2631394890268,-0.9906335784775929,0.8668089556284109,-1.1428511115917266,0.25310041349369383,0.9997906073000113
MOSPD3,39.74163761390714,-1.5628050154929247,1.3693762982983861,-1.1412531511133186,0.2537645917279069,0.9997906073000113
TFPI2,35.29247314720438,-1.68169704745603,1.473726081097076,-1.141119146241977,0.25382034476507453,0.9997906073000113
SLC2A1,152.53357891520136,-1.2529235424674916,1.1007027945092314,-1.1382941414499914,0.25499767950714225,0.9997906073000113
PPP2R1B,337.8660104088036,-0.9292324002635287,0.8181000578301898,-1.1358419931274548,0.25602269869532823,0.9997906073000113
TBCE,61.390017118573624,-1.0533525159972383,0.9274770190121534,-1.1357181842835886,0.25607452766417094,0.9997906073000113
KCNK1,32.80807893962013,-1.3946718704873933,1.2297784730337313,-1.1340838216552025,0.25675938922286023,0.9997906073000113
BOP1,244.26212113829328,-1.103273030425844,0.974602073548009,-1.1320240951359897,0.2576243044998975,0.9997906073000113
HELZ,660.9383245173794,0.9001894759745698,0.7954827699506538,1.1316266171678504,0.2577914448429882,0.9997906073000113
GPX7,21.987556985032054,-1.9117564340340265,1.6907778681433159,-1.1306963913203882,0.25818290075124095,0.9997906073000113
POLRMT,206.29383143833016,-1.1979234870028994,1.0631259974621345,-1.1267935219932066,0.2598297900585358,0.9997906073000113
DLG5,240.02881673636935,-1.0602687567579938,0.9434795001808242,-1.1237856853856245,0.26110395559988053,0.9997906073000113
PMP2,7.895164373587166,-2.351587596550154,2.0988221281666717,-1.1204320580535683,0.262529690149785,0.9997906073000113
COL18A1,1699.3094978641798,-0.8979945644570041,0.8023682798057918,-1.1191800412079576,0.26306333837952056,0.9997906073000113
CBS,391.3331331454202,-1.1524548064651505,1.0304530983207034,-1.1183961777040308,0.2633978260903366,0.9997906073000113
SPHK1,48.02340512071929,-1.4153678035755104,1.2686848637680876,-1.1156181050129057,0.2645856389236211,0.9997906073000113
HILPDA,17.96418118879328,-1.4738299406871358,1.321292103175711,-1.1154459616800871,0.26465936306062887,0.9997906073000113
MCUR1,104.40169504515245,-0.9223259330556063,0.8271279089537876,-1.1150946825409773,0.26480984993673673,0.9997906073000113
LGALS3,99.06262678643918,-1.195379248876932,1.0736248490574691,-1.1134049756079607,0.26553453902257806,0.9997906073000113
KRT10,111.47537966678583,-1.1041001543350892,0.9917012841734504,-1.1133394419825922,0.2655626728643452,0.9997906073000113
NCL,2345.2946089145125,-0.8711387827645594,0.7838863792922371,-1.1113074621236583,0.26643602850796233,0.9997906073000113
SUMO2,339.23762854100954,-1.0496770338742842,0.9460720984725729,-1.109510612953263,0.2672099686328132,0.9997906073000113
C4A,16725.063639189408,-0.7490949195198496,0.6752145799314604,-1.1094175715161374,0.2672500855578446,0.9997906073000113
IDI1,87.69250734122056,-1.4387889053336176,1.2989614705730226,-1.107645559878625,0.26801491913182773,0.9997906073000113
GADD45B,438.7639148168028,-1.1513084452564362,1.0423292990987332,-1.1045534710114486,0.269353121957156,0.9997906073000113
ATP6V1B2,174.9532976902567,-1.0923931561558964,0.989432810544652,-1.1040599669972213,0.26956712558722196,0.9997906073000113
HIST1H4A,27.096225238084646,-1.847664150721966,1.677072713460021,-1.1017197619952879,0.2705835227726676,0.9997906073000113
TAX1BP3,6.833385427691199,-2.151520448047697,1.9536271196441086,-1.1012953426033718,0.2707681375377955,0.9997906073000113
RPL36A,15.96700844588639,-1.4943274751766293,1.3600018930931514,-1.0987686728714556,0.27186897984252734,0.9997906073000113
SERPINA3,3.146794129129209,-2.1493338889490827,1.9599037466567335,-1.0966527782884672,0.27279320640567517,0.9997906073000113
USP1,145.75838250357162,-1.3153271032585976,1.2014589875038608,-1.094774867006745,0.2736152798209728,0.9997906073000113
PLXNB1,481.9586926295819,-1.114252145299545,1.0183255044957775,-1.094200371472838,0.2738671085976945,0.9997906073000113
HRG,3248.6795634796167,0.965061399513749,0.8826356387223238,1.0933859422566965,0.27422438311323094,0.9997906073000113
GPT,169.46270062325786,-1.1363064607378306,1.0437104325124993,-1.0887181207937406,0.2762782083409474,0.9997906073000113
SALL4,78.61145681170663,1.351481011973479,1.2448504237494447,1.0856573498226934,0.27763061669364975,0.9997906073000113
F13A1,255.0111452196838,-1.0551305381664087,0.9721214254895766,-1.0853896545228672,0.2777491124802419,0.9997906073000113
PDGFA,53.95386181284713,-1.3213001244794407,1.2180305251610264,-1.0847840815030163,0.2780172974812216,0.9997906073000113
KIF18B,59.68577433372389,-1.268690938789374,1.1707255574320128,-1.0836792028118427,0.2785070598714239,0.9997906073000113
MME,215.38065646557337,-1.0054939209118858,0.9287683997167425,-1.0826099609101076,0.27898158412765184,0.9997906073000113
NAT2,8.81066019741361,1.8235629249057634,1.6844714560363043,1.0825727668884058,0.27899810054138563,0.9997906073000113
HLA-DQB1,102.40754806558357,1.0756230484207767,0.9950961195701385,1.0809237693394125,0.2797310244182787,0.9997906073000113
GPC3,294.8761931978175,-1.259049649012092,1.1649784217253154,-1.080749330230047,0.2798086331979728,0.9997906073000113
RPL31,1363.1309262704842,-1.0500320268916226,0.9721526183130845,-1.080110269839809,0.28009307917016957,0.9997906073000113
IGF2BP2,210.33187376390592,-1.217167219353857,1.1287687087653422,-1.0783141044769091,0.28089360477225855,0.9997906073000113
PDLIM7,149.89746568095103,-1.0622361025196927,0.988344948692502,-1.0747625147727446,0.28248106702243436,0.9997906073000113
SLC8A1,131.43588868544452,1.1073797748636305,1.0317979041458643,1.0732525918244946,0.28315779978043687,0.9997906073000113
CXCL8,67.91161929875328,-1.4610882623765657,1.365131829130658,-1.070290964724641,0.2844883600948521,0.9997906073000113
PHLDA2,21.751494763650403,-1.8151663442481736,1.6961317513092762,-1.0701800392846914,0.284538277258076,0.9997906073000113
KPNB1,450.9127854246485,-0.8327079741229211,0.7797216977539224,-1.0679553698731634,0.28554064417864866,0.9997906073000113
GSTZ1,115.66228802570983,-1.2314795262737537,1.1562438551822063,-1.065069034316893,0.28684469088473574,0.9997906073000113
SELENOM,78.63429938058393,-1.0980719370749261,1.031011544707969,-1.0650432991862877,0.28685633607609906,0.9997906073000113
BCL2L14,29.26430005731417,-1.2788915830254781,1.2036959546826558,-1.0624706164794306,0.2880220905100894,0.9997906073000113
HMGN1,289.1372392336708,-0.7764108603839913,0.7313658319690501,-1.0615902827913999,0.288421726992548,0.9997906073000113
COIL,165.17705193416097,1.2417246959239416,1.173443140280994,1.0581890619997123,0.28996925693073017,0.9997906073000113
LTF,83.87039609643293,-1.4032012185318132,1.329901701507512,-1.0551164924003122,0.2913720500888577,0.9997906073000113
MOK,113.79072544133571,-1.120265421490677,1.062187252482886,-1.054677900598065,0.29157266229979595,0.9997906073000113
GSE1,328.13197258459576,-0.7085282322134632,0.6719356392309883,-1.054458479125105,0.2916730606754502,0.9997906073000113
IKBKE,71.97091631298461,-1.399133924829811,1.3279237729600142,-1.0536251803904868,0.292054556064391,0.9997906073000113
JARID2,231.01305260455337,-1.072775038074572,1.0184616005177791,-1.0533289006960893,0.2921902776512445,0.9997906073000113
HK2,185.68010582310532,-1.2097627867702818,1.1498018134770733,-1.0521489639261246,0.2927312105044553,0.9997906073000113
COL4A2,1285.604799255944,-0.8026972218286093,0.7641752909441877,-1.0504098095566858,0.2935297374925845,0.9997906073000113
IVD,348.4504110024668,-0.8385936334628454,0.7993947432591085,-1.0490357117485214,0.29416168249792063,0.9997906073000113
RTL8C,45.03422120286267,-1.166980900152696,1.1171637740971807,-1.0445925004109398,0.296211347218974,0.9997906073000113
CPE,144.9639500603104,-1.2297488485412875,1.1799840175560194,-1.0421741568062428,0.29733094234876756,0.9997906073000113
BPHL,65.50404807361139,-1.0929240382980951,1.0492458502424447,-1.0416281732689798,0.29758410152686343,0.9997906073000113
MMP9,125.93949954728666,-1.257715704017923,1.2086732605616692,-1.040575435112599,0.29807263695084985,0.9997906073000113
SLC7A5,168.26612718257607,-1.0883919245357803,1.0465581448018038,-1.0399727238680074,0.2983525731692277,0.9997906073000113
ICAM3,4.389142888732303,2.2853079175272293,2.198546873275682,1.0394629040236378,0.2985895019277258,0.9997906073000113
PRODH2,107.16031467104929,-1.2046771216468941,1.1601213346994395,-1.0384061439220045,0.2990810104000122,0.9997906073000113
SULT1E1,18.296610220097413,-1.7727879693610529,1.7073667065565854,-1.0383170542996056,0.2991224714361693,0.9997906073000113
ABCC1,178.88246133975855,-0.8440843303286353,0.8129438171517787,-1.038305861388995,0.29912768072789997,0.9997906073000113
GNAI2,477.08465020811735,-0.7006111794897384,0.6756955836362982,-1.0368739954157393,0.2997945846383091,0.9997906073000113
HAO1,275.3363384834114,0.9923115666687383,0.9600396872044342,1.0336151514301222,0.3013161133221911,0.9997906073000113
PBXIP1,256.63312775042147,-0.8614236950286789,0.8342760720062923,-1.0325403351879685,0.3018190623492707,0.9997906073000113
TMSB4X,1508.4400153931715,-0.930717191138612,0.9030292957291275,-1.0306611264334768,0.30269976029640233,0.9997906073000113
DNAJC12,29.985450545913288,1.2737111142858757,1.236785430984013,1.0298561758384266,0.30307752559810597,0.9997906073000113
CAMSAP2,353.58971483141914,-0.69309602362265,0.6730455572900014,-1.0297906525278633,0.3031082896382765,0.9997906073000113
ZBTB22,72.0399147027043,-1.079227190670615,1.0501137041631172,-1.0277241277702396,0.3040796148999585,0.9997906073000113
SLC2A5,70.2752781741172,-1.185137092578935,1.1539516105395755,-1.0270249478006945,0.3044087168575652,0.9997906073000113
KRT7,99.8528228420187,1.1555430060707734,1.1251989154790318,1.0269677566999993,0.30443564700004677,0.9997906073000113
GNMT,123.24164952484344,-1.3804674430893464,1.3463635215322252,-1.025330396294687,0.3052073180860878,0.9997906073000113
CNOT6,185.87207004959913,0.629737171211437,0.6149113479845978,1.0241105051572583,0.3057830830631638,0.9997906073000113
SH3GLB2,92.95943476348864,-1.0092234668981015,0.9856398152436177,-1.0239272514053777,0.30586963746425055,0.9997906073000113
PRC1,2.6148466856257464,-1.776097836532171,1.7365730266998451,-1.0227602347984397,0.3064212237618389,0.9997906073000113
TAGLN,159.12870581036398,-1.0044461744061055,0.9834108700235275,-1.0213901483334986,0.30706963098654905,0.9997906073000113
SAP30BP,202.38403308351525,-1.0139585967570206,0.9946914727524255,-1.0193699499114843,0.3080273667762724,0.9997906073000113
GPN3,102.3885497589279,-1.1748889858039446,1.1541974893884608,-1.0179271715678806,0.30871256772045186,0.9997906073000113
CSAG2,47.271962607796176,-1.4820407615156121,1.4559776472462804,-1.017900765385118,0.30872511786774504,0.9997906073000113
C2,378.58032449501104,-0.850596562658854,0.8357018495153793,-1.017822998898605,0.3087620801433978,0.9997906073000113
ILF2,265.08295571556494,-1.1059088655384515,1.0876817911703387,-1.0167577268609973,0.30926869663356304,0.9997906073000113
SMYD2,117.01675251694803,1.0216234124572594,1.0060208428354729,1.0155091912189518,0.309863167496199,0.9997906073000113
HK1,213.55700217384774,-0.691194878457005,0.6808995516529421,-1.0151201844369997,0.3100485411368905,0.9997906073000113
APOF,95.45388188071126,1.2815207837679472,1.2644248222756553,1.0135207417563374,0.31081149394007057,0.9997906073000113
IL7R,258.9047288392693,-0.8862490032186394,0.8747038221504477,-1.0131989603518685,0.31096513698171624,0.9997906073000113
ZGPAT,2.871179591885544,-2.139501724122214,2.113019838244221,-1.0125327199483358,0.3112834103348029,0.9997906073000113
BIRC5,58.73770202961199,1.1369332724413734,1.1231302866827662,1.0122897458311586,0.311399536277978,0.9997906073000113
MECOM,105.6911753391671,-0.5005130896163648,0.49473945835360017,-1.011670044030808,0.3116958430735336,0.9997906073000113
RPL23A,946.3196444415215,-0.7663633550482406,0.7576543648944115,-1.0114946742965611,0.31177972882110083,0.9997906073000113
TENM1,180.4076965009686,0.9698437540183964,0.9621380000555216,1.008008990355261,0.3134501462517645,0.9997906073000113
KDELR3,36.198495564358126,-1.3070567772238444,1.2981463852722206,-1.0068639346476749,0.31400016540566866,0.9997906073000113
CDC14B,124.98362585760579,-0.9611025800885062,0.9545721651501033,-1.0068411956443084,0.31401109434508634,0.9997906073000113
CYP2C18,40.787383892207856,1.1614281528878343,1.1553116428538266,1.0052942511848135,0.31475518246188505,0.9997906073000113
TMEM51,39.73810490998251,-1.4820909528373365,1.4746143601309123,-1.0050702020192999,0.3148630472531111,0.9997906073000113
PDGFRA,186.70281572647653,0.8655325795007769,0.8618981135214545,1.0042168162597236,0.3152741182910789,0.9997906073000113
ARF5,107.01678102796838,-1.1528337115072884,1.1497032201636757,-1.002722869075001,0.315994592629824,0.9997906073000113
PIGF,14.25146232982884,1.387416045885916,1.3867375735914447,1.0004892578865618,0.3170737936136616,0.9997906073000113
PEG3,96.38587077083774,-1.1698445683061547,1.1728654045345372,-0.9974243965107136,0.318558554315153,0.9997906073000113
PRKAR1B,69.57918020302849,-1.0760752119558286,1.0792168801157687,-0.9970889371563544,0.3187213423601477,0.9997906073000113
MCM3,225.81899124210693,-1.138948476176701,1.1427123304081448,-0.9967062101884389,0.3189071344252077,0.9997906073000113
BHLHE40,428.4558906064095,-0.8198535833306002,0.8281394239169746,-0.9899946309195333,0.322176743331555,0.9997906073000113
DAB2,496.9318120215712,-0.9167749596678636,0.9287582713891153,-0.9870974912521332,0.3235948475335778,0.9997906073000113
ZER1,120.61721958997057,-1.1389535003599696,1.154400058213165,-0.9866194065538211,0.3238292528545731,0.9997906073000113
FCGBP,852.3080607363021,-1.0621429663875899,1.0767079258342416,-0.9864726922713357,0.3239012091647969,0.9997906073000113
DUSP4,29.93531838448965,-1.0744920945657168,1.0898339432460917,-0.985922764862068,0.32417101483327027,0.9997906073000113
SLC34A1,97.63576358729293,-1.88111324346061,1.9162065759075257,-0.9816860390272404,0.32625454538379683,0.9997906073000113
ID3,69.76605256451852,-1.2924250200266858,1.3176812418230233,-0.9808328289158952,0.3266751862606134,0.9997906073000113
ADAM8,91.32037153924912,-1.1749143495266299,1.2006513831424253,-0.9785641078025207,0.3277954009801858,0.9997906073000113
PKDCC,48.73478532449087,-1.1391555706967118,1.165699347708262,-0.9772293112596016,0.3284556399294025,0.9997906073000113
JAG1,445.7075785487519,-0.8558573912639309,0.8762425887357681,-0.9767356691698258,0.3287000315628733,0.9997906073000113
PTMA,3143.0090622808643,-0.7349330860927187,0.7538140517682612,-0.9749527544209975,0.3295836960768891,0.9997906073000113
POSTN,297.6162536457788,-1.0805581380537412,1.109724486787185,-0.9737174865647197,0.3301968323974397,0.9997906073000113
VPREB1,11.030008464123616,-1.9044332613288915,1.9672856788386428,-0.968051199586399,0.33301880012145013,0.9997906073000113
RGS5,239.36724811673153,-0.9652772229127214,0.9985828427082979,-0.9666471139187142,0.3337204735162127,0.9997906073000113
EPCAM,86.25438220379328,-1.2256468694851772,1.2688135330366461,-0.9659787175754988,0.33405483063721,0.9997906073000113
MORN1,56.630398935312186,-1.0644795956731647,1.1044284330316223,-0.9638284961128722,0.33513191743974935,0.9997906073000113
PRKD2,176.21407390639732,-0.6697089279760803,0.6950324463476738,-0.9635649839015918,0.3352640694236364,0.9997906073000113
NT5DC2,103.28382553429216,-1.1741945297317684,1.218750892162957,-0.9634409601521498,0.3353262792354673,0.9997906073000113
CYP3A43,198.07776196732786,-0.9602908515390189,0.9967501446839104,-0.9634218331049719,0.3353358739467184,0.9997906073000113
NRAS,87.28392740507073,1.0182878081282571,1.0581096946091562,0.9623650679284169,0.33586625437927187,0.9997906073000113
PTP4A2,583.9178771184468,-0.45769663460966264,0.4757304167257278,-0.962092434113873,0.33600317428410365,0.9997906073000113
LSM8,53.96638942689008,-0.9494169095436394,0.9875055813397903,-0.9614294111183915,0.3363363021118453,0.9997906073000113
SLC6A12,137.8288317292956,-1.0536122800800505,1.0995540355185074,-0.9582178283609386,0.3379529289980243,0.9997906073000113
ABHD6,29.460776663803507,1.0481640661080864,1.0954395191267774,0.9568433928179106,0.3386463065212091,0.9997906073000113
AGA,97.77578942578917,1.2211294030783404,1.2789214237738864,0.9548119066416048,0.33967282505871166,0.9997906073000113
RHBG,76.48451689893695,-0.9467288667360234,0.9918396819919229,-0.9545180374661932,0.3398214834100841,0.9997906073000113
SLC17A2,121.99043414709048,-1.1423177029064935,1.197605743956083,-0.9538345224806998,0.34016741154106234,0.9997906073000113
CAP2,124.34344125658347,-0.9473288964837666,0.9946287022954474,-0.9524447608413872,0.3408714680213687,0.9997906073000113
UGCG,80.12863345699603,0.90621569343872,0.9517844278455917,0.9521228409777426,0.3410346864035524,0.9997906073000113
BLM,161.48052627258292,-1.0025065869001666,1.0558023946164412,-0.949521039175483,0.3423556766543072,0.9997906073000113
S100P,6.6915065667097196,-1.5825410161195874,1.671270059100757,-0.9469092128480355,0.3436850429709303,0.9997906073000113
ITGA6,531.3603568075804,0.8954667526486317,0.9465349385353108,0.9460472257202643,0.3441244993548236,0.9997906073000113
DIO1,49.03457627233097,1.2599701207321494,1.33390555029285,0.9445722153682705,0.3448773174994887,0.9997906073000113
ADAM15,187.85691371935727,-0.9307862632854029,0.9860349913306373,-0.9439687957009748,0.3451855943277078,0.9997906073000113
CBR1,36.208639692842,1.009554696708476,1.0695602249710585,0.9438970084511078,0.3452222809020852,0.9997906073000113
TST,129.06145655577606,-1.0498101452580408,1.1129533508053167,-0.9432651822274615,0.34554528028009124,0.9997906073000113
ABLIM1,464.50887465665335,-0.3464511222166226,0.3673910192361377,-0.94300378636622,0.3456789662160209,0.9997906073000113
RAB31,96.61498764763643,-0.917360101079853,0.9743533825412704,-0.9415065596500833,0.3464453292953069,0.9997906073000113
HSD11B1,221.55927612043402,1.1298403564638706,1.2002050307395506,0.9413727884207232,0.3465138533889004,0.9997906073000113
FBXO5,48.76078476445342,-1.2378078566403423,1.3155344927712809,-0.9409163069778573,0.3467477502292259,0.9997906073000113
NPM1,1336.300611366977,-0.793016310086839,0.8430468378099222,-0.9406551030390518,0.34688163389440885,0.9997906073000113
TRAF3,127.95802434693863,-0.8934149962650766,0.9499545904619434,-0.940481792746143,0.34697048462107805,0.9997906073000113
COL16A1,393.88541676725083,-0.8864919622292989,0.9428585220320882,-0.940217372505362,0.3471060724530728,0.9997906073000113
ATP1B3,142.60657380541173,-1.0284430109130396,1.094909538473666,-0.9392949597888399,0.34757932566286354,0.9997906073000113
DCN,899.4724573399853,0.7710849285525904,0.8220713544338748,0.9379781017714738,0.34825566387085816,0.9997906073000113
MSH6,382.7388988795181,-0.8630354491987785,0.9203159177508664,-0.9377599936638344,0.34836776487843724,0.9997906073000113
YWHAH,80.59076514507743,-1.0352835695808176,1.1047586477268574,-0.9371128904136743,0.34870049142412873,0.9997906073000113
BLVRA,147.5975493378803,-1.1211022930568575,1.1980163412673626,-0.935798832151873,0.34937677290809144,0.9997906073000113
IGFBP3,412.2347658136733,0.8636926623486595,0.9266965459353342,0.9320123897482714,0.35133012247264717,0.9997906073000113
NBL1,40.03997839821921,-1.3623353088126577,1.4619857750938376,-0.9318389631562702,0.3514197551828845,0.9997906073000113
EEF1E1,33.656506930696175,-1.2533306180233692,1.3465599524621015,-0.9307648097893686,0.3519752365709573,0.9997906073000113
ATP6V0E2,63.827648632040884,0.9876984842656016,1.0645129766706458,0.9278407176911192,0.35349019927998526,0.9997906073000113
C1R,919.7454902585594,0.719749902269943,0.7757263745388964,0.9278399264144827,0.35349060979497837,0.9997906073000113
SPAG5,83.92828092877832,-1.1209607999936682,1.2116216661792047,-0.9251739476800281,0.3548754327461494,0.9997906073000113
SVIL,417.11502580092804,-0.7630557986258106,0.8251800131648844,-0.9247143489324186,0.3551145135600743,0.9997906073000113
NDUFV2,19.185064108022477,-1.3002360643430735,1.4112761810346965,-0.9213193574837971,0.3568837176217837,0.9997906073000113
ALDH1A1,1157.9803948291506,0.8220417850567802,0.8938871051226274,0.9196259576247147,0.3577682571570282,0.9997906073000113
MST1,366.6670064249584,-0.8219010524659595,0.8944479464405671,-0.9188919888929186,0.35815207057426557,0.9997906073000113
MZB1,27.288932443231356,-1.085699006361447,1.1818114137635298,-0.9186736510726285,0.358266295691021,0.9997906073000113
CSNK2A2,133.0175736251914,-0.8411760762812001,0.9196091078015088,-0.9147104668114727,0.3603436480652573,0.9997906073000113
IGLL1,121.21402166331522,-1.0406564596452965,1.1381007016858293,-0.914379947313808,0.3605172348771063,0.9997906073000113
PIK3R1,624.3072156089692,-0.7562708454691229,0.8271697894099848,-0.914287314589386,0.3605658944289648,0.9997906073000113
S100A11,116.55811063678493,-1.037879442863539,1.136389907866869,-0.9133127949118756,0.36107805494406253,0.9997906073000113
ITGB2,310.82035753550224,-0.840860493204698,0.9222915439202337,-0.9117079070578811,0.36192250046125163,0.9997906073000113
VCL,449.8879119346814,-0.8618912398229265,0.9460934545638925,-0.9110001085677318,0.3622953164666365,0.9997906073000113
HMMR,94.36408971512434,1.1748618993317104,1.2915709145818448,0.9096379347564358,0.3630134857894076,0.9997906073000113
PSMB3,91.6958541077792,1.0060702995333508,1.1075906992403317,0.9083412313080895,0.3636979648942005,0.9997906073000113
ITGAE,112.95447278059922,0.9700608575983679,1.0683813814693552,0.907972447314866,0.36389277890494975,0.9997906073000113
PIGH,23.3773626650225,1.157671446309363,1.2753232511114412,0.9077474634767734,0.3640116610193247,0.9997906073000113
CTBS,8.692604273373956,1.8515191126797348,2.04112675242555,0.9071063864502794,0.36435054115002485,0.9997906073000113
ETV5,59.11731634049032,-0.8993574222932696,0.9918717738911658,-0.9067275085014695,0.36455091273946505,0.9997906073000113
DRG2,104.68441781532043,-0.962917009687279,1.06346859315642,-0.90544940949248,0.3652273499249975,0.9997906073000113
CPEB3,61.12038066698002,1.0211430786216533,1.1287827946752897,0.9046408958735056,0.365655662310425,0.9997906073000113
C5,1446.9950218364102,0.7601619641993763,0.8410050482391169,0.9038732475993948,0.3660626161931694,0.9997906073000113
GSTP1,78.22055241384636,-0.9393694182032523,1.0441368248207845,-0.8996612281771458,0.36830056254701804,0.9997906073000113
TRIM24,456.74311897456784,0.5978824646001201,0.664622810031879,0.8995816206961694,0.3683429417338113,0.9997906073000113
NCAPD2,217.6273372085147,0.9401911594735232,1.0458776740789117,0.898949449610859,0.3686795868995313,0.9997906073000113
MASP2,246.1355676447029,-0.9268065355162843,1.0311993593606803,-0.8987656238371627,0.3687775141282139,0.9997906073000113
NDEL1,109.59773648308676,-0.8714906409396114,0.9702824132189205,-0.8981824560216787,0.3690882849824516,0.9997906073000113
GPD1L,69.70864383236075,1.1918217541201623,1.3286172189616303,0.8970392202591057,0.3696979891921277,0.9997906073000113
CYP2C8,743.5834139713437,0.9127878244405305,1.0183572285472495,0.8963336232636946,0.37007460651765545,0.9997906073000113
UGT3A1,106.05252131505767,1.1072381158346625,1.2407471728626753,0.8923962432088576,0.37218058404444476,0.9997906073000113
SMIM14,347.8506215538288,-0.6771114241144268,0.7620651432543691,-0.8885217098670188,0.3742601831782698,0.9997906073000113
ACSM5,243.96694428449396,-0.9427330467910845,1.061564780007326,-0.8880598382178604,0.3745085645694862,0.9997906073000113
DHTKD1,355.1596298558681,-0.6771858977094478,0.7628031659648095,-0.887759684181343,0.3746700334723968,0.9997906073000113
HIST2H2BF,263.3116502902511,0.8876645796895427,1.0007697066434607,0.8869818638563034,0.37508866484325554,0.9997906073000113
PPOX,162.32365461067758,-1.071898855612482,1.2091236053670305,-0.8865089150973163,0.3753433522667785,0.9997906073000113
BORA,51.436750220683514,-1.1826801912405924,1.3345726165978933,-0.8861864663876391,0.375517055209727,0.9997906073000113
C1QTNF4,11.425870555451322,-1.6881143471467748,1.9061690431062428,-0.885605793070623,0.3758299887978891,0.9997906073000113
ENPP2,299.785354348217,-1.0128642258441356,1.1449683922022644,-0.8846219972028783,0.37636053856162044,0.9997906073000113
SLC29A1,304.6985250471415,-0.8329643145448198,0.9426984091207891,-0.8835957571220332,0.3769144702537375,0.9997906073000113
NTAN1,73.79861291657251,-0.86292987100014,0.9770797496754347,-0.8831724035697057,0.3771431294296357,0.9997906073000113
PFDN4,80.02297602957894,1.1501527449922277,1.3043165355294595,0.8818049251559538,0.3778823077990442,0.9997906073000113
PAFAH1B3,4.318227700214566,1.66561758746456,1.8894111007655392,0.8815538274278668,0.3780181333846311,0.9997906073000113
TNS2,443.1371410073051,-0.7948825364402619,0.9033109404261261,-0.8799655809164512,0.3788779556151538,0.9997906073000113
YWHAB,145.23311055247183,0.6447629793298381,0.7341211698933947,0.8782786899109137,0.3797924974637318,0.9997906073000113
SLC37A4,140.14168122977517,-0.9071075161778596,1.0345525646310736,-0.8768114324875687,0.38058906841030904,0.9997906073000113
CAND2,96.52954328319834,-1.3598143649484813,1.5550881426145702,-0.8744291257100225,0.3818846016884083,0.9997906073000113
BZW2,74.76156729640276,1.0807635267335873,1.2371927969198762,0.873561121131859,0.3823573068660566,0.9997906073000113
CYP7A1,150.69240936424916,1.0731467091517861,1.2294927799094748,0.872836934618518,0.3827519647785488,0.9997906073000113
HOMER1,46.764063246395814,-0.9882152046489218,1.1352194950286916,-0.870505844003274,0.3840240269247204,0.9997906073000113
BACE2,117.60546465106505,-0.8252389697585513,0.9482804234329584,-0.8702478184364776,0.38416498879195304,0.9997906073000113
APOC2,0.8715498127484301,-2.755961162836213,3.17071490854662,-0.8691923564012509,0.38474192749036284,0.9997906073000113
INSM1,20.715575450810803,-0.9058781073921052,1.0437414289789355,-0.8679142958599446,0.38544125221909153,0.9997906073000113
CYP3A7,19.74855597561561,-1.4019272061165486,1.6220791683814748,-0.8642779177759888,0.38743523778141487,0.9997906073000113
F8,273.53950244646785,0.9469744199619475,1.0967366181242282,0.8634474351568365,0.387891508483741,0.9997906073000113
F7,206.4013946633226,-0.9687294256906488,1.122640139774341,-0.8629028941414569,0.3881908593131278,0.9997906073000113
GSTA2,275.27875300774014,0.9369405813336835,1.086006618925646,0.862739291829152,0.388280823987453,0.9997906073000113
ERCC5,26.444824763601673,-1.1536185180540188,1.3379670603173552,-0.8622174284174002,0.3885678807783689,0.9997906073000113
LAMC1,723.0039758330869,-0.8114429549782,0.949343041637558,-0.8547415627321722,0.3926942357178147,0.9997906073000113
HSPE1,44.73901383240947,0.9417704521738004,1.1037423223269438,0.8532520979972307,0.3935195179482257,0.9997906073000113
CDK4,82.61101255266057,-1.0065863641713413,1.1848240225807187,-0.8495661338625208,0.39556634717958206,0.9997906073000113
MFAP3L,31.617371228556866,-1.186733444527147,1.396952326399465,-0.8495160658673724,0.3955941943285938,0.9997906073000113
GLS,196.04159766322286,-0.7258169871051013,0.855622501019926,-0.8482911403567661,0.3962758504294097,0.9997906073000113
VIL1,107.20010418211025,-0.969991523971696,1.1436223436447635,-0.8481746875286642,0.3963406919009178,0.9997906073000113
TMEM184B,107.70531077014925,-0.870462204689391,1.0276703176359083,-0.8470247605203146,0.39698132040628253,0.9997906073000113
PCDH1,131.94209392232,-0.7630204581126254,0.9017749460028489,-0.8461317998406831,0.3974792226668521,0.9997906073000113
CYP1B1,130.90100023017288,-0.8926396974839939,1.0586868153960804,-0.8431574706539021,0.3991403804050623,0.9997906073000113
CDCA7L,39.32224668361028,-1.1277367669885723,1.3381936913500874,-0.84273059593549,0.3993791315784829,0.9997906073000113
SET,914.4023184552204,-0.6965477354971485,0.8270860326529769,-0.8421708359200418,0.3996923357199854,0.9997906073000113
GLUL,1832.924964379621,-0.7024256094529324,0.8364615465056836,-0.8397583993996065,0.4010438627322237,0.9997906073000113
ZBTB17,73.59511590981843,-0.9230968986895336,1.1010638448906518,-0.8383681863436426,0.4018239511823476,0.9997906073000113
CALCR,81.42959988555701,-1.182617587405957,1.4121369916353894,-0.8374666157823492,0.4023303346190341,0.9997906073000113
SLC25A10,2.37930670870061,1.992723195336991,2.38144895612723,0.8367692241355472,0.4027222996354122,0.9997906073000113
TEAD4,47.33342001752307,-1.1703496300400478,1.4000646620200867,-0.8359254124387412,0.4031968651036756,0.9997906073000113
UBE2C,31.950241538876632,1.2112698095505021,1.4491389727601305,0.8358548298811078,0.40323657639466004,0.9997906073000113
IARS,345.149709314693,-0.7884860275267048,0.9454619467613495,-0.8339690774733337,0.4042984092394918,0.9997906073000113
VPS37C,33.20475797164842,-0.7834995413709182,0.9403990045146149,-0.8331564980498039,0.4047564732062864,0.9997906073000113
TPMT,169.0748746760312,-0.7243004539026209,0.8703288485369715,-0.8322146911712449,0.40528777288444773,0.9997906073000113
UNKL,164.82717104044676,-0.6980340726576831,0.8417324545397974,-0.8292825931718661,0.4069445183096304,0.9997906073000113
DUSP5,57.27669966218537,-0.8988238347468901,1.083871058847346,-0.829271920686538,0.4069505560342832,0.9997906073000113
ACSM1,58.308740387372495,-1.1933039283599043,1.44072452073423,-0.828266550049253,0.40751956202196915,0.9997906073000113
PINK1,42.764591410203685,-0.9520568059503526,1.1517496061806582,-0.8266178697533823,0.4084536855929558,0.9997906073000113
FRZB,66.75944942513581,1.0116575807967214,1.2243380205681949,0.826289442785766,0.40863992077886513,0.9997906073000113
TCF4,483.4424407410035,-0.46671828496326134,0.564882494777161,-0.826221894426691,0.4086782304818004,0.9997906073000113
TRIP10,163.1602775622043,0.6036654990084175,0.7309860705382332,0.8258235325386323,0.40890420285341167,0.9997906073000113
EPS8L3,59.53654224155314,-1.1036152791488851,1.3378708834649835,-0.8249041763212649,0.40942599511970923,0.9997906073000113
CDH1,684.2125324505487,-0.7269146356817394,0.88208837996154,-0.8240836770952971,0.4098920141579788,0.9997906073000113
MSRB1,39.17623463487989,-1.0951841471154549,1.3297505651990371,-0.823601189409179,0.41016619992713554,0.9997906073000113
PROZ,171.71603705829122,-1.1733054700754355,1.424676915035505,-0.8235589821754042,0.4101901904336762,0.9997906073000113
SNAI1,27.840348150917972,-1.220352647788648,1.481848279797971,-0.8235341393756085,0.41020431142084435,0.9997906073000113
LOX,62.95605760433347,-1.0065542050959797,1.2228090763035269,-0.8231491118292387,0.4104232032790873,0.9997906073000113
DSP,2589.22086785012,-0.7934134634297937,0.9644239095364272,-0.8226812458550166,0.41068928296197815,0.9997906073000113
CHSY1,177.42244844579213,-0.7737669916507304,0.9426157758988023,-0.8208721002074558,0.41171912442276415,0.9997906073000113
CES1,2269.001842198804,0.7181818947623687,0.8760523766618763,0.819793329593991,0.4123339343144451,0.9997906073000113
NPC2,170.70581610259725,-0.7762443905209421,0.9473622026224019,-0.8193744571740491,0.41257280352174686,0.9997906073000113
COL5A2,689.2517045881679,-0.6741248987139425,0.8229474752698328,-0.8191590824103403,0.4126956566084463,0.9997906073000113
STX3,110.39284165162577,-0.850140672632998,1.0381100497780034,-0.8189311651638455,0.4128256877273958,0.9997906073000113
VCAN,1529.5264228906212,-0.7332335433746827,0.8963972089083854,-0.8179783873575419,0.4133695283599722,0.9997906073000113
ZBTB38,307.60134008533504,-0.601445900818017,0.7366709451750802,-0.8164376574877333,0.4142498661297409,0.9997906073000113
BCL2A1,14.148970576629376,-1.1726546481533395,1.4368786081667395,-0.8161125383093332,0.41443577338952187,0.9997906073000113
SNRPD2,78.33492044242098,0.8187191082406389,1.0049390575701334,0.8146952813439652,0.4152467550327543,0.9997906073000113
CTSK,181.3787789787631,-0.975079843753001,1.1978287880865877,-0.8140394131874172,0.4156223725337598,0.9997906073000113
MARCKSL1,28.01875751448903,-0.9647357965328147,1.1859391795471619,-0.813478307463616,0.41594387854638293,0.9997906073000113
ETV4,39.76243159797499,-0.8534286434563594,1.053052001313898,-0.8104335231228206,0.4176910573697372,0.9997906073000113
AKR1D1,134.9239832324618,-0.9420022305301646,1.1625759050660798,-0.8102715929560076,0.4177840981771279,0.9997906073000113
ZNF384,140.1571218443167,-0.7362673128947095,0.9088944595581436,-0.8100690956490632,0.41790046497358424,0.9997906073000113
FOSL2,281.68191533357924,-0.7065779927477073,0.8725085949151284,-0.8098235328173911,0.4180416053508418,0.9997906073000113
ROBO1,537.9562868818521,0.7923365888072497,0.98048230837136,0.8081090112919715,0.41902783054199255,0.9997906073000113
MAPRE3,55.26056693914919,-0.9704479756328772,1.2009863624844037,-0.8080424607198482,0.4190661392637135,0.9997906073000113
CD53,140.09430693421433,-0.9984526659395423,1.2358372049704884,-0.8079160118531835,0.41913893311085526,0.9997906073000113
NFIC,652.8952811554562,-0.6095359744474992,0.7544592760242937,-0.8079110348533537,0.41914179841293464,0.9997906073000113
CCNB1,39.86811961442701,1.0109925360657903,1.2514919047714637,0.8078298646689279,0.4191885304201065,0.9997906073000113
ACOX1,646.4441867763593,-0.549934073930597,0.6808511861590144,-0.8077155259624659,0.4192543636968583,0.9997906073000113
M6PR,99.87630901081332,-0.8599748239149066,1.066454924590721,-0.8063864717441702,0.4200200448381983,0.9997906073000113
FLNA,2640.7509075654098,-0.7326125257776349,0.9099065273892709,-0.8051514125079058,0.42073231055782634,0.9997906073000113
ARHGEF2,250.30625625640843,-0.6683928278220168,0.8311526270989713,-0.8041757987999796,0.4212954535572154,0.9997906073000113
PPP2R1A,200.85308486734468,-0.6764687514092685,0.8442066577491264,-0.8013070558018451,0.4229539071207701,0.9997906073000113
MAT2A,120.55540566782663,-0.7932690245865811,0.9906968502357285,-0.8007182261635625,0.423294788624185,0.9997906073000113
SNRPB2,115.70606555408692,-0.908535807997746,1.1352596928245313,-0.8002889680133933,0.4235433933346132,0.9997906073000113
DUSP12,29.554599874509677,1.2549197203102562,1.5683551120086938,0.8001502406575506,0.42362375549935716,0.9997906073000113
PSMB9,53.03520208114888,-0.9444234249526753,1.1814637861729502,-0.7993672222590025,0.42407751068643884,0.9997906073000113
RAD52,45.30429789020028,1.107328527418695,1.3861851409854398,0.7988316240581648,0.4243880507597556,0.9997906073000113
ALDH5A1,295.0275866727446,-0.6421817227738157,0.8039367128055477,-0.7987963636251346,0.42440849943718273,0.9997906073000113
HMGCS1,370.16293381629464,-0.8065409348541133,1.009852541610445,-0.7986719858801327,0.42448063475518105,0.9997906073000113
SAR1B,400.66754065205527,0.508196108118966,0.6372076914664572,0.7975360544525341,0.4251397720485792,0.9997906073000113
COL2A1,361.0193304848702,-1.2193610129448038,1.5291575791234528,-0.7974070361301604,0.42521467420213366,0.9997906073000113
HEXA,144.7559946724496,-0.6798416848114162,0.853500475624686,-0.796533457481477,0.42572203684137644,0.9997906073000113
PRSS3,32.883823897407794,-1.1092924279135352,1.3937978435235174,-0.7958775607725485,0.42610320489178044,0.9997906073000113
CSTB,200.6836939675862,-0.8606018936300134,1.0813709843588462,-0.7958433378349534,0.4261230986858865,0.9997906073000113
HFE2,213.4452150690283,-0.8367497883974783,1.0524470272635202,-0.795051690699456,0.426583434392517,0.9997906073000113
DEPDC7,75.15525102508936,1.0164039250222616,1.280695623336375,0.79363426133557,0.4274083808115311,0.9997906073000113
USP14,124.57676606287633,-0.7397549205959502,0.9329920824867897,-0.7928844568800769,0.4278451438839934,0.9997906073000113
RCBTB1,57.85005081200609,0.8268849339761687,1.0430701674292944,0.7927414279463803,0.42792848811640205,0.9997906073000113
ZWILCH,57.639762047862234,-0.8527213106772786,1.0761544242251648,-0.7923782047276728,0.4281401839901504,0.9997906073000113
IGFALS,47.36855776981825,-1.0294179341001701,1.2997582125210596,-0.792007255028974,0.4283564459510881,0.9997906073000113
MPHOSPH9,166.1796674600633,0.6772867530807115,0.8555705551219253,0.7916199885866725,0.42858228829820433,0.9997906073000113
SELENOP,491.70792281726983,-0.9273742855575462,1.1728710370072855,-0.790687344385149,0.42912646300694324,0.9997906073000113
CNGA1,127.95243509705928,-1.0570732687956144,1.3372824719431091,-0.7904637135186982,0.42925700573457815,0.9997906073000113
CTNND2,246.86403265888163,0.7067563976954887,0.8951479878543728,0.7895414024105111,0.42979564129791303,0.9997906073000113
CD24,276.9060537430224,0.7342829149185659,0.9302402261132479,0.7893476268883409,0.42990885732217077,0.9997906073000113
MMP14,289.0618377854895,-0.7399289856654695,0.9377391261765878,-0.7890563217537451,0.4300790889554259,0.9997906073000113
ABHD2,495.41665405816957,-0.6025494817039754,0.7637649415869762,-0.7889200575925599,0.43015873185036024,0.9997906073000113
GPT2,216.58952812508414,-0.6961487318967734,0.8849206025512847,-0.7866793132510764,0.43146961687677665,0.9997906073000113
ATRX,914.6174121078669,-0.6543889668173001,0.8319146674754448,-0.7866058772627845,0.43151261770945415,0.9997906073000113
NR1I2,104.87143142196955,-0.9218712622043291,1.173326633469844,-0.7856902212115535,0.4320489935232845,0.9997906073000113
ZNF532,383.53858817565464,-0.5520643900701785,0.7027977089954134,-0.785523889739631,0.4321464691184115,0.9997906073000113
SGO2,104.28742296471682,-0.8616103630782482,1.098283835552016,-0.7845060950434443,0.4327432069445477,0.9997906073000113
SAC3D1,25.748945081254025,-1.0799590273995137,1.3789056171164156,-0.783200107385114,0.43350961185793113,0.9997906073000113
KMO,87.01040062224835,0.9033629871334338,1.1535648707762167,0.7831054932572402,0.43356516562351455,0.9997906073000113
TNK2,238.56733940518922,-0.6037586796341197,0.7713335816361259,-0.782746523694,0.43377597613512253,0.9997906073000113
ARHGAP29,405.3537615260675,-0.6639973515763645,0.8490132979308647,-0.78208121497578,0.4341668457660286,0.9997906073000113
PRL,14.376284209537745,1.390616347504815,1.7782899590076253,0.7819964007899187,0.43421668881828124,0.9997906073000113
CAPG,104.58726198761893,-0.898011636303323,1.150612164135657,-0.7804642296458876,0.4351176744076206,0.9997906073000113
C7,1306.0352239041144,0.6482588120999743,0.8324403064599778,0.7787451028852137,0.4361298816611209,0.9997906073000113
BTG3,40.32679105189525,-1.0971543342479047,1.4100751257534174,-0.7780821845656513,0.43652056467465883,0.9997906073000113
DCTPP1,33.87935533997892,-1.1685512096033792,1.504722391598242,-0.7765892340860308,0.43740115529050727,0.9997906073000113
CKAP2L,65.32946808374977,0.9589787758916204,1.2354255498609044,0.7762335625967839,0.437611092574264,0.9997906073000113
SHCBP1,91.98515400124386,1.0598419934359242,1.3654750539093459,0.7761708940793929,0.437648089059119,0.9997906073000113
FAM149A,101.65385142573457,-0.9116169476917696,1.1756354330446732,-0.7754248656242474,0.4380886466629549,0.9997906073000113
PON3,346.1703881682306,-0.7920101557387111,1.0218844517021757,-0.7750486411838855,0.4383109179199295,0.9997906073000113
TPX2,124.45867617324133,0.9226414009128792,1.1918366696027856,0.7741340944144438,0.43885149722326644,0.9997906073000113
NECTIN2,189.66792713801553,-0.7257005001427154,0.938579445579677,-0.773190275538705,0.43940978040234446,0.9997906073000113
CD24P2,1.5448023444420984,-2.4319211175388373,3.1455677470675756,-0.7731262885073678,0.43944764445602136,0.9997906073000113
SALL2,59.58742891599729,-0.9241635721842614,1.1956812777704249,-0.7729179919146514,0.4395709160525003,0.9997906073000113
CUX2,188.77440597202005,-0.6995747660158814,0.9054075392066412,-0.7726628459808059,0.43972194051114954,0.9997906073000113
NUDT6,16.702991489883598,0.9710044153235302,1.2572026624483246,0.772353133131741,0.43990530390152904,0.9997906073000113
PFDN6,37.36946879725978,-0.9945899293100371,1.2883586186038083,-0.7719822066218428,0.44012496615304164,0.9997906073000113
STX5,299.41954730076316,-0.6183468304604449,0.8014629661166391,-0.7715226487089549,0.4403972030705484,0.9997906073000113
SAA4,0.5743411190862128,-2.451795231216139,3.183417668084306,-0.7701770508459741,0.44119487513992073,0.9997906073000113
RHOB,662.3359304827493,-0.7189321983485069,0.9339104352308026,-0.7698085075693935,0.44141349236056593,0.9997906073000113
CD47,118.47201165292144,0.5924272444835846,0.7698802596603812,0.7695056952686685,0.4415931648630227,0.9997906073000113
OIP5,10.047261617090994,1.4346526190227982,1.8668144902683919,0.7685030443579524,0.44218838270057415,0.9997906073000113
KPNA2,179.8333599246384,-0.7683313723470406,1.0001931057128706,-0.7681830318150669,0.44237845287158006,0.9997906073000113
CYBA,195.09457440999995,-0.663059373258098,0.8636640616027679,-0.7677283364409164,0.44264859773999676,0.9997906073000113
ASAH1,333.1248507791461,-0.7302683009003095,0.9518912012931358,-0.7671762276069434,0.4429767449535099,0.9997906073000113
TMEM176B,911.2503301959875,-0.7042223983693352,0.9210854941590033,-0.7645570393140597,0.44453535922180865,0.9997906073000113
DAD1,171.3980148218075,-0.9201542125514435,1.2036276133725814,-0.7644841330726523,0.44457878863936073,0.9997906073000113
SELENBP1,178.99206577805862,-0.7382924062581553,0.9658422055942394,-0.7644027171124884,0.44462729006037394,0.9997906073000113
HSPA5,1115.1489187165641,-0.6623350615051983,0.869722771438117,-0.7615473381362708,0.4463302155265645,0.9997906073000113
PRDX3,201.27837693010633,-0.8070814969424825,1.060727713302072,-0.7608752810181771,0.4467315642342288,0.9997906073000113
TMEM97,191.43623418310855,-0.8415373352522011,1.1060123972869176,-0.7608751378524491,0.44673164975386415,0.9997906073000113
SLC26A1,42.17151639770187,-0.951405604794706,1.2513159588215388,-0.7603240397339122,0.4470609156573627,0.9997906073000113
ZP3,61.175228913013974,-0.743054401882511,0.9774476159037515,-0.7601986948379637,0.4471358250345787,0.9997906073000113
IGF2,113.21956854631262,-0.7514149618742423,0.988978058691503,-0.7597893151122325,0.4473805307557931,0.9997906073000113
LGALS1,77.72953934547182,-0.8111030885469321,1.0692520750389563,-0.7585705068820007,0.448109521002069,0.9997906073000113
CRABP1,0.9603346131038286,2.3456337518692605,3.0927891156245337,0.7584202039574242,0.4481994664902266,0.9997906073000113
VCPIP1,181.44065677892104,-0.714446020846495,0.9431726660095503,-0.7574922880973958,0.4487549844043722,0.9997906073000113
SERPINB2,8.37696207902232,1.5100327510894884,1.9944089851933011,0.7571329463014496,0.4489702174681056,0.9997906073000113
CYP21A2,187.03050517930802,-0.7996038540370762,1.0580518859838102,-0.7557321759259275,0.4498097885420056,0.9997906073000113
F10,237.71959001104187,0.8091131422837408,1.0721267180257925,0.7546805136743879,0.4504407013069103,0.9997906073000113
PLCB3,188.79866390530793,-0.9157895505590844,1.2151706562890707,-0.7536304022973641,0.4510711834990756,0.9997906073000113
HLA-A,1077.9909530280895,-0.5466905000941462,0.7257851922293619,-0.7532400852859804,0.4513056553565604,0.9997906073000113
SERPINE1,696.3519245047039,-0.7037301504095935,0.9345593772195843,-0.7530074252780676,0.45144545204551956,0.9997906073000113
MLYCD,83.58884046429878,-0.7375465244783606,0.9798776954566155,-0.752692430798386,0.4516347594651132,0.9997906073000113
TOB1,275.17321604627386,-0.7649316244756815,1.0165813385290707,-0.7524549148054297,0.4517775330481153,0.9997906073000113
MTMR2,137.09510551897384,0.7387354983527193,0.983271680044457,0.7513035444276385,0.4524699965834853,0.9997906073000113
TESK1,110.98624092549244,-0.7717267099045921,1.0279789527580154,-0.750722286515778,0.4528198075840436,0.9997906073000113
AGL,481.18808162027835,-0.7598418026294128,1.0121922096811973,-0.7506892419857042,0.4528396989372113,0.9997906073000113
HADH,256.4383302058474,-0.583004605528726,0.7767934621097232,-0.75052717867285,0.452937261064998,0.9997906073000113
PGD,213.38739099058435,0.7844590295088187,1.0457344978643694,0.750151239258975,0.45316362231571905,0.9997906073000113
ATG16L1,133.46817553334924,-0.7776122629570983,1.0386963175974637,-0.7486425529607528,0.45407267704608534,0.9997906073000113
SH3GL2,62.911965970065175,-1.2793471997686028,1.709709411062442,-0.7482834167553626,0.4542892249837194,0.9997906073000113
PTPN18,211.32133412047543,-0.6618510309633001,0.8856144268875651,-0.7473354214534794,0.4548611161551963,0.9997906073000113
ACSL3,432.70841768801347,-0.7111466006477806,0.9524245469009877,-0.7466697524352133,0.4552629323608416,0.9997906073000113
PAM,403.03312626561586,-0.6674675606485565,0.8947019900082033,-0.7460222153327688,0.455653995320353,0.9997906073000113
TRAF6,79.83737329050976,0.6783881990153908,0.9101525843810525,0.7453565596110759,0.4560561975055176,0.9997906073000113
SEC61G,39.19594269371833,-0.854550675404381,1.1466989263198428,-0.7452267162636426,0.45613467465855717,0.9997906073000113
AADAC,189.69055035132254,-0.8747775751636774,1.1761088555122248,-0.743789633981363,0.45700375236499335,0.9997906073000113
GSTM1,104.3465454832897,-0.8974218595457003,1.20733945710236,-0.7433053349383045,0.45729684238156953,0.9997906073000113
GNE,411.54148080685536,-0.5703806729106277,0.7677060208849629,-0.7429675649190935,0.4575013178482553,0.9997906073000113
STAT1,898.8458974269251,-0.6620395967118929,0.8912270081036824,-0.7428405902111905,0.4575781976610078,0.9997906073000113
UBD,1.068639868117992,1.9315344128241445,2.6006681311247717,0.7427069950631373,0.4576590938032149,0.9997906073000113
MTHFD1,544.807500764235,0.6028076277642301,0.812569065594036,0.7418540199085012,0.45817578679814464,0.9997906073000113
RPSA,829.0372734313459,-0.650368340058267,0.8779280889335647,-0.7407991021773564,0.458815259641272,0.9997906073000113
HPD,998.3500375973802,0.7354918464292856,0.9943003053843502,0.7397079558825829,0.459477219587899,0.9997906073000113
VPS35,280.7755746919769,0.7082082223377827,0.9597340153539502,0.7379213521744307,0.4605622429170353,0.9997906073000113
CTSC,143.08178233162312,-0.6834286028763117,0.9264386728567207,-0.7376943805345743,0.46070018770221144,0.9997906073000113
GABRE,260.9206108848069,-0.27419939086367134,0.37176564758596536,-0.7375597843538427,0.46078200108487655,0.9997906073000113
DYNLT1,83.45145803990746,-0.7451812314565845,1.0130569580479611,-0.7355768355734501,0.4619882640894841,0.9997906073000113
PCK1,1367.5650052949281,0.7242227218472392,0.9855412080257065,0.7348477323419529,0.4624322333890468,0.9997906073000113
ASGR1,474.2526645762091,-0.5636453479222783,0.7675061007654584,-0.7343854952555252,0.46271382442526376,0.9997906073000113
PLEKHA3,118.08099258466834,-0.6059876566519411,0.8253636770718816,-0.7342068393435796,0.4628226857576463,0.9997906073000113
MAPRE1,158.7704715770981,-0.9180418616288629,1.2504811580459974,-0.7341508952149233,0.46285677741946163,0.9997906073000113
SORL1,851.6063084674681,-0.5706045301315762,0.7779297779912397,-0.7334910505739783,0.46325898424337264,0.9997906073000113
NPEPPS,766.0719240345157,-0.440504421647852,0.6012276775259694,-0.7326748885888157,0.46375674331142447,0.9997906073000113
PTBP3,406.86526764725215,-0.7097501400283939,0.9706944561750898,-0.7311777001643575,0.46467061922321506,0.9997906073000113
P2RX4,186.48293487846598,-0.49973034866451527,0.6851716516334738,-0.7293505904296247,0.4657872334108025,0.9997906073000113
GGA3,124.44125026345978,-0.6921367554231971,0.9494421665750301,-0.7289930653912038,0.46600590439934875,0.9997906073000113
PIPOX,272.11778764716416,0.6294909631532936,0.8636454265808962,0.7288766243403829,0.46607713487719526,0.9997906073000113
IDH3A,94.34863734960143,0.7256055677950796,0.9956686024658964,0.7287621262717612,0.4661471826698371,0.9997906073000113
KLF5,58.25375622018488,0.8507667889770106,1.1675019524453891,0.7287069517914199,0.4661809394795702,0.9997906073000113
SARDH,235.17222671866776,-0.7488495943486618,1.0294196845750894,-0.7274482949660734,0.46695137851113555,0.9997906073000113
PPP1CB,227.80723481879028,-0.6645006869473474,0.9136455539819954,-0.727306868677043,0.46703799136473323,0.9997906073000113
H1F0,335.7772317968391,-0.7479967178915471,1.0297796368336192,-0.7263658079232348,0.4676145463997222,0.9997906073000113
MYLK,726.2070274717373,-0.5135774425928572,0.7077572366802604,-0.7256406801317855,0.46805907579559514,0.9997906073000113
LCAT,86.75037840744946,-0.7501795239109895,1.0339447327536297,-0.7255508927571893,0.4681141349639507,0.9997906073000113
SLC9A3R2,220.54865563742314,-0.6803202002613511,0.9391348547625945,-0.7244116186416384,0.4688130689582226,0.9997906073000113
GADD45G,45.63131354311455,-0.8624355782615376,1.1939023838166396,-0.7223669120288742,0.470068924269362,0.9997906073000113
PHF20,252.55699166622273,0.5613828317996495,0.7772375733039262,0.7222795848807091,0.47012260180588006,0.9997906073000113
SERINC2,182.34139053607265,-0.586193143127408,0.817291494740049,-0.7172387659727879,0.4732267832402478,0.9997906073000113
SLC22A7,197.909349983453,-0.7287679894311572,1.0183303935987063,-0.7156498460737714,0.4742075867365536,0.9997906073000113
COL4A1,1507.4243063850495,-0.5089736281957593,0.7119853892660246,-0.7148652709298611,0.47469229844598193,0.9997906073000113
TMPO,243.49954261098134,0.5458871633556548,0.7637903363967408,0.7147081304156498,0.4747894127846207,0.9997906073000113
YWHAQ,244.35901951577802,-0.7338415598275486,1.0281963958575266,-0.7137173041882888,0.4754020040234601,0.9997906073000113
FBXO31,89.3458874917516,-0.7716112460856768,1.0817277427779763,-0.7133137254149626,0.4756516460861887,0.9997906073000113
LPAR2,27.102737752127695,-1.0177958451442914,1.4273969759718004,-0.7130432964882496,0.4758189657550591,0.9997906073000113
SLC38A1,189.72023789625038,0.6312261353912574,0.8875266559777765,0.711219354528393,0.4769483167619438,0.9997906073000113
TRIM28,355.6450109245724,-0.5766721683663981,0.8112979567332997,-0.710801948384506,0.4772069730958507,0.9997906073000113
PGGT1B,64.98305267870174,-0.7745252251176595,1.0913579063852898,-0.7096894800377461,0.47789671722107596,0.9997906073000113
TXN2,53.41364894013549,0.6312125363463038,0.8899872608872552,0.7092377206804387,0.47817696916147323,0.9997906073000113
SMG8,68.48412913822068,-0.7732224863418768,1.0915829121472633,-0.7083497531313158,0.4787280874957306,0.9997906073000113
REG3A,10.16074810331987,-1.3462576548535465,1.902850500849957,-0.7074952311031298,0.4792587752346752,0.9997906073000113
ELOC,63.278085713189206,0.7045704746526367,0.9958858359043802,0.7074811682734745,0.47926751142314616,0.9997906073000113
DSCC1,19.131125098840073,1.0495081230425072,1.4838274111191316,0.7072979749383035,0.47938132373622844,0.9997906073000113
RPL9,1457.7895241747606,-0.6222848432773493,0.8804092731401852,-0.7068131405043306,0.4796826074287691,0.9997906073000113
SMARCA2,799.4128345737889,-0.5855367089366572,0.8288809350156282,-0.7064183578134985,0.47992800783786804,0.9997906073000113
NCEH1,58.279717405550905,-0.8486976552622957,1.203746637002471,-0.7050467508475818,0.4807811427425107,0.9997906073000113
ACP2,105.17917203874624,-0.7639612923561019,1.0841740929127803,-0.704648171682111,0.4810292124559761,0.9997906073000113
CCL3,3.4563907158171423,-1.7152421260510575,2.435886821650736,-0.7041550989995026,0.4813361899399271,0.9997906073000113
BCLAF1,437.7096835547168,-0.5728059770508437,0.8165473031467326,-0.7014976044173048,0.48299252911468915,0.9997906073000113
CHP1,621.6324427366739,-0.5466447335065316,0.7794824610288004,-0.7012918966579983,0.48312086974015755,0.9997906073000113
SERPING1,4161.9325502617585,0.5988019581632184,0.8549128670464129,0.7004245476290271,0.483662210512681,0.9997906073000113
MT2A,416.2698847414825,-0.7512817497888359,1.0754850527637594,-0.698551549236512,0.4848323317592348,0.9997906073000113
CPA4,32.350947661809734,-0.5012907429349961,0.7179122819162201,-0.6982618288643465,0.4850134660905213,0.9997906073000113
MYO1E,469.97780403535984,0.6068956860583263,0.8706194805293797,0.6970848914261645,0.4857496688073111,0.9997906073000113
ASS1,913.6817687573176,0.5806936770120441,0.8330324293535505,0.6970841188771891,0.485750152253807,0.9997906073000113
CPED1,215.19617638465556,0.6926252492809243,0.9950905748664158,0.6960424174190419,0.486402266064896,0.9997906073000113
HMGXB4,125.56674671806107,-0.7142968111273286,1.0269879388417174,-0.6955259980296791,0.48672572430415206,0.9997906073000113
MRPL9,82.71837248046991,0.8532214832156366,1.2294659804992296,0.6939773013232806,0.4876964439408411,0.9997906073000113
VMP1,1500.753012348939,0.48866129539446074,0.7042339511176895,0.693890566648919,0.4877508399197288,0.9997906073000113
GYS2,10.724623519732637,1.1511867112735963,1.6598031088609693,0.6935682341645882,0.48795302064510004,0.9997906073000113
PREB,94.39422696677495,-0.8078930370818431,1.1663835997766965,-0.6926478023495134,0.48853060366569245,0.9997906073000113
RPS6KC1,155.43831317753902,-0.7006367849194668,1.014514752893639,-0.6906127120587285,0.48980895667488966,0.9997906073000113
LANCL1,74.17725530090298,-0.7374491015490308,1.0700859697661285,-0.6891493976976477,0.4907292568718684,0.9997906073000113
TNFRSF1B,195.78554854134268,-0.6721873245113397,0.9761807671039078,-0.6885889859370584,0.49108195412851663,0.9997906073000113
KIF23,96.77355249818655,0.8034280632218316,1.16696550281457,0.6884762756774445,0.491152905200101,0.9997906073000113
AGPAT5,67.42859870161614,-0.8440779373707364,1.2286103012952267,-0.6870184439125179,0.49207110581691427,0.9997906073000113
C8A,309.4928027306193,0.7446585689016186,1.0839792917697586,0.6869675228627771,0.4921031945622689,0.9997906073000113
IRF2BPL,87.15006778307546,-0.4373999579339636,0.6367943319980184,-0.6868779069712647,0.4921596702310258,0.9997906073000113
KCNN2,77.40712452569404,-0.6338180318447624,0.9235182231689285,-0.6863080943545447,0.49251884576806915,0.9997906073000113
ALOX5AP,41.4406149263959,-0.988772685326696,1.4412442782019463,-0.6860548904036307,0.4926784953690425,0.9997906073000113
UBA2,316.9564335058452,-0.7440371428538373,1.0872768695289707,-0.6843124908710405,0.4937778611384185,0.9997906073000113
KIF5B,584.9266826555947,-0.6293272384613331,0.9246144446729415,-0.6806374722860201,0.49610090999741974,0.9997906073000113
DYRK3,50.508285896715,-0.8317160705766032,1.2223882358494669,-0.6804025482122084,0.4962496079784229,0.9997906073000113
DDR1,135.19189984057994,-0.6444169616115497,0.948838673132373,-0.6791638872435027,0.49703402611260583,0.9997906073000113
ENPP5,12.010134218921229,1.0382333038643103,1.5290468943807156,0.6790068425499852,0.4971335264084349,0.9997906073000113
CCT2,190.2294246187916,0.6251612383551355,0.9213110535904611,0.6785561031953391,0.497419164542348,0.9997906073000113
ACOT2,247.14697265318114,-0.7582998908861434,1.1175600324763455,-0.678531684070577,0.49743464168652674,0.9997906073000113
IGSF3,95.69594971106777,-0.6986928970349843,1.0298787642709197,-0.6784224719203806,0.4975038648401824,0.9997906073000113
EMD,98.22932840451679,-0.747572686233193,1.1023563439027317,-0.6781588280124746,0.4976709943302924,0.9997906073000113
SSUH2,45.02087013278875,-1.079713564294124,1.59248042251181,-0.6780074335803126,0.49776697999413577,0.9997906073000113
PPP1R2,129.9333372528796,-0.6804118221211511,1.009318983749488,-0.6741296191551953,0.5002289102113894,0.9997906073000113
CYP27A1,395.7896676994507,-0.6573169862847379,0.9750664890274885,-0.6741252967685644,0.5002316579889994,0.9997906073000113
PSME3,138.8876899663978,-0.6430041541521131,0.9552811981882066,-0.6731045846727012,0.5008807573965779,0.9997906073000113
ABCA6,458.51194015167493,0.5519851079626925,0.8200658291556638,0.6730985347005788,0.5008846060735925,0.9997906073000113
ACACA,813.1810773687151,-0.582161887207882,0.8651983683558042,-0.6728652162326705,0.5010330430815101,0.9997906073000113
FYN,112.15464833794638,-0.6230200565528311,0.9296394491413941,-0.67017385840096,0.5027469663875226,0.9997906073000113
DUSP3,174.18240590340852,-0.49099712913254123,0.7347083068377688,-0.6682885228912465,0.5039494380613068,0.9997906073000113
ATP6AP1,195.31436834344478,-0.5811391906274298,0.8703759095952616,-0.667687586732115,0.5043330353683728,0.9997906073000113
SPINK1,22.264204391121094,0.813194304796752,1.2197453541124925,0.6666918648675206,0.5049689761990578,0.9997906073000113
MFAP1,134.74859153418316,-0.7130937039981836,1.0717481010267413,-0.6653556962825831,0.5058230147208742,0.9997906073000113
TM9SF4,257.06313313056404,-0.6579456644435548,0.9899138791416635,-0.6646493986063189,0.5062747657592827,0.9997906073000113
PSMD14,118.97333848849341,0.694012292820529,1.047233866589869,0.6627099399300909,0.5075163424655705,0.9997906073000113
DBN1,139.50396034136546,-0.6685636798883452,1.0092870542518408,-0.6624118253294496,0.5077073271354036,0.9997906073000113
TUBA1B,197.02102887675167,-0.6904450321699453,1.0441708665295095,-0.6612375946331123,0.5084599551696496,0.9997906073000113
MGMT,56.43727296131643,-0.7927872184176112,1.2028561881821347,-0.6590872842544404,0.5098397206036045,0.9997906073000113
UCHL1,56.95606778693509,0.787982845768335,1.1956253142064575,0.6590550036081523,0.5098604486799294,0.9997906073000113
SOX4,168.77991791786806,-0.4564526430819577,0.6931781300586176,-0.6584925624288788,0.5102216746613246,0.9997906073000113
FAT1,1442.1648791705973,-0.5290622714348159,0.8042672271967054,-0.6578190103292861,0.5106544373291217,0.9997906073000113
LTBP2,646.6939818333552,-0.5480456172723229,0.8332123095713403,-0.6577502648205881,0.5106986176622811,0.9997906073000113
SULT1A1,261.3188169680546,0.5542994677947677,0.8436639855113066,0.6570144954793014,0.5111715959633403,0.9997906073000113
AGXT,1424.8133603193507,-0.5989130978221906,0.911633966756152,-0.6569666331688918,0.5112023714566696,0.9997906073000113
UTP18,156.82078752377902,-0.8166464489533259,1.2432445335784048,-0.6568671141491285,0.5112663653419927,0.9997906073000113
FAM169A,92.70658827776141,-0.8943581822624526,1.3629615697637723,-0.6561873805564908,0.5117035674461163,0.9997906073000113
TP53BP1,250.38969618210496,0.6452560743299395,0.9872239460593157,0.6536065873458567,0.513365299154987,0.9997906073000113
AGO2,192.97557482507233,-0.5180713619069148,0.7929828317021168,-0.6533197708642549,0.5135501490572182,0.9997906073000113
MRPS33,130.75894199017904,-0.5167759763890376,0.7933128754905453,-0.6514150877350743,0.5147785737211482,0.9997906073000113
BTD,110.8826025627071,-0.7719108960746099,1.1849861780028064,-0.6514091981862609,0.5147823745499549,0.9997906073000113
ECI1,136.98122770605121,0.7039072185922536,1.0824259606459155,0.6503051887005846,0.5154951061370523,0.9997906073000113
DTL,107.26823579495233,0.8318206356325576,1.279126785755295,0.6503035077491451,0.5154961917239289,0.9997906073000113
GBF1,467.20046744934433,-0.6149440845233688,0.9464735124774537,-0.6497213883077553,0.5158722056575991,0.9997906073000113
PKN1,290.414179991294,-0.6145680245974113,0.9470674843339942,-0.6489168245804507,0.516392139281773,0.9997906073000113
POFUT1,115.4737957130706,-0.583247694281573,0.8994427289203711,-0.6484545102517679,0.5166910237543823,0.9997906073000113
EDNRB,136.67681073122063,0.7029774397095071,1.0851723584658794,0.647802567237627,0.5171126547410014,0.9997906073000113
MCUB,16.60352242867803,1.0506387457657789,1.6241237858538937,0.6468957322815136,0.5176994280933119,0.9997906073000113
FBL,160.86424331143624,0.5554513425238387,0.859082182825378,0.6465636857897016,0.5179143670318734,0.9997906073000113
SRD5A2,23.248808050186476,-1.0222000655880723,1.5812875686639005,-0.646435275812466,0.517997501213637,0.9997906073000113
TTPA,111.23199862037109,-0.6069997383597217,0.9405880129781443,-0.6453407123888427,0.5187064149365137,0.9997906073000113
RPA2,51.32700309886924,0.8327743503382848,1.2904848850222792,0.6453189494923124,0.5187205151491481,0.9997906073000113
PFN1,280.41901811895326,-0.627025287307542,0.9722720089584406,-0.6449072703216575,0.5189872799874646,0.9997906073000113
SLA,117.696958805357,-0.650481924513471,1.0087553432795526,-0.6448361625512653,0.5190333644336881,0.9997906073000113
PRKCA,220.97962497595486,-0.49821654111028485,0.7732404263349385,-0.6443229351985229,0.519366046132441,0.9997906073000113
PRMT1,197.78111983249002,-0.527767989526179,0.8210637648231496,-0.642785630224293,0.5203632085648606,0.9997906073000113
CCR7,28.895433019428342,-1.055185417557269,1.641638267929091,-0.642763657604287,0.5203774681048976,0.9997906073000113
XPO1,463.22135557991015,-0.5185224862703999,0.8097274147408928,-0.6403667170344275,0.5219342156273856,0.9997906073000113
RTP3,11.698080761761044,1.0920983478561133,1.7059414013383507,0.6401734238933041,0.5220598585162239,0.9997906073000113
MRPS27,131.2336745033613,0.5898218187301925,0.9223862093319861,0.6394521218583216,0.5225288508409676,0.9997906073000113
ARF4,165.77996924916494,-0.6772016968931182,1.0597595141439355,-0.6390145007946976,0.5228134985804165,0.9997906073000113
PLP2,89.2847451110727,-0.755404377566367,1.1821756622322281,-0.6389950340713193,0.5228261624321575,0.9997906073000113
AURKA,63.791119051687716,-0.7207674715473744,1.1281728223414353,-0.6388803712284766,0.522900758214895,0.9997906073000113
LRRC59,198.8846121276368,-0.5489577411859424,0.8600111137310672,-0.638314705962749,0.5232688409480499,0.9997906073000113
CTBP2,221.5106828286511,-0.29427613116295914,0.4612704808045816,-0.6379687047167234,0.5234940521422021,0.9997906073000113
ANXA6,546.679440073507,-0.5878758570569824,0.9224108964221979,-0.6373253604626815,0.5239129351805996,0.9997906073000113
RAN,550.9905743010228,-0.6382938401188476,1.0039347533019032,-0.6357921548382734,0.5249119015012698,0.9997906073000113
SLC20A1,158.16993225359923,-0.605941431398068,0.954498767318308,-0.6348268349266475,0.5255413594864488,0.9997906073000113
ABCG5,237.8435531195123,-0.7594599201374068,1.1966948958004433,-0.6346312019902287,0.5256689732606016,0.9997906073000113
S100A13,19.796794591117525,-0.8731990271986736,1.3807006712019139,-0.6324318119136895,0.5271047522124681,0.9997906073000113
GCN1,544.7424686456941,-0.5693240261435338,0.9003987177372603,-0.6323021289660085,0.5271894726835619,0.9997906073000113
RFC4,72.01253741170436,0.8085758820966602,1.28027934005541,0.6315620793050253,0.5276730720627032,0.9997906073000113
INAVA,90.36477255978745,-0.6215246525588665,0.9842804872756562,-0.6314507506688012,0.5277458414225057,0.9997906073000113
CDH13,76.41705836535564,-0.7505282281055881,1.1893345908217323,-0.6310488519357995,0.5280085829165475,0.9997906073000113
SOCS2,54.429734444627535,-0.7724103087475304,1.2245888145492314,-0.6307507463489718,0.5282035126415117,0.9997906073000113
ACYP2,52.590312761588265,-0.6584239036117414,1.0441209869834784,-0.6306011581224541,0.5283013414335784,0.9997906073000113
IL2RG,4.288077345381317,-1.0159229075816198,1.6113497893943913,-0.6304794367233224,0.5283809524860441,0.9997906073000113
USP39,207.0016877737223,-0.691368949410271,1.0980747468652077,-0.6296192052353417,0.5289437551622692,0.9997906073000113
ZNF681,72.98617542665804,-0.6301032757822814,1.0009274537441608,-0.6295194256339552,0.5290090552678499,0.9997906073000113
MGP,148.12426878520156,0.6103430678274373,0.9703066726147149,0.629020788018212,0.5293354468453061,0.9997906073000113
SDHB,129.0227534692523,0.6574549645484862,1.0461922987036318,0.6284264999495391,0.5297245817546342,0.9997906073000113
AP3S1,236.9191077194669,0.646611674337038,1.0294118573504771,0.6281369985394392,0.5299141975385464,0.9997906073000113
SRPK1,303.51545315872625,-0.6242522111736661,0.9948701849518522,-0.6274710214618378,0.5303505258424526,0.9997906073000113
GOLT1B,66.96048687369215,0.7757767076715787,1.2369315318738359,0.6271783746157311,0.5305423170050918,0.9997906073000113
SSB,233.10756532928312,0.6437852249556408,1.027671614080223,0.6264503330977332,0.5310196042945818,0.9997906073000113
PGC,66.36114266653313,-0.8856989789138139,1.4151053832465121,-0.6258890605601806,0.5313877103125593,0.9997906073000113
KCNJ8,96.6279529643334,0.7531416950756663,1.2051145299044437,0.6249544556859543,0.5320009502552501,0.9997906073000113
ALDH6A1,717.3701056630971,-0.4334552234609465,0.6937406177362363,-0.6248087720095817,0.5320965727221827,0.9997906073000113
ALAD,219.75528170559383,-0.585983499966914,0.93903487568335,-0.6240274085033156,0.5326095851828283,0.9997906073000113
GNAI1,130.5880552739321,0.48756405492670024,0.7815771908166329,0.6238207315355093,0.5327453229790761,0.9997906073000113
RPL24,662.8112089648147,-0.577954488505908,0.9281414253495102,-0.6227008866544964,0.5334810999564417,0.9997906073000113
NCOA4,585.7737447608877,-0.6120645394539161,0.9853041145420942,-0.6211935283943925,0.5344722969784335,0.9997906073000113
MED1,210.1899967746841,-0.6517169696630021,1.0507894920695318,-0.6202164892032221,0.5351152669572832,0.9997906073000113
ELOVL2,125.68789267037128,-0.6958028289477467,1.122249249231522,-0.6200073908930738,0.5352529210222035,0.9997906073000113
MMP12,46.23094000336283,0.9043518637117859,1.4598233447761155,0.6194940414865615,0.53559094603095,0.9997906073000113
DHX32,59.768195968967575,0.7996932191045951,1.291286430389072,0.6192996381628845,0.5357189827912814,0.9997906073000113
LITAF,369.03415603262863,-0.5267143164509996,0.8507863217270881,-0.6190911901143105,0.5358562867312575,0.9997906073000113
KNTC1,440.12077555592936,-0.6299689699666623,1.020063731491583,-0.6175780498003721,0.5368535174794353,0.9997906073000113
CD81,734.6177332904465,-0.44875384907734267,0.7272661947877646,-0.6170420848562896,0.53720696730406,0.9997906073000113
DUT,54.63718005342584,-0.8083138754500953,1.3121969883185558,-0.6160004043949724,0.537894252894927,0.9997906073000113
ARHGEF12,1149.246316528812,-0.4806709699896259,0.7804347242376478,-0.6159015675002927,0.5379594869599087,0.9997906073000113
RCC1,53.42689995446157,-0.8048426506969553,1.3077512355655332,-0.6154401760889205,0.5382640658279465,0.9997906073000113
ELF3,172.09644038125842,-0.5872075447020805,0.9566296267137488,-0.6138295619374433,0.5393279602257418,0.9997906073000113
COL3A1,4376.687907024966,-0.4390497309968771,0.7155723467954721,-0.6135644186965321,0.5395032020476014,0.9997906073000113
RCL1,128.5113671622192,-0.5790534081548036,0.9462617441565714,-0.6119378826531019,0.5405788564459124,0.9997906073000113
DR1,109.81077404053373,-0.5429060643278165,0.8901758934106859,-0.60988628016839,0.5419371415340597,0.9997906073000113
HIBADH,123.24722353105199,-0.6410269787315207,1.0511654120976621,-0.6098250297755838,0.5419777191648849,0.9997906073000113
PNPO,136.7397607279918,-0.6061863050227562,0.9942828258262951,-0.6096719054952873,0.5420791687453658,0.9997906073000113
PKIA,8.879397957354943,-1.1625545910612727,1.9093366226933264,-0.6088787997065512,0.5426047774451674,0.9997906073000113
HNRNPA1,2623.4500742355704,-0.46567443940743686,0.7652514226893429,-0.6085247614057417,0.5428394884092094,0.9997906073000113
FDPS,153.42293503372204,-0.5664207277036705,0.9310417380154666,-0.6083730777859725,0.5429400630861401,0.9997906073000113
RGCC,51.26349772964876,-0.7977324109226854,1.3117021801289013,-0.6081658039512385,0.5430775121744948,0.9997906073000113
CLIC4,176.64486477543005,-0.6409391104993436,1.054700973128458,-0.6076974676511274,0.5433881429011292,0.9997906073000113
ADH1A,894.6488435773008,0.6434710567640607,1.0589672244925485,0.6076402006421007,0.5434261321289253,0.9997906073000113
IGF2R,1198.5494068301325,-0.404344681235095,0.6657175824093593,-0.6073817064763322,0.543597625907666,0.9997906073000113
PTK2,551.480346986119,-0.49021646536275343,0.8074957265541277,-0.6070824268689098,0.5437962117639352,0.9997906073000113
ORC6,54.7406461784015,-0.5973134061547176,0.9852925131630736,-0.6062295188229626,0.5443623535965221,0.9997906073000113
PTPRG,275.03286042360776,-0.5861964472932626,0.9677716044163717,-0.6057177588370931,0.5447021893260815,0.9997906073000113
TMED3,63.66736852681596,-0.7374112059514182,1.2188083439429642,-0.6050263846781855,0.5451614656830917,0.9997906073000113
CDC25A,34.22059364013201,-0.9628112347022267,1.592481191053438,-0.604598183081409,0.5454460142072164,0.9997906073000113
PDCD10,104.90699774609205,-0.6177423917464138,1.022249838570814,-0.6042968836366522,0.5456462778751505,0.9997906073000113
DNAJC10,338.60116306535684,-0.5076820011725712,0.8414204236431072,-0.6033630595445436,0.5462671911320534,0.9997906073000113
PAPSS1,102.29734743837335,-0.7007318780521409,1.1614121276556333,-0.6033447226580991,0.54627938709965,0.9997906073000113
GPX3,493.8538596686676,-0.6432024995218423,1.0693072019722165,-0.6015132960252468,0.5474981586757057,0.9997906073000113
SEL1L3,186.86236932171064,0.4315954226837872,0.7195329508959459,0.5998271825444192,0.5486214155270238,0.9997906073000113
STOM,752.7333819475886,-0.48705649128975315,0.8141209088885242,-0.5982606342277897,0.5496660389444044,0.9997906073000113
TUBA1C,1034.9987677680667,-0.5935333140609517,0.9926853562694915,-0.597906789208061,0.5499021295375882,0.9997906073000113
NOP56,147.17371577913318,0.5929813280729693,0.9918812558233641,0.5978349974773276,0.5499500361309415,0.9997906073000113
MPHOSPH6,62.798134957327115,-0.8108768001280283,1.3597318148935174,-0.5963505385740564,0.550941075550795,0.9997906073000113
POU3F2,299.14539872312395,0.32242038261789563,0.5412217040264307,0.595727001003918,0.5513576172394916,0.9997906073000113
CAPRIN1,658.2944479799465,-0.5695050202578321,0.9569378791149272,-0.5951326963716473,0.5517547744991677,0.9997906073000113
CUL4B,255.74743499941482,-0.6522634322806429,1.096558769581801,-0.5948276101329244,0.5519587097284723,0.9997906073000113
STK38,141.06927357898897,-0.6308446944999088,1.0629851846251852,-0.5934651805352755,0.5528698788114252,0.9997906073000113
NCAPG,153.56387117189158,-0.763725136671213,1.2882741778529532,-0.5928281027444349,0.5532961982563169,0.9997906073000113
MAP4K1,148.9009438289301,0.5349173498461844,0.9033792977430218,0.5921292984935644,0.5537640089859002,0.9997906073000113
UBAP2L,1008.135013186445,0.4471641164926211,0.7567055643228954,0.5909354147445,0.5545636958817755,0.9997906073000113
HLA-B,1564.8415012259804,-0.5093076808576515,0.8634047641182916,-0.5898828707272148,0.5552691787767194,0.9997906073000113
AIF1,34.145026640474036,-0.6940787602188258,1.1780171165576832,-0.5891924238308293,0.5557321988368098,0.9997906073000113
RPL13A,3225.1413014103496,-0.5213447377840119,0.886346256208807,-0.5881953402883136,0.5564011847057526,0.9997906073000113
RPS4Y1,189.51075920566805,-0.7025369307654193,1.1948472621636772,-0.5879721643193435,0.5565509767491659,0.9997906073000113
S100A8,5.700631233481614,1.0445127343202574,1.7775912142523411,0.5876000769724674,0.5568007593672423,0.9997906073000113
LONP2,610.2823634527211,-0.44765529136007404,0.7620271187390999,-0.5874532288310078,0.5568993537080351,0.9997906073000113
SDS,294.2673135844843,-0.5869739789448529,0.999449601555925,-0.5872972264244866,0.5570041035710664,0.9997906073000113
CLUH,361.0921091668925,-0.6047109630211627,1.029722603293594,-0.5872561805353979,0.5570316659668184,0.9997906073000113
SMAD2,325.10542880144646,-0.3358945733639668,0.5731777473365177,-0.5860216571994029,0.5578609611863219,0.9997906073000113
ARHGAP35,715.1395917645374,-0.4822605229166268,0.8239635294401433,-0.5852935302176631,0.5583503643829717,0.9997906073000113
CPT2,80.40191911451265,-0.5436010331367523,0.9287760137861685,-0.5852875451862232,0.5583543880260584,0.9997906073000113
ELL2,433.3897878175292,-0.5731532124696607,0.9798719464681532,-0.584926647339514,0.5585970400536673,0.9997906073000113
PDCD2,52.35518554057017,-0.7917971852559236,1.3550733656422045,-0.5843205285646437,0.5590046832334854,0.9997906073000113
COX7A1,15.865233646314637,-0.8298858389538192,1.4223574384990727,-0.583458008859958,0.559585016933255,0.9997906073000113
AMACR,21.2389957196471,-0.9533380691637457,1.6368642448809663,-0.5824173092821592,0.5602856251909762,0.9997906073000113
GTF2I,2071.3993480612776,-0.45450759746331393,0.7805768839815469,-0.5822714030999394,0.5603838845005114,0.9997906073000113
EMP2,270.33954976469516,-0.4748466643385014,0.8157858795568881,-0.582072669113156,0.5605177336863223,0.9997906073000113
ZC2HC1A,72.6106090992406,-0.7246472591238637,1.2456474680587504,-0.5817434528672651,0.5607394979552073,0.9997906073000113
ST3GAL6,92.50922724591284,0.5597097454867466,0.9624790827853984,0.5815292565807829,0.5608838061194878,0.9997906073000113
TFF3,10.198440195070702,-1.060963651228629,1.8256890838834303,-0.5811305224939226,0.5611524888299666,0.9997906073000113
LAMB1,800.9793407628143,-0.4479710326476855,0.7716992518802023,-0.5804995036035463,0.5615778214065181,0.9997906073000113
CLRN1,52.538557235083786,0.6544127106094481,1.1278478480091318,0.5802313776318431,0.5617585964738966,0.9997906073000113
GK,291.7199781941473,-0.5509316977510382,0.951650587119911,-0.5789222485727518,0.5626416371925163,0.9997906073000113
ODC1,192.8613822220039,-0.5505172657848447,0.9521239741005729,-0.5781991429266263,0.563129677366841,0.9997906073000113
DDIT4,78.76655970948843,-0.6595500283710748,1.1417043572611698,-0.5776889824203411,0.5634741189012994,0.9997906073000113
FANCI,243.4243742828835,-0.660547363340459,1.1469601141108254,-0.5759113636244838,0.5646750942932695,0.9997906073000113
GPN1,56.81947293980901,-0.7406650583242633,1.2862801156263535,-0.575819410815969,0.5647372519289643,0.9997906073000113
DSG1,148.09577300408483,-0.7111339183424252,1.2363111149451924,-0.5752062808025072,0.5651517955166127,0.9997906073000113
PEMT,39.75676547719636,0.7046834614793394,1.2256318864749771,0.5749552286095213,0.565321576719469,0.9997906073000113
RBM41,70.49756380700975,-0.67984241094431,1.1852657943499585,-0.5735780229084899,0.5662533871438653,0.9997906073000113
LRRCC1,397.26628218326783,-0.3194478975374988,0.557608220411549,-0.5728895052905186,0.5667195108518637,0.9997906073000113
PLXNC1,326.75457605523474,-0.5006372479476742,0.8751533938892382,-0.5720565691036288,0.5672836511474589,0.9997906073000113
PTPN12,428.6203092169623,-0.5456447203074496,0.9543620006586364,-0.571737684370168,0.5674997001365019,0.9997906073000113
DDR2,268.59146348227836,-0.546553620735259,0.9560651184397025,-0.5716698687085604,0.5675456513017995,0.9997906073000113
RBM39,1147.8676598636046,-0.4520760519299202,0.7909589375050885,-0.5715543885955671,0.5676239034879793,0.9997906073000113
SLC9A3R1,331.7069273270069,-0.527173175324202,0.9230458853187032,-0.5711234768596398,0.5679159455483378,0.9997906073000113
SKA2,66.54949295547492,-0.615373335509147,1.0792208346443075,-0.5702014970012725,0.5685410408771503,0.9997906073000113
ITIH2,3861.7236632721865,-0.48514924443066343,0.851971497703974,-0.5694430456161027,0.5690555115868857,0.9997906073000113
SKIL,284.8121789467132,-0.4245080474598818,0.7463624628307157,-0.5687692891867279,0.5695127186518728,0.9997906073000113
ACVR1,210.23124924166044,0.5357325839623028,0.9422892149921511,0.5685436864166649,0.569665850506247,0.9997906073000113
SSFA2,543.3904654881384,-0.5400192294162535,0.951656687682837,-0.5674517254022893,0.5704073158120591,0.9997906073000113
ERBB3,788.5561585118418,-0.4816452302232721,0.8488865997716377,-0.5673846546203478,0.5704528733207287,0.9997906073000113
EPRS,583.148367155511,-0.5648413064707271,0.9958031242532502,-0.5672218661638563,0.5705634538134803,0.9997906073000113
KDM8,62.64716553258792,-0.7405517895954897,1.3084494995841225,-0.5659765927770745,0.571409692650171,0.9997906073000113
CCL16,101.91886904444236,-0.5393908100956184,0.9537588999369397,-0.565542098879792,0.5717050980715317,0.9997906073000113
SLC12A8,64.02885596753114,0.6098792166504359,1.0798229723970456,0.5647955565314517,0.5722128297287572,0.9997906073000113
HSPA1A,4823.330259653276,0.4484919355386059,0.7946907022569494,0.5643603659447294,0.5725089064370402,0.9997906073000113
SLC23A1,67.54168680016069,0.6812750661225656,1.207611208251554,0.5641509961711544,0.5726513745704555,0.9997906073000113
PIGC,16.1711524688107,-0.7758646165034643,1.3753776500203985,-0.564110240188909,0.5726791094165017,0.9997906073000113
BARD1,141.06810097519048,0.701643943647401,1.2444587307346227,0.5638145535233701,0.5728803461882348,0.9997906073000113
DNM2,367.7003026115209,-0.4584689061247465,0.8170134513388879,-0.5611522128227223,0.5746937767072164,0.9997906073000113
SLCO1B1,187.1924071042597,0.6180903658795519,1.1037472426686177,0.5599926704098899,0.5754844371599932,0.9997906073000113
TAF2,465.85584697252074,0.5877638997074485,1.0517074065646725,0.5588663691428564,0.5762529230829456,0.9997906073000113
ATP2B1,255.94214797712968,0.4790702115902812,0.8579284095835501,0.5584034824337246,0.5765688953624031,0.9997906073000113
OSBPL1A,72.63555364631237,0.5740563554105111,1.031819565221975,0.5563534311224411,0.577969267448841,0.9997906073000113
NECAB2,46.955566339479205,-0.7475342119082989,1.3473078765947362,-0.5548354796215251,0.5790071967903849,0.9997906073000113
ACO1,382.547279897755,-0.5419648748643433,0.976965568960125,-0.5547430657573805,0.5790704148548724,0.9997906073000113
SPRR3,5.35007534252222,-1.1588703701350882,2.0896063069925632,-0.5545878983314212,0.5791765683856355,0.9997906073000113
SLC35C1,87.15138621133467,-0.5171643695841647,0.933080616116741,-0.5542547563965903,0.5794045091454747,0.9997906073000113
DPAGT1,149.03197250398767,-0.6470921104530655,1.1679318417183082,-0.554049549245132,0.579544935938339,0.9997906073000113
KLF3,168.05085769380958,-0.4798980474462924,0.8663783048260202,-0.553912817037428,0.5796385130103021,0.9997906073000113
LDHB,0.7587839647772388,1.709125923038474,3.094014410501704,0.552397531581417,0.5806760214404644,0.9997906073000113
ITPR3,269.2065147596518,-0.5704413206200294,1.0327984201865175,-0.552325903555324,0.5807250863122719,0.9997906073000113
GJB1,270.22440493596696,-0.5741930847838865,1.0396183600587259,-0.5523114123835323,0.5807350129350712,0.9997906073000113
SLC35D1,183.7130336861948,-0.4992312498164585,0.9047170945305946,-0.5518092372019131,0.5810790579014784,0.9997906073000113
APOA1,4883.18763984072,-0.5035733455834239,0.9155094833298488,-0.550047110109499,0.5822870617501912,0.9997906073000113
MMD,67.22954738685586,0.6277132898492644,1.1415407957348649,0.549882485316852,0.5823999780582572,0.9997906073000113
FARSB,184.71774101777723,-0.626304312760968,1.139095679284512,-0.5498259050147235,0.5824387889039215,0.9997906073000113
PTBP2,123.81430926250285,0.45176863628106695,0.8236801668125889,0.5484757973829634,0.5833652433354937,0.9997906073000113
RUNDC3B,43.07034461399503,0.5541395626324277,1.0116215512064664,0.5477735838778417,0.5838473791228476,0.9997906073000113
MRPS18B,106.93618295272329,0.5684093365743503,1.0387929286300839,0.5471825239741904,0.5842533412610045,0.9997906073000113
PTGR1,493.26465931654684,0.4911008647574151,0.8976738285063189,0.547081633843086,0.5843226495150482,0.9997906073000113
CHD7,679.519727343357,0.2691145186221512,0.4929552666377705,0.5459207697640844,0.5851204006825758,0.9997906073000113
SULF1,483.1823487627154,-0.5529777361420525,1.0137665806887828,-0.5454685000232925,0.5854313394792624,0.9997906073000113
HDAC9,153.4018797295003,0.5693025162541887,1.04460466920698,0.5449932716521163,0.5857581451617889,0.9997906073000113
LYAR,101.80582428291486,0.6580144028193969,1.2076031902036195,0.5448928987248255,0.5858271805804214,0.9997906073000113
EMC1,260.68433023726436,-0.41823433678035704,0.7687585285328511,-0.5440386301515805,0.5864148900782858,0.9997906073000113
SLC6A1,293.41558141708856,-0.440922462774189,0.8106924415444559,-0.5438837716732434,0.5865214570265084,0.9997906073000113
SSRP1,230.89328457201879,-0.5260433294566894,0.967844382822618,-0.5435205687948909,0.5867714328457623,0.9997906073000113
EGF,158.45702510480282,0.5697200220312948,1.0536600121122504,0.5407057451949694,0.588710417907358,0.9997906073000113
CDCA8,21.743201767343884,0.7789031601151691,1.4472570155528117,0.5381926995307396,0.5904440196191041,0.9997906073000113
CYP8B1,298.38106517672935,-0.580720573444769,1.0791546227318425,-0.5381254559932247,0.5904904392276606,0.9997906073000113
ASPA,79.14100652562408,0.6374896478910899,1.1865086023011027,0.5372819435567082,0.5910728760020486,0.9997906073000113
SLC38A6,101.81823162802559,0.6595040056613728,1.2287411488468274,0.5367314395552854,0.5914531358273354,0.9997906073000113
CD8A,149.28780205709828,-0.6054963772371416,1.1288528004388845,-0.5363820482189812,0.5916945356744889,0.9997906073000113
CYP2E1,3332.4403758012986,-0.5960032849486934,1.1150350052767941,-0.5345153130871821,0.5929850578002425,0.9997906073000113
ZBED1,115.16669350874243,-0.47745302889373953,0.8947128729161029,-0.5336382691551039,0.5935918259151194,0.9997906073000113
PIR,27.906162536538307,0.6588043123970664,1.236513754557943,0.5327917380365823,0.5941777536532771,0.9997906073000113
FNBP1L,173.2990967076888,-0.5036099950603686,0.9459065412769361,-0.5324098873240851,0.59444213870173,0.9997906073000113
MEP1A,81.93387113320044,-0.7584096882572979,1.4250583134639179,-0.5321955467308677,0.5945905669792094,0.9997906073000113
SLC6A8,121.11730407816647,0.34335909635346895,0.6460559989722275,0.5314695582112058,0.5950934310523393,0.9997906073000113
CERS2,858.9120246828364,0.4156210700322646,0.7820255776463145,0.5314673610589203,0.5950949532291028,0.9997906073000113
XPA,89.60745563812452,-0.6291902650089422,1.1845346446755582,-0.5311708423532654,0.5953003962973651,0.9997906073000113
ALDH2,364.260182667123,-0.4035470121186573,0.7612240718639376,-0.5301290737305899,0.5960224424588074,0.9997906073000113
GEM,175.19054221382765,-0.5672465233981422,1.0707071466359384,-0.5297868097550088,0.5962597514925521,0.9997906073000113
DSC3,97.04287800932448,0.6216973467530315,1.1754341459052426,0.528908700601207,0.5968687860484545,0.9997906073000113
ACADL,49.201660170799315,0.7547860220743655,1.4367884064880867,0.5253285860784984,0.5993547885991175,0.9997906073000113
ZFP36L2,480.2295926285623,-0.5018716257684298,0.9556385636052069,-0.5251688712467687,0.5994658025033096,0.9997906073000113
BLVRB,145.97595751628074,-0.5213137415024455,0.9935098706195068,-0.5247192372405705,0.5997783821929419,0.9997906073000113
SPATS2L,708.3746074809194,0.395121047324549,0.7550134510481745,0.523329811907335,0.6007447584410162,0.9997906073000113
NAP1L3,15.487393816614455,0.7972057394786091,1.5248982812811132,0.5227927326463063,0.6011184974715922,0.9997906073000113
TSPYL2,251.375269275355,0.35932661537569455,0.6875319203719318,0.5226326294513146,0.6012299292943883,0.9997906073000113
METTL26,52.64023193571433,-0.6590150311982199,1.2618238332165963,-0.522271821034068,0.6014810861324669,0.9997906073000113
CTNNB1,710.6749817923962,-0.39172387620214016,0.7502013386015262,-0.5221583274329594,0.6015600982172353,0.9997906073000113
ENTPD5,320.7957789534616,0.39334228892445716,0.7535963788544277,0.5219535283892854,0.6017026872610942,0.9997906073000113
SNAI2,44.60603258159386,0.5591149529223904,1.0725127861362038,0.5213130884309901,0.6021486847651464,0.9997906073000113
TP53INP1,247.14472728659982,-0.5107041976550456,0.980069007440205,-0.5210900393523608,0.6023040494162262,0.9997906073000113
HAL,689.5887323236121,-0.540098864827352,1.0368570421628693,-0.520900030442686,0.602436414209611,0.9997906073000113
RWDD3,4.609926727495806,1.022731489187458,1.9643727859529272,0.5206402249618448,0.6026174221831058,0.9997906073000113
PRIM1,26.098457638199562,0.7877984914715318,1.5132237302386866,0.5206093955103844,0.6026389028646879,0.9997906073000113
HGD,774.2404097707948,-0.5680682210419326,1.0931455522039306,-0.5196638452186256,0.6032978904170134,0.9997906073000113
ACOX2,141.24141441664875,0.5683885872768766,1.0963889786487353,0.5184187349068371,0.6041661459625114,0.9997906073000113
LDHD,102.10170757789709,-0.7051071915991061,1.3623220550825794,-0.5175774619286809,0.6047531101483014,0.9997906073000113
ACLY,377.23945773713683,-0.4716934918846725,0.9117602703652546,-0.5173437659174492,0.604916207467951,0.9997906073000113
SREBF2,746.2560032834884,-0.44740111136510413,0.8669076143596701,-0.5160885704015543,0.6057925503471874,0.9997906073000113
DCTN2,186.69707387422756,-0.49135308462866956,0.9520765047816475,-0.5160857159702288,0.6057945438799361,0.9997906073000113
WASHC5,485.3906976906141,0.5123235326467822,0.9931310854972824,0.5158669788190655,0.605947318480514,0.9997906073000113
PEA15,84.75639385103308,0.5580084337221237,1.0829673548661323,0.5152587760053952,0.6063722017610678,0.9997906073000113
RAB4A,121.50306544893826,-0.5411585299419044,1.050448970135626,-0.5151687947983176,0.6064350728776902,0.9997906073000113
GTPBP4,222.54046048007322,-0.48696034157049717,0.9458684987410015,-0.514828797257405,0.6066726601810053,0.9997906073000113
ATF2,197.8254028233109,0.549165541649991,1.0671296386310898,0.5146193318690488,0.6068190534655229,0.9997906073000113
SPON2,198.61135813184495,-0.40122731132512945,0.7802581361390918,-0.5142238097131552,0.6070955230109878,0.9997906073000113
DCXR,960.9501265079647,-0.5827134244856282,1.1340140713558493,-0.5138502591849894,0.6073566860505674,0.9997906073000113
MAP3K20,181.146855340335,-0.36337866074106007,0.7071974181840709,-0.5138291676377119,0.6073714334296703,0.9997906073000113
VNN2,87.05512832508381,0.7116173604272933,1.3853922227873816,0.5136576838835816,0.6074913421784546,0.9997906073000113
MPZL2,43.67861496228884,-0.581239377365779,1.1336115644898632,-0.5127323993270506,0.6081385227620052,0.9997906073000113
SELENOO,108.88257668767116,-0.6831618720433227,1.334861181519456,-0.5117849567441073,0.6088015197716262,0.9997906073000113
PRKG2,20.997740790786718,0.8480279116942979,1.6594259220085779,0.5110369197245276,0.6093252048585104,0.9997906073000113
DHCR24,895.7237549907138,-0.4307953893261112,0.8431495155325244,-0.5109359388696623,0.6093959147891472,0.9997906073000113
SUCO,321.86017736495126,-0.5106390805637272,0.9999997892772047,-0.5106391881670443,0.6096037299590287,0.9997906073000113
GRM5,67.1784222145645,-0.7377477020273929,1.446132776117592,-0.5101521203385014,0.6099448928910934,0.9997906073000113
RAP1GAP,119.9235003900035,0.5188071193744946,1.0170094800744667,0.510130072078096,0.6099603384325669,0.9997906073000113
FCHO2,211.96591133072155,0.5424289278799649,1.0633573529501492,0.5101097259308596,0.6099745917411442,0.9997906073000113
YEATS2,227.55796061797605,-0.3610875014673363,0.7082641337101548,-0.5098203964894054,0.6101772948595447,0.9997906073000113
ANXA10,19.260432277130285,0.8349609717402313,1.6392001339286677,0.5093709757935915,0.6104922166016659,0.9997906073000113
MAOB,156.30784172246553,0.5228267875078796,1.0270800541398113,0.5090419051568007,0.610722851393962,0.9997906073000113
HLA-DPB1,158.00838763671305,-0.46934420635990753,0.9221994962528555,-0.5089399942929694,0.610794285204971,0.9997906073000113
LBR,509.5458536392276,-0.3888278662574013,0.7657518665438509,-0.5077726653313159,0.6116127816105901,0.9997906073000113
HMGB2,99.61071739660561,-0.54934575858193,1.082050059227578,-0.5076897819072076,0.611670915468191,0.9997906073000113
CENPU,79.45315497122317,0.7033157557327414,1.3855026841633138,0.5076249680147421,0.6117163771863344,0.9997906073000113
PLG,2935.8986426160877,0.44291385042605225,0.8731657279798667,0.507250612607948,0.6119789865763845,0.9997906073000113
NGF,12.27902212811495,0.9473591749494604,1.8676584988683547,0.5072443251930056,0.6119833976083032,0.9997906073000113
RNPEP,81.66740830645651,-0.5856779595893773,1.154767058156859,-0.5071827737484881,0.6120265807066283,0.9997906073000113
HSPBP1,55.97275543536851,-0.5263256265339272,1.0391590315197736,-0.5064918944737209,0.6125113784056755,0.9997906073000113
RPL12,1394.1981687933364,0.4495642972978041,0.8900875595820661,0.505078733499987,0.6135035375211482,0.9997906073000113
ATP2C1,514.4988301836676,0.5193163173069052,1.028246840177149,0.5050502437891625,0.6135235470094647,0.9997906073000113
IL15RA,81.33775553670637,-0.6300041380647423,1.247540090922314,-0.5049971080279884,0.6135608671954935,0.9997906073000113
SLC28A1,154.87782086581663,-0.5369447079225459,1.0640392473707425,-0.504628667832831,0.6138196706790708,0.9997906073000113
TCEA2,34.301982774283246,0.6504131371903729,1.2892584882996612,0.5044862167618306,0.6139197455004274,0.9997906073000113
BCL3,283.98339727238755,-0.4262712479553951,0.8482069174814513,-0.5025557315909498,0.6152766597679749,0.9997906073000113
CPA3,44.83355159634237,-0.725310387121503,1.444100272736002,-0.502257634608243,0.6154863059549462,0.9997906073000113
CLIC1,315.0787811039415,-0.5213962323700788,1.0389594977240946,-0.5018446181128617,0.6157768248181772,0.9997906073000113
TPR,1346.579554855931,-0.41886478130878085,0.8349428746417762,-0.5016687896025109,0.615900522173386,0.9997906073000113
RB1,381.9947604245952,0.30642791254842566,0.6108447275613865,0.5016461610002705,0.6159164424447863,0.9997906073000113
CCL20,13.796786469836004,-0.7713675457235861,1.545104008208865,-0.49923341187741826,0.6176149590549385,0.9997906073000113
TKT,256.73612761429337,-0.42994800394574273,0.8618499243138685,-0.4988664404513706,0.6178734775439418,0.9997906073000113
RASSF5,62.84460606626807,0.5880133399276954,1.1790195823020306,0.4987307664386726,0.6179690671094159,0.9997906073000113
HMGCL,167.52918448111873,-0.46817577599274024,0.9404132267596896,-0.49784048402413256,0.6185964788900382,0.9997906073000113
ACADM,313.9883498671995,-0.47420198963943994,0.953236077108971,-0.49746542438639857,0.6188608792471997,0.9997906073000113
ITPR2,1571.0665033772582,-0.40861767282936107,0.8239996189170555,-0.49589546335760243,0.6199681670838374,0.9997906073000113
DEK,364.3960716480391,-0.4247304084787734,0.857728710251593,-0.4951803564488234,0.6204728153961918,0.9997906073000113
ANXA3,81.91520506677962,-0.6322613496178718,1.279422508793057,-0.49417713481867337,0.621181086415296,0.9997906073000113
KLHL21,84.51053666267785,-0.46343296009217627,0.9383545085415739,-0.49387833262767744,0.6213921076421418,0.9997906073000113
OGDHL,166.58361299755478,-0.5596793039410545,1.135321706906853,-0.4929697904445802,0.6220339330314524,0.9997906073000113
FAM129A,156.49768213576994,-0.44057505058754465,0.8937745982622496,-0.4929375386637157,0.622056722083606,0.9997906073000113
ERGIC1,517.242488162695,-0.38599178566505365,0.7831897577038147,-0.49284580380202997,0.6221215437577767,0.9997906073000113
MGST2,147.16014257267352,-0.48182980270925024,0.9777927882112266,-0.4927729152008877,0.6221730503796072,0.9997906073000113
EIF2S1,125.56279706685602,-0.5448035610776899,1.1064002772394643,-0.4924109043401614,0.6224288922249188,0.9997906073000113
FYB1,206.9362692410005,-0.42183513293066793,0.8579482358687412,-0.49167900264230524,0.6229462841819757,0.9997906073000113
ZWINT,40.619909784396654,0.6306645996056119,1.2844131827586078,0.491013801533162,0.6234166860673723,0.9997906073000113
CRHBP,44.22223657606987,0.7106709516621667,1.4478628219613947,0.49084135657232564,0.6235386568854968,0.9997906073000113
RGS2,144.9297696509772,0.5417429941175321,1.1046389008926303,0.4904254174642623,0.6238328942948712,0.9997906073000113
C3P1,113.54940962508833,-0.5284673493924045,1.0801525281202318,-0.48925252280072506,0.6246629290214556,0.9997906073000113
CFI,88.15004265652358,-0.47483745852069764,0.971909648642173,-0.48856131759169114,0.6251523046727325,0.9997906073000113
SPAG8,21.64987328818153,-0.8333147114598375,1.7082679471218383,-0.4878126483985379,0.6256825514871125,0.9997906073000113
OSGIN1,132.34042613555224,-0.5658465108796301,1.1602527304689665,-0.4876924621853023,0.6257676917191946,0.9997906073000113
ECHDC3,50.413326232307796,-0.5672009943831406,1.1638563910588409,-0.48734620417139135,0.6260130097112048,0.9997906073000113
COBLL1,421.66563075033264,-0.3882650063001382,0.7986692908626256,-0.4861398963778631,0.6268679817505067,0.9997906073000113
TRNP1,11.33896557631316,-0.7530593741152929,1.5492187856052209,-0.48608975124265696,0.6269035330369033,0.9997906073000113
MAD2L1,11.890144414761428,0.7707833198112588,1.5884482805966795,0.48524294383807337,0.6275040230481818,0.9997906073000113
ECHS1,428.4778980146758,0.4202165747334339,0.8677789042063507,0.4842438237395891,0.6282128387357344,0.9997906073000113
SLC25A20,151.82921124780842,-0.510251346818292,1.0548771979134208,-0.4837068692238155,0.6285939174528803,0.9997906073000113
HSPA1B,1589.5734427954344,0.43199324142546686,0.8957001775832429,0.4822967017725293,0.6295951899403531,0.9997906073000113
POLR2K,40.155876178551104,-0.6036425891702305,1.2517713177018004,-0.4822307242815668,0.6296420531600981,0.9997906073000113
LDLR,479.22068905353314,-0.38317132712256396,0.7949322716775888,-0.4820175765589899,0.6297934602632322,0.9997906073000113
UBR5,890.9811284564652,-0.35620448122761894,0.7390525905978191,-0.48197447077411015,0.6298240818672021,0.9997906073000113
ASPM,756.1765311107876,0.5814740829255928,1.2068289160470913,0.48181981322603906,0.6299339531499997,0.9997906073000113
TMEM230,168.1216540476593,-0.4835939698561136,1.004519696949955,-0.48141810591117373,0.6302193709244122,0.9997906073000113
GTF2IRD1,150.30230605425513,-0.46960664488008125,0.9769639484075284,-0.4806796050617322,0.6307442284686191,0.9997906073000113
JPT1,80.78638056676871,-0.5599574767388809,1.1649492629757694,-0.4806711283790287,0.6307502539864692,0.9997906073000113
ETFDH,228.3618828870073,0.5151172389163562,1.0717702184956643,0.48062283316602533,0.6307845843546892,0.9997906073000113
IGF2BP3,93.07104562310745,0.5900213560475213,1.2282052951623048,0.4803931055919696,0.6309478957595736,0.9997906073000113
SLCO1B3,8.69946601907939,0.7774736713844232,1.620818596863989,0.4796796340372105,0.6314552115861696,0.9997906073000113
LTBP3,546.7767496127811,-0.4163970436547559,0.8692117016014058,-0.47905135525396203,0.631902094662545,0.9997906073000113
NRCAM,105.399505609408,0.5778063694523767,1.2082425607152802,0.4782205065763575,0.6324932685083733,0.9997906073000113
SC5D,183.53880682905088,-0.4978100727823871,1.0416727138367978,-0.4778948955558229,0.632725014646786,0.9997906073000113
CHMP4C,34.99676577978264,-0.5873675030981595,1.2291213218241657,-0.47787593679233764,0.6327385092209318,0.9997906073000113
F2RL1,47.32371613442658,-0.5915613108438854,1.2382222366097924,-0.47775051469238583,0.6328277859405949,0.9997906073000113
SLC1A1,130.92494971709755,-0.5081079599786644,1.0640423425248013,-0.4775260717285047,0.6329875600645664,0.9997906073000113
KRT8,559.2824767731574,-0.3308281665592567,0.6932283953758627,-0.4772282393018313,0.6331996043554129,0.9997906073000113
FSHB,5.551094634514904,1.2235740487668094,2.565270668252213,0.47697658727001424,0.6333787936208597,0.9997906073000113
CES3,66.8485185246828,-0.5453299399495948,1.1455619384886278,-0.4760370623600362,0.6340479739502479,0.9997906073000113
DHCR7,369.7115925630845,-0.47401022216722,0.9974515865222043,-0.4752212824884489,0.6346292592143173,0.9997906073000113
MTMR11,91.56486461824888,0.5429648173717287,1.1442174274194905,0.4745294070518191,0.635122432828146,0.9997906073000113
USP3,150.5098365220812,-0.46109848253019103,0.9718276682127811,-0.4744652756986888,0.6351681543057281,0.9997906073000113
AKT3,180.68937389193152,-0.2610131991270565,0.5503825627147804,-0.4742395868059486,0.6353290668479398,0.9997906073000113
ADH5,259.0834663947452,-0.480381625562023,1.0130262031079769,-0.47420454089756636,0.6353540555607283,0.9997906073000113
RPLP0,961.1743404238335,-0.4244980538552109,0.8979234877312657,-0.47275526217469477,0.6363877952270972,0.9997906073000113
LRP1,5145.140515039702,-0.3431004213040937,0.7262071168873624,-0.47245532758571124,0.6366018207291153,0.9997906073000113
ZNF652,227.91899548110192,0.3476822506210269,0.7397371034387411,0.47000785685183505,0.6383494042425718,0.9997906073000113
KCNJ3,41.01226621601927,-0.5896241177065702,1.254505866496798,-0.4700050700863542,0.6383513952429339,0.9997906073000113
PSMD11,132.5378500967719,0.3529929114809489,0.7515728739658321,0.4696722350000576,0.6385892075162879,0.9997906073000113
CPN1,171.16106999881842,-0.6060017260843786,1.2919314262402308,-0.46906647967219156,0.6390221180096203,0.9997906073000113
CRCT1,0.7742466365589946,-1.4605369262542771,3.121058883480879,-0.4679619900747781,0.6398117716488698,0.9997906073000113
NAGS,72.2692892813583,-0.4743495462050476,1.0142498932223152,-0.4676850837006439,0.6400098095958139,0.9997906073000113
MUC13,73.08203938855,0.5143044052702243,1.1000523787270258,0.4675271970825374,0.6401227384559093,0.9997906073000113
NCBP2,80.08496173038982,-0.525462438615955,1.1242133569554889,-0.46740455035952727,0.640210467632243,0.9997906073000113
NUP37,60.64885922971011,-0.5006360250603193,1.0720320400704666,-0.4669972597343374,0.6405018386110573,0.9997906073000113
URI1,259.21284708757645,-0.48633455784187635,1.0414967638807955,-0.46695733938693235,0.6405304001466159,0.9997906073000113
WSB1,369.9507362408644,0.3898841386290078,0.8357230594728434,0.46652313132886214,0.6408410943728888,0.9997906073000113
BUB1B,217.25837405290375,0.5118910787423397,1.0982484469264369,0.466097703279181,0.6411455671790389,0.9997906073000113
TLE1,243.03115757129504,-0.4750382568914578,1.0198211025783408,-0.4658054787162695,0.641354743128189,0.9997906073000113
TTLL4,146.88376050495086,-0.526769198121427,1.1321716487677527,-0.4652732637270671,0.6417357786895908,0.9997906073000113
NOL11,224.89998275440644,0.4344036806854268,0.9339140704888972,0.4651430944369642,0.6418289868388906,0.9997906073000113
ID2,359.89145610688036,-0.27617290510475334,0.594425759810461,-0.46460453731482637,0.6422146824063313,0.9997906073000113
STMN1,93.55426104942907,0.4854910381299229,1.045246563599725,0.464475134419902,0.6423073705691491,0.9997906073000113
FLNB,1725.851855713199,-0.40159773292928275,0.865783755825188,-0.4638545482370659,0.6427519588411279,0.9997906073000113
GTF2B,48.78924850832728,0.571211505976755,1.2337552625463226,0.46298607456218105,0.643374348715704,0.9997906073000113
RALB,48.76805937955305,0.5334312456504118,1.1539183826532549,0.4622781417381271,0.6438818725150651,0.9997906073000113
EPHX2,196.31914129530318,-0.4429488642115881,0.9584265982430884,-0.46216253286747966,0.6439647694025324,0.9997906073000113
PSD3,272.7984871325684,0.36905776268314794,0.80135511217519,0.4605420956027615,0.6451271633329031,0.9997906073000113
ABCB4,523.654644032822,0.4229556659076509,0.9187548201652275,0.46035749323370867,0.645259639902303,0.9997906073000113
CLDN15,55.58679925969815,-0.5672766323543706,1.233353513862886,-0.45994650031656353,0.6455546220071203,0.9997906073000113
ANXA4,577.457569108982,-0.2746602400091577,0.5975126608493282,-0.4596726697284451,0.6457511894987678,0.9997906073000113
IFIT1,123.4393253891528,-0.5509932036182483,1.198697605698771,-0.4596598850275098,0.645760367517167,0.9997906073000113
ATP6V0B,61.07497442404421,-0.545265897263277,1.1871330374276585,-0.4593132193884414,0.6460092561246373,0.9997906073000113
NUP153,403.2614084327982,0.3822867291588191,0.8324231802915397,0.4592456555870186,0.6460577681738311,0.9997906073000113
TEX10,118.39583784449073,-0.3804294153100256,0.8298189924429167,-0.4584486722701703,0.6466301303766401,0.9997906073000113
CCDC6,249.5980546228086,-0.2515095538408241,0.5486782815803556,-0.4583916700992834,0.6466710751215821,0.9997906073000113
POGK,151.65612411491534,-0.437777518332482,0.9554783307170261,-0.45817629166321083,0.6468257914329749,0.9997906073000113
KIZ,137.9160180854959,-0.5614798523413078,1.2257507870839972,-0.4580701544373809,0.6469020403371111,0.9997906073000113
NUDT9,78.40268048649725,-0.548673747675906,1.1993257568572213,-0.45748516992887794,0.6473223592786794,0.9997906073000113
DGKA,117.19526914732866,-0.35341528990383947,0.772544378621626,-0.4574692401935578,0.6473338065737003,0.9997906073000113
HSD17B6,701.3256699980286,0.4548852695171731,0.9944752670947656,0.4574123505816924,0.647374688798324,0.9997906073000113
GCHFR,3.48962536590981,0.9374114894452718,2.050908023478138,0.45707144285072043,0.6476196954658284,0.9997906073000113
HDAC2,269.04181552085123,-0.43314236108383025,0.9509708291228232,-0.4554738671462314,0.6487683640178741,0.9997906073000113
CTNND1,498.5903635655674,-0.36864329298416443,0.8132235208565987,-0.4533111543501087,0.650324701936619,0.9997906073000113
ATP1A1,956.231249215901,-0.38415663269993977,0.8477091280720166,-0.4531703387147012,0.6504260891055518,0.9997906073000113
NGRN,70.29341300322127,-0.46154156566926746,1.0186779704982436,-0.4530789700336052,0.6504918779596267,0.9997906073000113
DDX28,35.89718755016416,-0.6498024551729195,1.4350113044496853,-0.4528204434055753,0.6506780415164652,0.9997906073000113
ADRA1A,102.28612802277816,-0.4213263124616569,0.931431980222041,-0.4523425450361048,0.6510222307931741,0.9997906073000113
CTH,198.95768875093248,-0.42771812353397265,0.9456479919728391,-0.45230162509165206,0.6510517053849536,0.9997906073000113
MPV17,115.24270206598327,-0.4390593055905776,0.9715807199560833,-0.45190203610712204,0.6513395575664267,0.9997906073000113
ELOVL7,39.07811482120771,-0.5025999924547513,1.1129738487718213,-0.4515829307304713,0.6515694690523134,0.9997906073000113
DEPDC1B,60.2716575083635,0.6320080217613271,1.4004558010592287,0.4512873746413921,0.6517824431232292,0.9997906073000113
SLC25A13,646.7755117630198,-0.3650037178290972,0.8093718910408628,-0.45097157668732185,0.6520100346255153,0.9997906073000113
NBAS,538.8198522865406,0.4430785369189692,0.9890562190039615,0.447981144454231,0.6541668047442224,0.9997906073000113
ALPL,119.9423446141406,-0.44727761558933105,1.0013690559628479,-0.44666610469529594,0.655116158557165,0.9997906073000113
GGH,217.59961467038792,-0.5301283762937956,1.1887920344959995,-0.4459387015648612,0.6556415252851973,0.9997906073000113
UBE2T,27.370153802597123,0.655203736803551,1.4694893106679494,0.44587172703265954,0.6556899061968151,0.9997906073000113
IDH1,272.1006673041629,-0.4095705718743306,0.9189549750428561,-0.44569166389814696,0.6558199869613173,0.9997906073000113
ZSWIM4,26.24349035566562,-0.7062531440995461,1.5847210380786623,-0.44566401728080624,0.6558399602868608,0.9997906073000113
PYGB,149.86769065611466,-0.4518774881393635,1.0139473735546733,-0.44566167823403086,0.6558416501447664,0.9997906073000113
HLA-DMA,143.5041524639573,-0.5531266148100953,1.2411721441488333,-0.44564858905161503,0.6558511065330084,0.9997906073000113
CYP4F3,482.64868905657255,-0.396800610642469,0.8910670331713464,-0.4453094951007652,0.6560961069873956,0.9997906073000113
OAZ1,397.3869511391819,-0.3821391112339501,0.8594258141805572,-0.44464467430305316,0.656576557319926,0.9997906073000113
FAM50A,381.04601004939593,-0.27661506630247007,0.622604250354939,-0.44428714732476565,0.6568349923926806,0.9997906073000113
ANO1,470.53746414402127,-0.42833386504870913,0.9651005528233993,-0.44382304392596134,0.6571705264776604,0.9997906073000113
FXR2,115.10198676937466,-0.38287228962252645,0.8633009677806602,-0.4434980428746643,0.6574055345166487,0.9997906073000113
MSH2,172.69519949590136,0.4399361750400352,0.992046491822801,0.44346326373443434,0.6574306852961653,0.9997906073000113
SEPHS1,70.06874157388481,0.3877416686998396,0.8744424070917506,0.44341590201395154,0.6574649358807638,0.9997906073000113
CYP51A1,27.477493321622287,-0.6688283038638045,1.5088465701823164,-0.44327124909923005,0.657569549010291,0.9997906073000113
GPR37,47.47876287990472,-0.6535442372147836,1.4752291776212116,-0.4430120059505706,0.6577570506917776,0.9997906073000113
CORO1C,200.24183648011362,-0.412923041063607,0.9333494247270232,-0.4424099165051445,0.6581926044166453,0.9997906073000113
SYNJ2,223.19499480252028,-0.3933796157149106,0.8894519052365902,-0.44227193555819455,0.6582924366897995,0.9997906073000113
USF2,224.6519722541093,-0.37472643236807085,0.8486029889923129,-0.44158038238004055,0.6587928824977582,0.9997906073000113
LPIN1,266.7376430982716,-0.353154129025533,0.8000517776137539,-0.4414140920714603,0.6589132420881978,0.9997906073000113
TACC1,368.6360525211785,-0.39451639433246843,0.8940211009416313,-0.4412830904292331,0.6590080662470008,0.9997906073000113
ACP1,125.42171635302573,-0.44789093167034594,1.0169200270669123,-0.4404386969958604,0.6596194030250456,0.9997906073000113
CENPM,28.881113793786888,-0.7109528607734703,1.6180003684089188,-0.4394021624807137,0.6603701598893097,0.9997906073000113
TTK,130.0192331002639,-0.6910309826755809,1.5736736822303217,-0.4391196157618922,0.6605748664400029,0.9997906073000113
CRAT,176.61124910543705,-0.44201077852258963,1.0136204647694693,-0.436071284948965,0.6627850103069794,0.9997906073000113
ATAD2,833.17119530667,-0.4173341305638735,0.9574995091084841,-0.4358583232616465,0.6629395248572483,0.9997906073000113
LMO4,53.26622473679406,0.41142973922394754,0.9445023390708888,0.4356047859327409,0.6631234978038767,0.9997906073000113
F5,3202.3403627668886,-0.36376809929199877,0.836194831749498,-0.43502792110173444,0.6635421608663894,0.9997906073000113
CYP2C9,1377.9383604470838,-0.4026553160845669,0.9259898428968272,-0.4348377243803421,0.663680220301033,0.9997906073000113
SPATS2,264.14746204905475,0.31334476012023066,0.7213886400760093,0.43436331363246167,0.6640246339274184,0.9997906073000113
IMPACT,223.68522642132032,0.22388649451568074,0.5159730569879393,0.43391121199747845,0.6643529175933133,0.9997906073000113
RDH5,7.085421427666139,-0.7953861000015554,1.8383081559717847,-0.4326728886110449,0.6652524285471311,0.9997906073000113
BCAP31,153.24959646933857,-0.40476785851237823,0.9359643019900246,-0.43246078686096323,0.6654065464209472,0.9997906073000113
WNK3,145.96628138430634,-0.4071721243503764,0.9439508550734561,-0.4313488590660699,0.666214729210356,0.9997906073000113
FGB,9727.717600171803,0.41788945188040366,0.9689895377378267,0.4312631206070559,0.6662770626296294,0.9997906073000113
C4BPB,189.5896327893533,-0.44737353773865374,1.03744031353857,-0.4312282180482485,0.6663024380848883,0.9997906073000113
RPS3A,658.2577285720192,-0.4085202696664772,0.9476418363473151,-0.4310914250484321,0.6664018953528115,0.9997906073000113
TMOD1,86.40149109352856,0.5762485838972433,1.336975781653743,0.4310089919388556,0.6664618323328451,0.9997906073000113
RELB,84.58358766804311,-0.44732155181579103,1.041229384913019,-0.42960903552790036,0.6674800632823017,0.9997906073000113
SPAM1,30.143919287296193,-0.6829012396086003,1.5909141413917445,-0.4292508450589249,0.6677406846061589,0.9997906073000113
TRIM26,200.24901579432142,0.37753986370604836,0.8799060446163238,0.4290683829438536,0.6678734604367478,0.9997906073000113
IL32,635.3594209979653,-0.3645176842015731,0.8495600804536283,-0.42906639870241603,0.667874904406262,0.9997906073000113
NDC80,55.45358986792654,0.5336792196873411,1.2450376285356626,0.4286450525314822,0.6681815537154148,0.9997906073000113
ZBTB20,272.76757275566285,-0.3241142911067293,0.7571309469790064,-0.42808221272682473,0.6685912663343688,0.9997906073000113
DBNDD2,1.9583499662989614,-1.2220273121019276,2.8573378300866557,-0.4276803741001346,0.6688838404505167,0.9997906073000113
BAIAP2,133.34809593780943,0.49603839179856357,1.1603244797073378,0.4274997213914479,0.6690153880123768,0.9997906073000113
CD302,22.162852157336033,-0.524470079385039,1.226856921179467,-0.4274908266245322,0.669021865259928,0.9997906073000113
CYR61,767.3439551853324,-0.3953793057761592,0.9258441471395159,-0.4270473675269444,0.66934482729282,0.9997906073000113
PIM2,65.3145563670108,-0.5316438728059782,1.246139284429769,-0.4266327845119316,0.6696468147996015,0.9997906073000113
ACP5,87.65574899067019,-0.449348336130407,1.0559902001107342,-0.4255232066389319,0.6704553080281003,0.9997906073000113
EIF2B1,156.93366587915844,-0.45406495144592474,1.0674780198063891,-0.42536234285018765,0.6705725530375899,0.9997906073000113
SLC52A2,19.798591278182794,-0.6500333934915395,1.5284349902239345,-0.42529345222350723,0.6706227661835121,0.9997906073000113
TRIM31,29.009542598965492,-0.5675267224867864,1.337830921436618,-0.4242140866929229,0.6714096883944738,0.9997906073000113
EIF3F,284.9053870925096,-0.4103026009016683,0.9672964225673356,-0.42417462871688255,0.671438462458553,0.9997906073000113
TMEM165,172.64299777523547,0.45772685862213935,1.0795421685989777,0.42400090699205767,0.6715651518260763,0.9997906073000113
PON2,460.57148622976393,-0.4385875535061463,1.0348194493230862,-0.42383002541461967,0.671689779074808,0.9997906073000113
SNX7,64.63959584234046,-0.47909343664534254,1.130477007392184,-0.4237975947432392,0.6717134324116357,0.9997906073000113
DPYSL2,225.504868175329,-0.3906874815784026,0.9223815940806722,-0.4235638309411373,0.6718839378486943,0.9997906073000113
CSDE1,1278.4426226384546,-0.4199322370359518,0.9915037387225841,-0.42353066421814667,0.6719081307574972,0.9997906073000113
WDR45B,167.73102798486215,-0.5129312518072651,1.2127065730184095,-0.4229640237956214,0.6723215095750661,0.9997906073000113
ART1,11.429947541988412,0.8732778021922406,2.066411019903037,0.42260605164272586,0.6725827105806034,0.9997906073000113
CCDC85A,22.63817731190007,-0.7493839511507682,1.7739606091230498,-0.42243550803601165,0.6727071647789609,0.9997906073000113
FXR1,699.7135615722409,0.4290656203301514,1.0157480256637677,0.422413442595438,0.6727232676895609,0.9997906073000113
PLGLB2,73.94977476480072,0.4957558138929762,1.1741691976541657,0.4222183777971953,0.6728656285470623,0.9997906073000113
RAD50,16.593111661296707,0.5200523940618142,1.2378412817470232,0.4201284944446513,0.6743915877811015,0.9997906073000113
GUCY1A1,150.25533356572075,-0.4063150942623516,0.967685469375528,-0.4198834302271347,0.6745706129545256,0.9997906073000113
LGALS8,197.31135640876778,-0.4278663834967714,1.020830976365103,-0.4191353842144225,0.6751171920604181,0.9997906073000113
SUMO1,155.259074597602,-0.48834714059182716,1.1653836922823015,-0.41904408292812323,0.6751839154407282,0.9997906073000113
C1orf115,89.56303826642271,-0.46873710300230687,1.1196353162996227,-0.4186515878683389,0.6754707816215362,0.9997906073000113
CXCL1,16.05647574147228,-0.6324958991231237,1.5109334685022069,-0.41861267375996297,0.6754992256739545,0.9997906073000113
NR2C1,130.8510503463459,-0.4892169648892112,1.1687664657651975,-0.41857546329318945,0.6755264248923326,0.9997906073000113
FEN1,26.48521897341982,-0.6436093398751807,1.5378779819078883,-0.4185048147166528,0.6755780670673547,0.9997906073000113
CLK2,146.50175679781114,-0.40860675293540083,0.9770681638716888,-0.41819677279860706,0.6758032551153559,0.9997906073000113
CKAP4,114.93982561969379,-0.30180146713622863,0.7220153963386902,-0.41799865856968044,0.6759480979961499,0.9997906073000113
VIM,1166.9087987973323,-0.38972680382578256,0.932910646500167,-0.4177536244096372,0.676127261002249,0.9997906073000113
ATP4B,11.43711555659452,-0.7910177985578758,1.8945393801771109,-0.4175251287117228,0.6762943480137666,0.9997906073000113
RB1CC1,664.3867519241901,-0.3697296074517618,0.8863818577337734,-0.41712226420907955,0.676588980683068,0.9997906073000113
UBE2K,174.49656693218807,-0.40315164709555484,0.9666625802094849,-0.4170551910762782,0.6766380390476044,0.9997906073000113
SLC7A6,61.886066012144745,-0.4826241520948592,1.1573220032260916,-0.41701803884270827,0.6766652133774109,0.9997906073000113
PPP2R3C,24.973438373192803,-0.5512741737635587,1.325292632833588,-0.4159641124578561,0.6774362640419163,0.9997906073000113
FDCSP,7.028507745784558,0.9235617006702697,2.221053868718951,0.41582138717011724,0.6775407076170668,0.9997906073000113
HMOX2,87.69822514746319,-0.342171619342997,0.8232036116867327,-0.4156585497018072,0.6776598764631578,0.9997906073000113
PARD3,261.7695202680616,0.4107813563242463,0.9886224364923105,0.4155088344765088,0.6777694492157282,0.9997906073000113
ANKRD46,51.216656728177455,-0.4917752580990127,1.184897909655396,-0.4150359740629771,0.6781155684387448,0.9997906073000113
EFEMP1,359.5533118087671,0.4133381565122856,0.9982031851028337,0.41408218555193654,0.6788139188236891,0.9997906073000113
CBR4,88.28586066027296,-0.4332197253368911,1.0473058988862938,-0.41365156617333815,0.6791293026310226,0.9997906073000113
ATP2B2,371.6232817568251,-0.40810770306171446,0.9867329745620695,-0.4135948768133955,0.6791708258639578,0.9997906073000113
CSRP3,45.90618664126843,-0.6584764525677439,1.5923464602839856,-0.4135258682650687,0.6792213738418251,0.9997906073000113
PC,544.856927234275,0.4333140566878355,1.0499782557076,0.4126886002946957,0.6798347779841026,0.9997906073000113
CSE1L,284.10408087236846,0.4386990802481931,1.0634724237120723,0.41251570841574337,0.6799614694590086,0.9997906073000113
HGF,259.1473894689032,0.35568403049965225,0.8649093704272623,0.41123849811448515,0.6808976616083143,0.9997906073000113
BAG3,206.41344409659936,-0.4087548477321732,0.9946017333279413,-0.4109733916956668,0.6810920456739504,0.9997906073000113
RASSF8,101.25458047394201,0.45602485044366653,1.110493164151225,0.41065074974344085,0.6813286451096163,0.9997906073000113
PALMD,242.8040968412075,-0.4181516505478254,1.019541086783642,-0.41013712538743596,0.6817053602174354,0.9997906073000113
TTC38,468.4737199927088,-0.379752414767303,0.926416419313689,-0.409915462259005,0.6818679624056592,0.9997906073000113
BCAT1,77.58284760177239,-0.4321867316576949,1.0550672978378635,-0.40962953978705424,0.6820777242033487,0.9997906073000113
TIMM8A,23.351714116325727,-0.5651491695561666,1.3825857938332886,-0.4087624594993574,0.6827139919847958,0.9997906073000113
FBP1,360.9681554923555,-0.4805688474493991,1.1781561449315787,-0.4078991138116994,0.6833477433960682,0.9997906073000113
APBA1,86.21500008688474,-0.3716323414651689,0.9116009889676976,-0.40766996302407216,0.6835159923546441,0.9997906073000113
RFC3,48.68730088471388,0.5943834326858783,1.458925468069855,0.40741178743849216,0.6837055709671565,0.9997906073000113
DNMT1,663.1158240059129,-0.30469202676012913,0.748756230928036,-0.40693087305929015,0.6840587600792074,0.9997906073000113
RACGAP1,139.89660426871188,-0.49073495410348555,1.2063881624608115,-0.4067803128161303,0.6841693474838675,0.9997906073000113
ATP6V1F,42.595426610811955,0.5578090767670688,1.3718442442891552,0.4066125429976252,0.6842925834037525,0.9997906073000113
RPRD1A,56.47823279712673,-0.42423414692532824,1.044242822319804,-0.4062600554753008,0.6845515317572137,0.9997906073000113
MAP1B,593.8900035011762,-0.3213133076245579,0.7917216214146249,-0.40584126911987667,0.6848592335071217,0.9997906073000113
EIF2B4,253.84082763185273,0.3629429779332373,0.8952827972571682,0.40539478592146194,0.6851873430150731,0.9997906073000113
NTS,8.444615856554204,0.8843673624052919,2.182624310929843,0.40518533490930153,0.6853412838760673,0.9997906073000113
FGD6,212.95746216407886,-0.37667834012607665,0.9302930029865796,-0.4049029057692597,0.6855488823836338,0.9997906073000113
MASP1,372.009978459345,0.3662773190196215,0.9062392744740175,0.4041728595709001,0.6860856101413517,0.9997906073000113
EGFR,613.5697193841762,-0.3505368390928319,0.8673331568002492,-0.40415477760129276,0.6860989059618648,0.9997906073000113
DAPK1,363.15428616165417,-0.3749335442455331,0.9292564950245537,-0.4034769154189515,0.6865974136484843,0.9997906073000113
LGMN,278.9053223246697,-0.3279132422204734,0.8130838618832669,-0.4032957208878306,0.6867306893061134,0.9997906073000113
TTC3,944.2434846309236,-0.2748216636291161,0.6821754211699101,-0.4028606940393796,0.6870507083063743,0.9997906073000113
GLRA2,153.73969673633684,-0.18432423587940405,0.45936951974098605,-0.40125482418453595,0.6882325203748827,0.9997906073000113
PARN,212.17439432762848,0.2923918480087997,0.7308198448140397,0.4000874498464119,0.6890921075715402,0.9997906073000113
LRRC20,16.84645436160475,-0.6356270188187803,1.5888139877383847,-0.4000638361219181,0.6891094995045158,0.9997906073000113
AOAH,128.08560590825275,-0.3758502662542598,0.9402725009462064,-0.39972483070177806,0.6893592012032221,0.9997906073000113
RALA,115.74789016694338,0.42886596891866363,1.0746316235484328,0.3990818430436176,0.6898329004642965,0.9997906073000113
CD48,26.980547806604164,-0.6303570063290195,1.5799630138825138,-0.39896947003842514,0.6899156999335103,0.9997906073000113
ANKRA2,65.9909688478833,-0.5224187140502585,1.3102036857404626,-0.39873091469362887,0.6900914862672083,0.9997906073000113
EPM2AIP1,103.22680991514396,-0.40439356736154136,1.0162431168612174,-0.39792994476612736,0.6906818261608321,0.9997906073000113
ALDOB,2816.3792786829777,-0.3331462438389662,0.8386602016823042,-0.3972362622796384,0.6911932439318136,0.9997906073000113
ZNF189,57.889675072076535,-0.4850344160714422,1.223141532788535,-0.39654807155935096,0.6917007521701133,0.9997906073000113
FGL2,126.84198164867645,-0.4084840847105025,1.031161457340071,-0.39613979149706224,0.6920019049624133,0.9997906073000113
PSMC4,183.02445757619597,-0.4412530904240911,1.115357231944809,-0.39561593163716136,0.6923883822889246,0.9997906073000113
MRPL42,117.14646302192531,-0.303884156175499,0.7686274193243547,-0.39535950518473795,0.6925775899723077,0.9997906073000113
SLC39A6,78.10045723243611,-0.486066656776405,1.2301962578599535,-0.3951130997764254,0.6927594215676781,0.9997906073000113
LOXL2,94.25848674700872,-0.3663529354328355,0.9272957736228019,-0.39507667979716,0.6927862987091601,0.9997906073000113
TSC1,227.07083131156858,-0.34452386426945236,0.87327399376194,-0.39451978042457514,0.6931973263147688,0.9997906073000113
RNF216,206.9620971802273,-0.37803306903737827,0.9621980628045534,-0.3928848785410268,0.6944045105671186,0.9997906073000113
PON1,306.0146150789141,0.3880530383786656,0.9879939353278453,0.392768644121179,0.6944903656873651,0.9997906073000113
UGT2B7,633.6790779039604,0.3967885137674006,1.0104082324026162,0.39270118853237207,0.694540192723335,0.9997906073000113
SLC22A1,154.8049647885434,0.45342678242120954,1.1559149141870735,0.3922665733057813,0.6948612591201462,0.9997906073000113
RIT1,59.863399405838564,-0.4509468060785246,1.152490135938183,-0.391280404071686,0.6955899818792928,0.9997906073000113
DDX11,402.86076828565416,-0.38803131666927027,0.9931387081239682,-0.3907121064712688,0.6960100491328789,0.9997906073000113
STXBP6,63.87837083242915,-0.3049023244780087,0.7804354789796797,-0.3906822955776303,0.696032086959768,0.9997906073000113
COPS5,131.72798506884783,0.29833367694868484,0.7639490685420246,0.39051513933781784,0.6961556626580825,0.9997906073000113
ANP32E,310.16417159380916,0.38503748706825086,0.9865909619354535,0.39027064094820024,0.6963364305897932,0.9997906073000113
MCM2,95.4214339838243,0.5118426044183366,1.3135929550252934,0.389650844624453,0.6967947493189691,0.9997906073000113
CLDN14,79.96428227615017,-0.5403436241925983,1.3882468122001939,-0.38922734735923703,0.6971079751053636,0.9997906073000113
PLPP1,83.98066515663207,-0.47572685717829155,1.2230705190420412,-0.3889611022191102,0.697304920981542,0.9997906073000113
TTBK1,74.62902305606917,-0.45277513548146536,1.1655457420180104,-0.38846620871141146,0.6976710559710451,0.9997906073000113
CAPZA1,290.5069914691134,-0.418400190505173,1.0781215839328229,-0.38808256577047007,0.6979549333614377,0.9997906073000113
ARHGDIB,154.5968329482789,-0.3544378400231762,0.9149936120040627,-0.3873664639547259,0.6984849274416638,0.9997906073000113
TXN,265.0629547447594,-0.569073203401048,1.4745182556200231,-0.3859383912217196,0.699542297048706,0.9997906073000113
TMEM127,139.0744262763558,-0.30800517059337923,0.7988744564351584,-0.38554890335059655,0.6998307818164624,0.9997906073000113
IPO5,389.67411697947034,-0.3178355087352026,0.8244817210572449,-0.3854973380460606,0.6998689783078378,0.9997906073000113
CXCR4,176.25656494877853,0.4204263661680638,1.0917386048110755,0.38509801184581016,0.7001648009580017,0.9997906073000113
CUL4A,232.72435322917258,0.35195564595990303,0.9139461002250026,0.3850945322412949,0.7001673788647205,0.9997906073000113
AP2S1,105.5259298945092,-0.4048441377597964,1.0535514330264832,-0.3842661355381781,0.7007812047374635,0.9997906073000113
CYP1A2,289.2225442226537,-0.3421261068595276,0.8909305912760376,-0.38400983220198626,0.700971160135937,0.9997906073000113
ATP5PF,88.30601547769038,0.4772432412914064,1.2431849940347477,0.38388754978655026,0.7010617945147628,0.9997906073000113
CRYL1,131.45131918930434,0.3651721212882071,0.9542693867255695,0.38267194396881976,0.7019630193440765,0.9997906073000113
FMO3,397.3712628441547,0.3752812504269807,0.9821374490758563,0.3821066499196239,0.702382259485484,0.9997906073000113
ECT2,232.0979753856096,0.40554928481996366,1.0616805978267545,0.3819880344899562,0.7024702399800713,0.9997906073000113
PUF60,482.9238284909466,-0.35669442840060134,0.9351595413131649,-0.38142628358336134,0.7028869610010349,0.9997906073000113
PPP1R1A,48.09025907131666,0.4864185775953928,1.2756011890146217,0.38132496409096495,0.7029621318702898,0.9997906073000113
SHC1,335.4874999238712,-0.2810561045055409,0.7397435728079726,-0.37993720369706985,0.7039920298906999,0.9997906073000113
SERPIND1,1287.6529699556445,-0.3894387128158762,1.0252937011751484,-0.379831371605539,0.70407059332722,0.9997906073000113
ABCB1,440.49721639026217,0.38411344311126905,1.0113400391414706,0.37980642340368925,0.7040891138452339,0.9997906073000113
AR,876.1676258498373,-0.15352308952794874,0.4042977901147548,-0.3797277484113211,0.7041475200700407,0.9997906073000113
BPI,25.246171840537645,0.8088815118303393,2.132373022634627,0.3793339642005674,0.7044398812270833,0.9997906073000113
PXMP4,68.08366932394122,-0.3932824966672377,1.0372418465968634,-0.37916181067855786,0.7045677086140842,0.9997906073000113
BMPR2,424.9613215466516,-0.2641313179526119,0.6974495243196153,-0.37871029908620363,0.7049030045125502,0.9997906073000113
B4GALT5,169.02698146293855,-0.3347786812300079,0.884338923759993,-0.3785637748552453,0.7050118268322323,0.9997906073000113
TGFBR3,447.91125021160997,0.31575557548625893,0.8390560672235987,0.3763223791838856,0.7066772438764345,0.9997906073000113
XPO7,194.7742575705989,-0.2757424599618313,0.733354959701404,-0.3760013569337607,0.7069158872326268,0.9997906073000113
KRT19,31.923784017050327,-0.5340691487501599,1.4206366402186694,-0.3759364876496175,0.706964113631416,0.9997906073000113
RORC,104.51222612665518,0.4381750670513908,1.167386612820492,0.37534700350274497,0.7074024134096815,0.9997906073000113
AMDHD1,146.20984683369105,0.4347425252227861,1.1584702588418707,0.37527292729759043,0.7074574982321986,0.9997906073000113
GLIPR1,34.67586737221371,0.4468537498164559,1.1910450608835632,0.37517787067179686,0.7075281868362149,0.9997906073000113
CXCL10,15.928024409214737,-0.5777203860405055,1.5418066047763017,-0.3747035356125783,0.7078809624930411,0.9997906073000113
NLE1,60.562753570036286,0.47519035506868923,1.2698264074121666,0.3742167845108056,0.7082430374815354,0.9997906073000113
PKD2,246.80638660475236,-0.3211236608053719,0.8590933161097003,-0.37379369014246483,0.7085578143171345,0.9997906073000113
LDLRAD3,29.121233818784624,-0.41999558493631284,1.1249967216863153,-0.37333049673847934,0.7089024814113577,0.9997906073000113
KLF9,150.23500611840686,0.34721523180960234,0.9309504340001364,0.37296854819399705,0.7091718526288606,0.9997906073000113
TMX2,92.36591936726553,-0.4106532600781012,1.1031712906258362,-0.372247957835392,0.7097082423519409,0.9997906073000113
SMAD1,81.83945308225613,-0.3599655801696848,0.9677391386718349,-0.3719655078368706,0.7099185304471967,0.9997906073000113
SLC46A3,58.447656393655116,-0.3894343467971258,1.047662644784977,-0.3717173163858043,0.7101033307976707,0.9997906073000113
ASAP2,164.7077628207363,-0.3828724723220435,1.0306908438014004,-0.3714716926269868,0.7102862360618558,0.9997906073000113
SEC14L2,136.07810002858864,-0.39118033213582776,1.053755536759195,-0.37122493642016374,0.7104700014155485,0.9997906073000113
NEK2,53.578268278445016,-0.4626936365227332,1.2469666722460062,-0.3710553351753505,0.7105963173530624,0.9997906073000113
CDCA5,34.953143684291526,-0.5300497349116629,1.4292271239601517,-0.3708645924959658,0.7107383885459078,0.9997906073000113
APOC1,2457.9424554865377,-0.4076995740985292,1.0994561556578082,-0.37081931098434867,0.710772117127211,0.9997906073000113
FXYD1,2.03851640759648,-0.8273987722383837,2.2329443052340903,-0.37054160746371306,0.7109789809498701,0.9997906073000113
HGS,188.98569938409727,-0.32866203683885614,0.8877023261571169,-0.3702390172408823,0.7112044073324573,0.9997906073000113
ITGA5,347.6235821961433,-0.31230968837672624,0.8436649129009169,-0.3701821464909078,0.7112467782346892,0.9997906073000113
EPS8L2,230.88745265068752,-0.3842822225819423,1.038185963590396,-0.37014777319177505,0.7112723881008347,0.9997906073000113
SORBS2,373.8976722453422,-0.2784375437609587,0.7526372752321608,-0.3699491812640704,0.7114203556242016,0.9997906073000113
LCP1,431.80498771216975,-0.33213905877979677,0.8987912820897827,-0.3695396978123098,0.7117254892071718,0.9997906073000113
EZH2,139.2287291728583,-0.3824581962298257,1.0349694873616508,-0.369535721487587,0.7117284524598539,0.9997906073000113
NUF2,74.12154107658674,0.509796008092689,1.3798930416910689,0.3694460314604749,0.7117952927788056,0.9997906073000113
RPL35,418.48073412664115,-0.3575985034834694,0.968644081147871,-0.36917430296967785,0.7119978083983374,0.9997906073000113
UGT2B4,802.8341344722174,0.3563788003006543,0.9665838841355628,0.36869929878809393,0.712351871469731,0.9997906073000113
TOMM20,196.62311797434762,0.40276560258142147,1.0927121668785327,0.36859258530265215,0.7124314231016134,0.9997906073000113
TPRG1,43.48713717605018,0.45661142519591646,1.2398354790836794,0.3682838835466965,0.7126615684128351,0.9997906073000113
IDH2,402.8628676674629,-0.3357387297368511,0.9138182558859375,-0.36740208195048135,0.7133191188505492,0.9997906073000113
NENF,35.43816516726777,-0.45777302729797237,1.2463854678644368,-0.36728045945715576,0.7134098282308248,0.9997906073000113
RFC2,119.68549517050259,-0.3243236432053099,0.883059808008337,-0.3672725677967306,0.7134157141869055,0.9997906073000113
CDKN3,14.990743819767541,0.6279696946546107,1.712787843914242,0.36663600625487197,0.7138905466391063,0.9997906073000113
ATP5F1D,170.26105211889694,-0.3293551189924028,0.9017573961407844,-0.36523694776658433,0.7149345402046157,0.9997906073000113
ENAH,409.5538042712734,-0.2498859344345792,0.6842800431381901,-0.3651808012529087,0.7149764485288388,0.9997906073000113
FGFR3,287.468167959683,0.35001069321814193,0.9644499381843666,0.3629122459969851,0.7166704385464119,0.9997906073000113
NFIB,215.47669067591065,-0.311194753390581,0.8596031112495467,-0.3620214367747207,0.7173360111985976,0.9997906073000113
TACC3,81.13093146069251,-0.4092437958354761,1.1309910437004052,-0.3618453020604848,0.7174676365826635,0.9997906073000113
NSF,241.86656297325862,-0.3665704676925212,1.014377199488436,-0.3613749085422933,0.7178192025341505,0.9997906073000113
CAP1,398.27259717954223,-0.32098760039067636,0.8898536919871799,-0.36071952421061687,0.7183091278265739,0.9997906073000113
CSNK1D,212.61061777622302,-0.25035815806770273,0.6972190692296785,-0.35908105374156013,0.7195344546546241,0.9997906073000113
SQLE,306.7204715935459,-0.45139536599998015,1.2577109936957827,-0.35890229811346025,0.7196681803699261,0.9997906073000113
YBX3,175.01217891617793,-0.3400917582394459,0.947590293901486,-0.3589016903488912,0.7196686350485788,0.9997906073000113
SPACA3,13.995704571533837,-0.6943338752125303,1.9370180889869935,-0.3584550289747927,0.7200028165665864,0.9997906073000113
ESR1,102.22459694407387,-0.4522048729288533,1.26188859349523,-0.3583556228813496,0.7200771971455403,0.9997906073000113
NDC1,87.38660005307746,-0.5552070398133601,1.549908159527682,-0.35821931538353435,0.7201791934965522,0.9997906073000113
NDRG2,297.6980731201983,0.2886680481042635,0.8060121813809085,0.35814353029962903,0.7202359042116879,0.9997906073000113
MSN,662.7597883535761,-0.3032885250750331,0.8506409616799583,-0.3565411715843766,0.7214353247037449,0.9997906073000113
ACTA2,311.03741214880927,-0.3446557677011943,0.9671452313204233,-0.35636402531876515,0.7215679668894139,0.9997906073000113
PLD1,211.49230789510617,-0.31388078595672136,0.882052653079411,-0.3558526635126653,0.7219509073173499,0.9997906073000113
AOC1,29.055610818423254,0.43476270443620896,1.2227805008241153,0.3555525330533098,0.7221756966624181,0.9997906073000113
IL6R,227.19166411597456,-0.33403458480221604,0.9409885128002459,-0.3549826382132736,0.7226025980138615,0.9997906073000113
CCL19,70.74246692443238,-0.43884493028370625,1.2386976646582948,-0.35427929090732996,0.7231295860638276,0.9997906073000113
LXN,34.21920444438615,0.42940147855852895,1.212209035623745,0.354230554252204,0.7231661072228235,0.9997906073000113
VPS41,306.138025559803,-0.3341336188410303,0.9441936504462407,-0.3538825098888492,0.7234269350650986,0.9997906073000113
SLC25A37,121.12581653079302,-0.30482466046671186,0.864211875351825,-0.3527198238772364,0.7242984960813761,0.9997906073000113
NREP,41.82413213877817,-0.3385307635562897,0.9598636674103209,-0.35268629811735036,0.7243236326327741,0.9997906073000113
PMEPA1,41.070972264280876,0.35115705241278283,0.996068849245904,0.3525429519040115,0.7244311124288265,0.9997906073000113
RPS18,2832.25946811955,-0.32613192117789264,0.926164969552324,-0.3521315660810768,0.7247395962459222,0.9997906073000113
ECHDC2,351.07492124926733,0.26542409165218367,0.7553035125012124,0.3514138187617095,0.7252779167951819,0.9997906073000113
DHRS1,97.16157522389987,-0.3652584186199849,1.039543080019384,-0.3513643884899644,0.7253149951926328,0.9997906073000113
RLF,193.5405669963332,0.37675129431571497,1.0733667478552973,0.3509995954956726,0.7255886518651019,0.9997906073000113
CASC3,409.29856710474553,-0.1919188878427918,0.5468032826920923,-0.3509834229558974,0.7256007848267965,0.9997906073000113
HELLS,204.79253176437427,-0.35678607607869745,1.0174404334152138,-0.3506702351911488,0.7258357581078012,0.9997906073000113
STAM2,151.66357222232554,-0.35076064811990754,1.0002727133227345,-0.350665017097928,0.7258396732701897,0.9997906073000113
PPIC,42.424656344437395,-0.3342958683974153,0.953358733539428,-0.3506506592290947,0.7258504460905663,0.9997906073000113
TRIM55,99.25626335256551,-0.4586024911883934,1.3082362630025606,-0.3505502057677603,0.7259258186190043,0.9997906073000113
NAB1,116.55454537481991,-0.2739246596444804,0.7818108472588857,-0.3503720376928642,0.7260595087267645,0.9997906073000113
TFR2,822.9232099064684,-0.2905236493161838,0.8300029846487665,-0.3500272344672653,0.7263182588042872,0.9997906073000113
HIST2H4B,277.1410183886532,0.3933683325526662,1.1245142950484368,0.3498117669866726,0.7264799675438611,0.9997906073000113
CHRNA5,17.60529655617075,-0.5075053762880566,1.4511937228646938,-0.34971580175128364,0.7265519935528042,0.9997906073000113
RAD21,225.00500547964015,-0.3211887820532279,0.9188333866111438,-0.34956150563688326,0.7266678044459519,0.9997906073000113
PTTG1,36.54503685482276,0.46633831873760484,1.3350398902075897,0.3493066552978371,0.7268591025611584,0.9997906073000113
C1S,2353.8954334702203,0.28570224522482446,0.8182901123422784,0.34914542032901835,0.7269801390388106,0.9997906073000113
WIPF1,210.73792540443597,0.3082645734639648,0.888105618651416,0.34710350547276464,0.7285135600531698,0.9997906073000113
CDCA7,44.20006219428397,-0.6483252804940731,1.8686080415104274,-0.34695627231167264,0.7286241701343393,0.9997906073000113
SOX9,123.1468828240078,-0.3252177401051312,0.9413683397553817,-0.34547342030818706,0.729738489149545,0.9997906073000113
ADAM9,434.4984458004714,0.3133322227586212,0.9070240495097559,0.3454508432582096,0.7297554595471303,0.9997906073000113
FLT4,250.4919179664304,-0.34052492924583105,0.9862580680908537,-0.34526960058740125,0.7298916982697976,0.9997906073000113
G6PC,991.6979557906637,-0.31803290789909133,0.9221295062178932,-0.3448896339989171,0.7301773439021177,0.9997906073000113
SCP2,660.3342290447453,-0.3361580395645555,0.9771423219946694,-0.34402157392829547,0.7308300615908815,0.9997906073000113
RHEB,238.0074363034808,-0.370592974863879,1.07926186588169,-0.34337632652398736,0.7313153667871493,0.9997906073000113
SASS6,70.05281780588874,-0.4052799598939295,1.184741435663659,-0.34208304672563683,0.7322883954275168,0.9997906073000113
TINAGL1,59.97552398138363,-0.3594224781633568,1.0517533733315543,-0.3417364633924047,0.7325492285413719,0.9997906073000113
PCYT2,208.73713143200524,0.3873470118470558,1.1350704150138207,0.3412537290405366,0.7329125782280053,0.9997906073000113
HLA-DQA2,79.73864588323795,0.38408851530574345,1.1260203075824704,0.3411026539391365,0.7330263033630335,0.9997906073000113
KIF1B,748.7039571182588,-0.2363809845636741,0.6935318906202212,-0.3408365033542726,0.7332266683774239,0.9997906073000113
ABCB11,477.7445111762576,0.23349398717429257,0.6864434137431575,0.3401503787487101,0.7337432844489169,0.9997906073000113
PKMYT1,16.360055193245493,0.5421265372892675,1.5955540251774285,0.3397732253089845,0.7340273127074998,0.9997906073000113
APOC3,2556.6018854683825,-0.3287271492605852,0.9682494242602324,-0.33950668187770033,0.7342280642818619,0.9997906073000113
DLGAP4,270.7996027540465,-0.19761801255236566,0.582224419965524,-0.33941896934530413,0.7342941303934903,0.9997906073000113
IFI16,311.8484648310047,0.31901879203537226,0.9400376945239871,0.33936808480527564,0.7343324581294013,0.9997906073000113
GSTA1,1110.2302812209452,0.3516373032586459,1.036885083447934,0.33912851951669826,0.7345129146604121,0.9997906073000113
EIF4A2,454.4124708004771,0.32080650984006454,0.9471227324284326,0.3387169358901494,0.734822981087853,0.9997906073000113
HPGD,180.81637740733797,-0.4343594756515755,1.2854780870783153,-0.3378972228447742,0.7354406404533224,0.9997906073000113
SMCP,10.265519392588928,-0.7094653030119028,2.110003435746791,-0.3362389325971892,0.7366906962673417,0.9997906073000113
CFHR5,250.32677434493502,-0.4741289354577845,1.4103624608199206,-0.33617523766347807,0.736738724838726,0.9997906073000113
NARS2,76.03489774254612,-0.39064681789959194,1.1634677047111184,-0.3357607747235124,0.7370512718681412,0.9997906073000113
ISG20L2,132.83925900300753,0.2812109772519481,0.8409058767606317,0.3344143322380375,0.7380669257912977,0.9997906073000113
CPD,505.54086430132054,-0.32201559593902,0.964217917421032,-0.33396557989744324,0.7384055321781775,0.9997906073000113
GPR88,16.787174043099046,0.4599635359758301,1.381508730183217,0.3329429093906843,0.7391773784271124,0.9997906073000113
TMCC1,74.47917426356624,0.32882219355077735,0.9879363135721086,0.33283744005911253,0.739256994892844,0.9997906073000113
EPAS1,1001.002634111693,-0.245993092737427,0.7403901010205763,-0.3322479492882774,0.7397020398821061,0.9997906073000113
ETNPPL,135.57243436977754,-0.4086791267327944,1.2305839905133693,-0.33210177434723775,0.7398124103622249,0.9997906073000113
ARID3A,95.27357890741077,-0.3151430190976533,0.9492693711909254,-0.3319848176522162,0.739900723246337,0.9997906073000113
PDK4,429.99041480987955,0.35002709168538637,1.0543695449876,0.3319776195636444,0.7399061585663411,0.9997906073000113
ABCC2,1072.4558750872277,0.2565062317767063,0.7727662418445194,0.33193250156017473,0.7399402277381558,0.9997906073000113
TES,121.24679441439646,0.29063975852202656,0.8765159379684682,0.3315852523978658,0.740202457018249,0.9997906073000113
MTHFS,9.856783546888883,0.5354037052861882,1.6203868265787054,0.3304172167436357,0.7410847342928493,0.9997906073000113
TNXA,362.9911547784549,0.3511702731982334,1.0631074731615624,0.3303243388496672,0.7411549043640533,0.9997906073000113
MMS19,209.31172623477275,-0.33411209856426916,1.0125557848058784,-0.32996907783043605,0.7414233270710628,0.9997906073000113
PEX19,247.4723785230571,-0.3476155127052508,1.0551848935959343,-0.3294356418623678,0.7418264315796785,0.9997906073000113
AGFG1,317.16747430558746,0.3386845687965645,1.0298348584581816,0.3288726983893578,0.7422519110173058,0.9997906073000113
CCL21,54.0036973281614,-0.40890124882450113,1.2440132184088668,-0.3286952604470707,0.7423860370795181,0.9997906073000113
ENO1,602.1227016803648,-0.2575168503020669,0.789351528092558,-0.32623848961735447,0.7442439224855361,0.9997906073000113
SGK1,297.25448515416787,-0.29409117074450625,0.9019882803401498,-0.3260476628738471,0.7443882939954507,0.9997906073000113
KCTD3,329.9942317146289,-0.32153331082834957,0.9866679232852399,-0.32587794053115904,0.7445167063486992,0.9997906073000113
ETS2,349.69625678828663,0.28225849682124976,0.8700283272283775,0.3244244905455343,0.7456166807884745,0.9997906073000113
HMBS,79.95057762003441,-0.4300330580379856,1.3310854056990915,-0.32306947112242623,0.7466426300714171,0.9997906073000113
TUBA4A,86.67218090083465,-0.33834332535066536,1.049330337110541,-0.3224373806654013,0.7471213694035943,0.9997906073000113
SLC2A8,35.71000158329634,-0.4394874954268136,1.3637496084891683,-0.32226406716530637,0.7472526524622805,0.9997906073000113
ACBD4,118.52231987615822,-0.28063820062098316,0.8719897372969247,-0.3218365866219156,0.7475764955848094,0.9997906073000113
SLC40A1,413.87749229186693,0.2745285175779405,0.8549880037407652,0.3210904905996533,0.7481418164830018,0.9997906073000113
DKK1,12.309918966395616,0.5993984312262075,1.867673763072354,0.32093315389310134,0.7482610486395627,0.9997906073000113
TP53BP2,410.2512343576221,0.3110282502748101,0.9691503253163125,0.3209287993307915,0.7482643486789495,0.9997906073000113
LGR5,33.41645726998031,-0.49142461639549423,1.531749446625809,-0.32082571825178163,0.7483424684669922,0.9997906073000113
FUT4,42.937655250326735,0.35731329302226716,1.113945420032617,0.3207637345569451,0.7483894439291165,0.9997906073000113
PTPRC,494.3784764883746,-0.25874190885385584,0.807762024790957,-0.3203194764210615,0.7487261603045834,0.9997906073000113
AKAP13,761.2972337991171,-0.233507931008327,0.729373449394965,-0.3201486580050702,0.7488556413903825,0.9997906073000113
RPL27,764.9241936114065,0.34666649797128796,1.0839220678268353,0.31982603570967294,0.7491002097764137,0.9997906073000113
TARBP1,322.4338935647619,0.31961217923511637,0.9996603654904059,0.3197207674411733,0.7491800153353357,0.9997906073000113
TACO1,89.52002602134209,-0.34451515537694477,1.0815013677357896,-0.3185526765428092,0.7500657438235536,0.9997906073000113
NLRP2,115.28843334285473,0.4004153556543859,1.258205091326391,0.31824331217120644,0.7503003808567876,0.9997906073000113
SERPINH1,253.72603467065113,-0.30768121636901125,0.9725104306466023,-0.3163783201424794,0.7517153705101302,0.9997906073000113
HNRNPR,291.6843770494531,0.30603547600341574,0.9682627855267403,0.31606654781938226,0.7519519971447568,0.9997906073000113
VCP,564.7851995887049,0.28792067457869225,0.9116105104864166,0.3158373793047468,0.7521259446271709,0.9997906073000113
C1QB,216.26387889172437,0.31626652947275913,1.0027273896452005,0.31540629361352657,0.7524531889179016,0.9997906073000113
TNFAIP3,218.83725949587856,-0.3456097808844349,1.09720416696849,-0.3149913127283632,0.7527682498191564,0.9997906073000113
WDR12,100.20803749263067,0.3096599562655239,0.9849081726219531,0.31440490075452315,0.7532135344755072,0.9997906073000113
CBFB,121.40272457051607,0.21562145691704251,0.6906562957247265,0.31219791704176736,0.7548901150138697,0.9997906073000113
PAH,1130.381725745534,0.3028428095916568,0.9707970071457437,0.311952763927497,0.7550764220617254,0.9997906073000113
ALDH7A1,476.2974688243704,-0.2089630032594515,0.6713528996322106,-0.31125657366480186,0.7556055778494366,0.9997906073000113
THY1,68.38736552663664,0.30996476714519805,0.9972677961764743,0.310813974274115,0.755942045570883,0.9997906073000113
GHR,221.87102156453426,-0.24614880517015064,0.7941741609485393,-0.30994310476704184,0.7566042228715548,0.9997906073000113
HYAL1,135.85230489102585,-0.33743395418999056,1.0899550753526839,-0.3095851946749318,0.7568764164622972,0.9997906073000113
CORO1A,145.81180351709511,-0.3003345624856728,0.9703830024927401,-0.3095010544436239,0.7569404101853564,0.9997906073000113
ZMIZ1,507.3232007437791,-0.2759148065185783,0.8926711893431489,-0.30908895661974234,0.7572538595085511,0.9997906073000113
PGK1,404.0049112487794,0.2503507202240991,0.8111060988981849,0.30865348018487115,0.7575851344302351,0.9997906073000113
SPCS1,104.11358639609442,-0.41899333814824335,1.3575227788392012,-0.308645530431923,0.7575911823673508,0.9997906073000113
HIC2,37.875786201995425,-0.3828601311821083,1.2407770610288826,-0.30856480443362755,0.7576525971616492,0.9997906073000113
CDC6,135.6813016041505,0.3575785852265581,1.1594590497516852,0.30840121977842916,0.7577770539267226,0.9997906073000113
CRABP2,6.404921593700578,0.628558021213323,2.0440828998275977,0.307501237482265,0.7584618812539202,0.9997906073000113
APCS,464.13707354492493,0.3390295485744559,1.1027779016981998,0.30743230169227587,0.7585143446774146,0.9997906073000113
THRB,147.18134665126257,-0.24868918456808595,0.8090680943338688,-0.3073773225142929,0.7585561872506394,0.9997906073000113
AMD1,128.99490296823322,-0.25003577887332,0.8152198376590843,-0.30670963502470866,0.7590643953538636,0.9997906073000113
TMEM11,26.81749138646861,-0.430388724224514,1.4037403805190354,-0.3066013703085018,0.7591468104934086,0.9997906073000113
URB2,63.948191559208304,-0.43285419994146307,1.4128079575104828,-0.3063786536877935,0.7593163592925561,0.9997906073000113
CYP4A11,582.4310897256037,0.27140753559026864,0.8868642742961548,0.3060305206291761,0.7595814077790699,0.9997906073000113
ATP11B,390.9206389605515,0.3089043845758805,1.0099029819749,0.30587530692483683,0.7596995876694945,0.9997906073000113
NCOA2,481.04601291993646,-0.2569661149174682,0.8413435061106465,-0.30542354347675227,0.7600435927932763,0.9997906073000113
CCDC86,70.31466374954455,-0.3589243947353146,1.176060697728272,-0.30519206655628234,0.7602198743358066,0.9997906073000113
CD151,90.48956930637385,0.26051766412475086,0.8536965842404067,0.30516423391403347,0.7602410711587467,0.9997906073000113
CHERP,120.54638813210957,-0.30311693389444,0.9933839130410436,-0.3051357384744725,0.7602627729423171,0.9997906073000113
HIST1H4C,118.0511687687194,-0.35318857229230133,1.158915350570841,-0.30475786874195177,0.7605505718153673,0.9997906073000113
CPOX,67.08467855986895,0.3563274599194527,1.1723607585793618,0.30394011170353535,0.7611735177555132,0.9997906073000113
PRKAR1A,532.9548165713167,0.280489377521818,0.924569666038962,0.30337289641297627,0.7616056985177282,0.9997906073000113
UGT2B10,658.1510295667148,0.27019111090239795,0.8906602099236225,0.30336048236124513,0.7616151580411956,0.9997906073000113
LMNB1,138.52601750654932,-0.3441478553211914,1.1361288912881657,-0.3029126870728458,0.7619564024383323,0.9997906073000113
BHMT,493.0451578735839,0.30453375183360415,1.0070351415712764,0.30240628083588056,0.76234236734234,0.9997906073000113
CYP3A4,1040.5231481811493,0.2803661915256195,0.929723570966643,0.30155865708999924,0.7629885283792142,0.9997906073000113
CD164,351.12022121827937,0.26781923660626267,0.8883227330775102,0.30148866693800375,0.7630418907021621,0.9997906073000113
F12,419.5761277016346,-0.3241517538752878,1.0758558626738206,-0.301296637515805,0.7631883047396567,0.9997906073000113
ERRFI1,750.6579370156431,0.29452276889097717,0.9793807938980574,0.30072344763750153,0.7636253873205812,0.9997906073000113
PDCD5,106.12314362687133,-0.37744899759012884,1.2562858379597956,-0.30044834239563256,0.7638351939777551,0.9997906073000113
RNASE1,88.27924412807461,-0.3540094434320928,1.178928348620701,-0.3002807115854578,0.7639630446838419,0.9997906073000113
SGCE,253.21348479985727,0.2473228777908248,0.8241003374180507,0.30011257921056106,0.7640912843940172,0.9997906073000113
HPX,2090.4756082603644,-0.25991831244250235,0.8681025307206027,-0.2994096932614019,0.7646274670630191,0.9997906073000113
FHL3,26.09806669384559,-0.3835947845896461,1.281482235187549,-0.2993367945779644,0.764683082847615,0.9997906073000113
PCNA,57.15829460151597,-0.35439011319794356,1.1849811011482052,-0.299068156322959,0.7648880425285862,0.9997906073000113
RASGRP1,73.25465627478643,-0.24520937403644585,0.820652148229778,-0.29879818698505206,0.7650940343597121,0.9997906073000113
PLAT,62.50561728710114,-0.3193515261138971,1.069620054105874,-0.2985653876701594,0.7652716780871334,0.9997906073000113
IGKC,6194.473950086579,0.28820989554704285,0.9657682093837648,0.2984255360102846,0.7653784015644071,0.9997906073000113
C4BPA,1446.792807214568,-0.32057776716895575,1.0748840113191376,-0.2982440559103032,0.7655168991408107,0.9997906073000113
ITIH3,2321.247516488356,0.2913379292033334,0.9784258236632466,0.2977618968728341,0.7658848979728814,0.9997906073000113
MRPL24,129.77838698488986,-0.32268238225781626,1.0841802414886461,-0.2976279864819834,0.7659871119426358,0.9997906073000113
CELF2,125.45720972510887,0.28533196847790465,0.9621105936179238,0.2965687836415369,0.7667957462192653,0.9997906073000113
PMVK,54.279367101635,0.3823811792338565,1.2902871302982217,0.296353555929429,0.7669600900277621,0.9997906073000113
GPD1,142.49245118262118,-0.3426556280922251,1.156701288619849,-0.29623519180226243,0.76705047510377,0.9997906073000113
AIMP1,97.75505225596764,-0.36644419185738314,1.2378595942881672,-0.2960304977626379,0.7672067908052196,0.9997906073000113
OASL,45.52859589132116,0.41071391706957544,1.3880722592458683,0.29588799454339215,0.7673156197460732,0.9997906073000113
CSNK1E,131.6667248492919,0.1824149115646531,0.6171156490026499,0.29559274968875365,0.7675411112514317,0.9997906073000113
ABCD3,556.4629283479138,-0.31579244834392556,1.0688678993071388,-0.2954457221033847,0.767653410038614,0.9997906073000113
KIF15,79.82822933871286,-0.4120491725638806,1.4037225347721043,-0.293540327491271,0.7691091794573331,0.9997906073000113
CFB,338.74893381079517,-0.3152024479441889,1.074085846999518,-0.2934611314586387,0.7691697048815985,0.9997906073000113
LGALS4,272.5903336520002,0.2925674856120799,0.9982922277119961,0.2930679789850919,0.7694701917644129,0.9997906073000113
EFNB1,44.17946121076174,-0.3016952760616006,1.034890509786,-0.2915238599723817,0.770650698323389,0.9997906073000113
PRDX6,371.8750038491373,-0.30781066196672446,1.0594849806422515,-0.29052857528960163,0.7714118931122795,0.9997906073000113
GBA,330.92298372162804,0.2604097274089229,0.8999880069369925,0.2893479973085396,0.7723150857859088,0.9997906073000113
MYO6,663.6910644802153,-0.24161156253082386,0.8395087677368938,-0.2878011187210687,0.773498980968274,0.9997906073000113
BICC1,211.38889938916904,0.30827534728311534,1.0734408854002073,0.2871842795219991,0.7739712226911989,0.9997906073000113
TFRC,440.15229471757465,0.24773644075066248,0.8633425123294601,0.2869503554067123,0.7741503329508665,0.9997906073000113
CCT5,374.95311051066165,-0.30246445049246523,1.0546907043062264,-0.28678023733168845,0.7742805959597665,0.9997906073000113
BDH2,57.08269436345399,-0.3698759349719532,1.2903450056134032,-0.28664886783215154,0.7743811927136182,0.9997906073000113
RPS6,1683.8075166454976,-0.2682814267623827,0.9367234246241459,-0.2864040972072721,0.7745686369657995,0.9997906073000113
ARPC2,736.7167072543103,-0.21492499523073488,0.7536886009126248,-0.28516418447948794,0.7755183582687636,0.9997906073000113
ASRGL1,25.49314299854155,-0.4410343037289842,1.5469584822797062,-0.2850976989886924,0.7755692928740447,0.9997906073000113
PLEKHF2,30.750770871538013,0.3722732695819131,1.313264875914784,0.28347158018872454,0.7768153642952307,0.9997906073000113
CYP2B6,1101.1560087881114,-0.2525031946107034,0.8930661889193067,-0.28273738021171285,0.7773781596059173,0.9997906073000113
NCS1,38.69745042919242,-0.3488678377058976,1.2348496029203486,-0.28251848393589396,0.7775459754752978,0.9997906073000113
SALL1,303.2521234453635,0.2774478578824455,0.9825132706265919,0.28238586304845004,0.7776476537459587,0.9997906073000113
MARCKS,427.93624700684876,-0.2439578150018774,0.8643963849182946,-0.28222910143815216,0.7777678452256075,0.9997906073000113
U2AF2,315.083364748073,0.2505005980529499,0.8879276303313952,0.2821182599751483,0.7778528322485008,0.9997906073000113
CDHR5,256.7714821525715,-0.2754078997338575,0.9768552634484858,-0.28193316864733364,0.7779947558310103,0.9997906073000113
METTL5,26.75135955326925,0.3529547807271748,1.2550618301970584,0.281225013967445,0.7785378201586561,0.9997906073000113
UQCRB,435.76119630533043,-0.235642751981009,0.8385391980402155,-0.281015786181182,0.7786982918984318,0.9997906073000113
CYP4F2,275.4716482484554,-0.30561220697956215,1.0875396530418204,-0.28101247262550166,0.77870083337697,0.9997906073000113
CD74,2217.0391988539864,0.22419818565312558,0.800979007147552,0.2799051955825167,0.779550240995832,0.9997906073000113
QDPR,130.90149462073845,0.334725012117975,1.1972779691942743,0.27957167903392816,0.7798061378197088,0.9997906073000113
BAAT,645.6772395566821,0.27178431008187265,0.9730661523356267,0.2793071256558616,0.7800091383300933,0.9997906073000113
OLIG2,21.777881996215374,0.4204558550300739,1.5053766771747912,0.2793027561840286,0.7800124912955397,0.9997906073000113
NARS,434.94647440663636,0.2773547362317498,0.9932651748537561,0.2792353374038169,0.7800642264056907,0.9997906073000113
FETUB,110.79822364574206,-0.36473206054768376,1.308738091268075,-0.2786898791906363,0.780482830155129,0.9997906073000113
EIF3B,457.0914224816948,-0.25489337913054394,0.9181902986628252,-0.2776040865403927,0.7813162947990372,0.9997906073000113
SNRPB,81.01824866645136,-0.3014410495521519,1.0867478793838539,-0.27737900875689575,0.7814890980920183,0.9997906073000113
IGF1R,223.84172259317998,-0.24883460762012516,0.8972044707836047,-0.2773443687845167,0.7815156938620142,0.9997906073000113
RBM17,273.77362323719694,-0.2641274310000396,0.9572287797285347,-0.2759292622553041,0.7826023980341775,0.9997906073000113
HLA-DOA,72.66605774893172,-0.32815846733509507,1.1901788242916227,-0.27572198449288515,0.7827616087369583,0.9997906073000113
NDRG1,616.1648565764507,0.2280253315880251,0.8290577497242549,0.27504155369618877,0.7832843137060636,0.9997906073000113
GLYATL1,146.92332651019817,-0.2854555949478068,1.0389995547873696,-0.2747408250874805,0.7835153637405798,0.9997906073000113
GCGR,73.7424188505626,0.38648128769552387,1.4087328696609862,0.2743467523324924,0.7838181590543108,0.9997906073000113
ISG15,40.488802746772876,-0.39491898222313193,1.4438395639571464,-0.2735199893960332,0.7844535286527013,0.9997906073000113
PAG1,97.83694670589462,0.2408580041822126,0.8808726961298093,0.2734311158019123,0.7845218368157854,0.9997906073000113
APOA5,147.2985915575812,-0.313164042574436,1.1457263791905377,-0.27333231412170866,0.7845977776451958,0.9997906073000113
EML4,452.28286241666956,0.2421712939058113,0.8861160557899125,0.27329523297028174,0.7846262794448379,0.9997906073000113
CANT1,119.50934292396285,0.29289737263159615,1.0743656996250501,0.27262353287508745,0.7851426203269368,0.9997906073000113
FMO1,39.22424153741484,0.39233278561078216,1.4403980629552826,0.27237802917189996,0.785331364466427,0.9997906073000113
IL2RB,47.11681325803887,0.31089042412513285,1.1414528202266532,0.27236379692276785,0.7853423066584592,0.9997906073000113
DYRK2,94.85364402591372,0.2931898658607221,1.0767903282860518,0.2722812957722216,0.7854057369227142,0.9997906073000113
GHRHR,58.9291167670009,-0.2716932149354968,1.0022190295450137,-0.27109165454465556,0.7863205400434746,0.9997906073000113
TRIB3,45.03183708053904,-0.33899999156723726,1.255818449972233,-0.2699434711878399,0.7872037429824326,0.9997906073000113
SCARB2,417.05878765097196,-0.19974144611270614,0.742079841536214,-0.26916436066934807,0.7878032045561376,0.9997906073000113
SGPL1,124.60278291413599,-0.2369419649013047,0.880515284547702,-0.2690946642942328,0.7878568363257631,0.9997906073000113
ENOPH1,49.13564329883134,-0.3525541566316215,1.3105404039867314,-0.26901433603964714,0.7879186506367469,0.9997906073000113
UBE2D1,42.345508468925665,-0.38427260475533054,1.4311524233743216,-0.2685057150302034,0.7883100763788944,0.9997906073000113
NMT1,175.79149022553946,-0.2413543805643149,0.901618145774779,-0.2676902430317816,0.7889377607480454,0.9997906073000113
NUP62,151.66804060443948,0.19985056120794764,0.7491921405846899,0.26675474872437777,0.7896579973291854,0.9997906073000113
CXADR,190.79379758116622,-0.22736568886913425,0.8534107814929888,-0.2664199864822099,0.7899157743074383,0.9997906073000113
SRSF2,3.868730377116683,-0.598167715154533,2.2468573349017475,-0.26622416379662583,0.7900665743151034,0.9997906073000113
NCAPH,53.006123936472925,0.3972036324667495,1.4921393778936862,0.26619740645638934,0.790087180337725,0.9997906073000113
PWP1,140.40839277444897,0.2991355379117898,1.1256163129398609,0.2657526676479252,0.7904296984168593,0.9997906073000113
ANXA5,419.23697711282546,-0.28003171781087133,1.054186056292925,-0.26563785030093334,0.7905181322160358,0.9997906073000113
SLC23A2,230.80045285838696,0.22108970174191342,0.8330172892826981,0.2654082989469418,0.7906949437106496,0.9997906073000113
TMBIM6,1704.9234171798864,-0.22107122730620093,0.8338484858885515,-0.2651215790967429,0.7909158042607985,0.9997906073000113
BUB1,110.48289006789692,-0.32695100234685676,1.2339493819628005,-0.2649630585549524,0.7910379199804762,0.9997906073000113
SAMM50,94.69873703420191,0.28082661638663853,1.0604653512907234,0.2648145137838178,0.7911523555569666,0.9997906073000113
IGFBP4,619.7938343323867,-0.22181753895259917,0.8384723893989963,-0.2645496044438559,0.7913564469712138,0.9997906073000113
KMT2A,688.8430195464438,0.17683209790084764,0.6691224433925699,0.2642746475581919,0.791568294341565,0.9997906073000113
COX5B,243.00630717638728,0.28385478684801724,1.0755556170753042,0.26391455945336145,0.7918457564561023,0.9997906073000113
HAT1,127.02625104812695,-0.2616410293654139,0.9962883988085396,-0.2626157543120146,0.7928467559855995,0.9997906073000113
EIF4A3,162.93904814520218,0.24364035080313703,0.9297311542531435,0.26205462696240855,0.7932793270585627,0.9997906073000113
IQGAP2,1074.9595598727517,-0.24078764084547688,0.9196456412736138,-0.2618265449635699,0.7934551728486685,0.9997906073000113
NRG1,141.33344121963026,-0.26921488353811535,1.031928035503272,-0.26088532753819316,0.7941809400622364,0.9997906073000113
AQP9,246.87502245146814,-0.2968008991960558,1.138226479745813,-0.26075733123195033,0.7942796510405938,0.9997906073000113
PNN,680.7961400650391,-0.24181775463812755,0.9274737350512464,-0.26072733437003065,0.7943027851502933,0.9997906073000113
NR5A2,143.1382017099429,-0.2189149040828584,0.840387644455577,-0.260492768458866,0.7944836927614276,0.9997906073000113
SNRPA1,149.22572965151605,0.2401859939213312,0.9239207845430588,0.25996383882641994,0.7948916672541201,0.9997906073000113
WASF1,77.4635788977531,0.29961044051659885,1.1526121855102145,0.2599403722111211,0.7949097688460127,0.9997906073000113
ACSM3,92.04340025023575,-0.2962573851572042,1.1422038472124123,-0.25937347863100835,0.7953470906738209,0.9997906073000113
GRN,597.2205289085193,0.25144956770315563,0.9695105775875449,0.25935721952497237,0.7953596344745594,0.9997906073000113
NRP1,376.5820628905784,-0.1899989599776959,0.73399711076044,-0.25885518783698214,0.7957469748642438,0.9997906073000113
KHDRBS1,232.993247291269,-0.2714962150283078,1.0490100965954094,-0.2588118226025241,0.7957804354876346,0.9997906073000113
SCLY,23.016719700114216,0.2788181746269113,1.0778935077292235,0.2586694999344526,0.795890254324646,0.9997906073000113
C3AR1,43.343481331899206,-0.34234564209260976,1.326643114199849,-0.2580540602278647,0.7963651856475978,0.9997906073000113
SBDS,115.91448545908644,-0.275559738427236,1.0708749570316651,-0.2573220492437829,0.7969301725668766,0.9997906073000113
TRIP13,39.43935599169439,0.36154558457386343,1.4066503867680908,0.2570259020825692,0.7971587776333358,0.9997906073000113
ARHGAP12,251.255923056835,0.2586150588009795,1.006568486331264,0.25692743445960486,0.7972347916639227,0.9997906073000113
RAPGEF2,353.3964894120794,-0.21231719549359068,0.82649064194807,-0.2568900175241561,0.7972636769121251,0.9997906073000113
UBE2I,100.53118538335717,-0.22844993579885603,0.895039579108052,-0.2552400375707596,0.7985377093656806,0.9997906073000113
ZNF200,52.18967718941959,0.2466207661451854,0.9670885482815629,0.25501363508378866,0.7987125680492383,0.9997906073000113
POLD3,81.67900503698056,0.3322503335839812,1.3057729509420648,0.25444724777326366,0.7991500532919812,0.9997906073000113
KATNB1,65.55476688500198,-0.29215680098203434,1.1498001704221152,-0.25409354468505396,0.79942329034722,0.9997906073000113
ZNF160,136.3050529025127,-0.22313864428816882,0.8781921650606724,-0.25408863021768435,0.7994270869660398,0.9997906073000113
ZCCHC24,78.81250459764507,0.23103721325772203,0.9103168985364399,0.2537986646509272,0.7996511051297708,0.9997906073000113
MTHFD2,49.77732047133923,-0.29731479155116003,1.1721073922540288,-0.25365831963520585,0.7997595371420563,0.9997906073000113
ADD3,187.14452728414605,-0.24969773212170332,0.9859692711085938,-0.2532510286461066,0.8000742362268491,0.9997906073000113
SPP2,78.16218135474061,0.3499221082368634,1.38514531778016,0.2526248356364877,0.8005581363261255,0.9997906073000113
PCLAF,11.397904493071694,0.29527125819980127,1.1713130116938166,0.25208569806017467,0.8009748243625057,0.9997906073000113
NBEAL1,447.5057783534207,0.1997665874868673,0.7933239550522405,0.25180959961521976,0.8011882369499291,0.9997906073000113
CYP2B7P,471.01902709792074,0.2087352469793841,0.8292101507263112,0.25172779999925393,0.8012514674927437,0.9997906073000113
ZBTB18,79.21988562221769,-0.24258391584237105,0.9646311499468928,-0.25147841831121287,0.8014442458631428,0.9997906073000113
RPS27,391.30907149004986,-0.2359333722205639,0.938459788399618,-0.251404881846784,0.8015010937240951,0.9997906073000113
AURKB,27.713678434739318,-0.33901106417788884,1.3486176396335154,-0.25137670916866733,0.8015228730818335,0.9997906073000113
CACYBP,88.4159470438561,-0.30145241694700414,1.1999651487712535,-0.25121764349213555,0.801645844344084,0.9997906073000113
SMURF2,160.79450026850128,0.18815161409457454,0.7515994833293608,0.2503349433678682,0.8023283356409041,0.9997906073000113
DKC1,182.2636694187378,0.25205399956275776,1.0075818057810284,0.25015735508183157,0.8024656626418367,0.9997906073000113
LAMA3,688.8256466747523,-0.262269390953363,1.049189987852364,-0.24997321170612238,0.8026080650618117,0.9997906073000113
COCH,38.500149497914336,-0.3831964327110305,1.5332779718846412,-0.24991974041081505,0.8026494169051916,0.9997906073000113
ALAS1,456.7119598591807,0.27183430923483115,1.0891465413922639,0.24958469673634867,0.8029085343600327,0.9997906073000113
EXOC7,194.7150341397268,-0.2228798614443061,0.8939426217349616,-0.24932233459429579,0.8031114562014744,0.9997906073000113
CDK5,43.497275647796705,-0.32436370950667665,1.3015549052107076,-0.2492124674941513,0.8031964359506507,0.9997906073000113
HSD17B4,751.3220517971416,-0.21386673116056684,0.8582663889092326,-0.24918455845902254,0.803218023336897,0.9997906073000113
MAOA,199.16060337616844,-0.2406429578897712,0.966109625390806,-0.24908452577773194,0.8032953989444033,0.9997906073000113
ANK3,621.5244032263838,0.20909735387078116,0.8416045063301952,0.24845084870392065,0.8037855950016587,0.9997906073000113
DNASE1L3,100.96410186358442,-0.3027898121266448,1.218892691392975,-0.2484138384492326,0.8038142275567568,0.9997906073000113
CKS2,29.92358887185976,0.3762230192621623,1.5150009719470974,0.24833186659849857,0.8038776450672944,0.9997906073000113
IFNGR2,90.1830150469427,0.2291735431705866,0.9229847996956597,0.24829611846928912,0.8039053020065968,0.9997906073000113
SULT1B1,41.94161889583544,-0.269570982859228,1.088454755684688,-0.24766393040347873,0.8043944418895774,0.9997906073000113
PAK1IP1,62.864179985608416,-0.34168663621836437,1.381941236408385,-0.24725120520058835,0.8047138191440549,0.9997906073000113
ANLN,320.08697279483334,-0.2803485818139748,1.1346003382678744,-0.24709016237556036,0.8048384470189592,0.9997906073000113
PLCB1,263.5968292749424,0.21984427791752187,0.8924395753455485,0.24634079885173082,0.8054184298912297,0.9997906073000113
TOPBP1,208.4307753668215,-0.20564294352023105,0.8348195931954987,-0.246332195837758,0.8054250889650989,0.9997906073000113
KNG1,1827.3308861909416,0.20932300285935881,0.8517246323100806,0.24576370685866494,0.8058651532263675,0.9997906073000113
SNRPG,269.08786918441956,0.25525246223541986,1.0386586433420353,0.2457520224489809,0.8058741987103972,0.9997906073000113
ABAT,349.04253039645903,-0.220000141247117,0.8979645751251943,-0.2449986862972234,0.8064574485510687,0.9997906073000113
KLC1,97.93070692268493,-0.19760221034026346,0.8083233333447479,-0.24445936692512452,0.8068750679171663,0.9997906073000113
PARD3B,323.71680561296097,-0.23644729309438425,0.9674838080459381,-0.2443940571697477,0.8069256439526339,0.9997906073000113
RETREG3,126.95147546209942,-0.22092295883829635,0.9047689089210141,-0.24417611686254662,0.8070944233040153,0.9997906073000113
GADD45A,82.1436083239981,0.251324591768093,1.0293695073738571,0.24415391165926031,0.807111620167539,0.9997906073000113
ATP5PB,171.59176531927037,-0.29778810636033404,1.2271609578354228,-0.24266426051037313,0.8082654959634032,0.9997906073000113
CA2,139.59692291129576,-0.2578407985198846,1.0626985568662233,-0.24262835105396935,0.8082933163950712,0.9997906073000113
PTPN2,278.2974782718582,0.18673309874993885,0.7696624288564101,0.242616882088675,0.8083022018929653,0.9997906073000113
KIF2A,177.31983579015431,-0.26810636604263893,1.106723390860736,-0.24225237151093695,0.8085846167005103,0.9997906073000113
MRTO4,77.77348565792379,0.23092031424829135,0.9535574395737705,0.2421671780480368,0.8086506263254583,0.9997906073000113
NT5E,126.9084061231677,-0.25698475725553843,1.0618365498643656,-0.24201912929853897,0.8087653407421882,0.9997906073000113
STK32B,27.401705165192972,0.35124043133152616,1.4516880909172456,0.24195309827856737,0.8088165056876562,0.9997906073000113
SPINK2,7.168327366571148,-0.51752020747944,2.1424539296054252,-0.24155488261759334,0.8091250852977485,0.9997906073000113
RBP5,39.82291668579329,0.2678657438232527,1.1135512167402726,0.24055089680327682,0.8099032113492368,0.9997906073000113
TBL1XR1,213.18753067297789,0.1701404696560612,0.7109679791883649,0.23930820323341725,0.8108666049277156,0.9997906073000113
EPHA4,56.94766709116565,-0.3270077375415769,1.3700697139145883,-0.2386796337591059,0.8113540102920203,0.9997906073000113
CBX1,43.4104132098958,-0.25212260056581,1.0567445497973504,-0.23858424499483719,0.811427983046471,0.9997906073000113
CYBB,131.6544489390312,-0.2656095553093388,1.1150963283817006,-0.23819426945366093,0.8117304215445373,0.9997906073000113
NME2,0.06800462446983267,0.756993089415766,3.1816542614070995,0.23792437116689816,0.8119397527466649,0.9997906073000113
STARD10,233.89856221893334,-0.24023999377157224,1.0128070651728982,-0.2372021306255011,0.8124999834790547,0.9997906073000113
SOD2,583.6535225057299,-0.16938079488116653,0.7141241230399445,-0.2371867710617755,0.8125118986965898,0.9997906073000113
ALDH1B1,228.74197057111232,0.20840607055875274,0.8786766471584695,0.23718175648881978,0.8125157887727047,0.9997906073000113
VNN1,257.50086589162487,-0.26377847783687813,1.1131788867780388,-0.23695964859731838,0.8126880945456176,0.9997906073000113
ITIH1,1701.407281333971,-0.23652861826458593,0.9982215720598161,-0.23695001679488098,0.8126955668633886,0.9997906073000113
UBE2V2,108.79893170714207,-0.18561522435432504,0.7852107748281448,-0.2363890439416725,0.8131307969891853,0.9997906073000113
DECR1,307.98987389392323,0.23615505978625426,0.9992396869136715,0.23633474818805578,0.8131729253511988,0.9997906073000113
MSMO1,388.9999979835974,-0.21907123568723455,0.9278484966328787,-0.23610668819557762,0.8133498842066909,0.9997906073000113
RNF44,103.77169737735582,-0.19078014210304747,0.810608596311384,-0.23535420543426103,0.8139338265735696,0.9997906073000113
PLBD1,57.33953197887279,-0.2965197192111072,1.2607194282425151,-0.23519881788802566,0.8140544234546899,0.9997906073000113
LINC01018,3.333155550782543,-0.5568047513717417,2.3679337849871063,-0.23514371681418175,0.8140971886718802,0.9997906073000113
STK39,113.60347460112114,-0.19087233210479787,0.814130251122814,-0.23444937937333102,0.8146361274537505,0.9997906073000113
ZBTB5,48.88096515652551,-0.29667601779701497,1.2667232657109821,-0.23420744358910758,0.8148239365646298,0.9997906073000113
KIF20A,67.18438975289452,0.32374788866278126,1.3833868313560096,0.23402556777661412,0.8149651295269893,0.9997906073000113
DAO,99.7304327472187,0.2809080671810228,1.201882827284519,0.23372333875149384,0.8151997678095324,0.9997906073000113
SERPINC1,1189.5290750976096,0.2242213236349882,0.9597552009863234,0.23362345252681094,0.8152773190437124,0.9997906073000113
SLIT3,297.13453443316945,-0.21635530222378252,0.9262204619475461,-0.23358942186275647,0.8153037407179106,0.9997906073000113
F11,235.5133214656749,0.2505985497631943,1.0741065895555455,0.23330882819263724,0.8155216038445829,0.9997906073000113
PRAP1,24.497689693150814,0.29712476256304976,1.2735858524224992,0.23329778828642453,0.8155301759208613,0.9997906073000113
PCK2,427.4035484728911,-0.1991355896567804,0.8546126767384159,-0.2330126794008847,0.8157515600036975,0.9997906073000113
TMEM185B,18.76037808933063,0.2463146144748145,1.0577955930369256,0.23285653305441226,0.8158728122513408,0.9997906073000113
TDO2,268.2744333731109,0.2591447228741289,1.114389141165809,0.23254419242009733,0.8161153672014283,0.9997906073000113
PTPN11,441.6573319217342,-0.22462503488133945,0.9660472915011511,-0.23251970877356556,0.816134381257511,0.9997906073000113
C9,1088.415003340239,0.2464406850953408,1.059892834201067,0.2325147195481367,0.8161382559147056,0.9997906073000113
NET1,128.52046364369625,0.23272108364108088,1.0028328053444135,0.23206369237308205,0.8164885444125585,0.9997906073000113
PHGDH,313.922936143582,-0.20717036560791965,0.8940314264685836,-0.23172604393364649,0.8167508017595468,0.9997906073000113
SNRPE,77.87974874820603,-0.29212630932869055,1.260672834215654,-0.23172253847322824,0.8167535246185872,0.9997906073000113
BLOC1S1,23.5183783042082,-0.33940964586701194,1.465119508409918,-0.2316600413268474,0.8168020695173839,0.9997906073000113
HMGCS2,1377.6424636506006,-0.24713219064175168,1.067436097095903,-0.23151942426727612,0.8169112969286247,0.9997906073000113
HCRT,3.923483179199457,0.590996975717607,2.5528888697876484,0.23150125440703836,0.8169254110289278,0.9997906073000113
EIF2D,112.77081435689388,0.2050549993865713,0.8871310110822891,0.23114398755647905,0.8172029431138783,0.9997906073000113
ACADS,90.33332493533662,-0.2852995397781539,1.2363048504114398,-0.2307679531332477,0.8174950789838024,0.9997906073000113
MSRA,59.629623939393596,-0.25512343595724396,1.107607419734274,-0.23033742047200317,0.8178295848974574,0.9997906073000113
ZNF185,46.49975685852649,-0.32986731355522564,1.4325144394455998,-0.23027154524382196,0.8178807701288197,0.9997906073000113
ALCAM,184.36013593908703,-0.21368878081297948,0.9293722864195472,-0.22992807504108617,0.8181476599832993,0.9997906073000113
RGN,70.6488109112263,-0.27723233525336405,1.2066573921197479,-0.22975231997406242,0.8182842367362226,0.9997906073000113
RPE,73.44146686315449,-0.20996329160326827,0.914278558382952,-0.22964914760182273,0.8183644130827054,0.9997906073000113
RIDA,180.36159114405115,-0.28642927137034363,1.2489022047237632,-0.22934483603838068,0.8186009078933516,0.9997906073000113
PHLPP1,185.1230556662395,-0.19519524722552212,0.8518519732325185,-0.22914221409245042,0.8187583840808363,0.9997906073000113
CSTA,27.548202988588766,-0.3309579933659567,1.4518052916158213,-0.22796307140994723,0.8196749494140939,0.9997906073000113
ARPP19,162.56055428420618,0.1885582173193818,0.8271567964880723,0.22795946079384094,0.8196777563793011,0.9997906073000113
LPP,683.4281887616509,-0.15593773218055634,0.6847732874770958,-0.2277216927591851,0.8198626070909047,0.9997906073000113
BHMT2,528.1643626250747,0.1361277911828374,0.6015337814213787,0.22630115778564877,0.820967197964861,0.9997906073000113
ACSM2A,792.2719081450889,0.18154337306229415,0.802623629620749,0.22618742628855318,0.8210556495895345,0.9997906073000113
AASS,474.34245486850966,-0.21932014687752996,0.9703452081618227,-0.22602280614442355,0.8211836825260783,0.9997906073000113
CD2AP,372.1717304239984,0.1904169685220133,0.8467540927119805,0.2248787105500094,0.8220736316557029,0.9997906073000113
FGF8,28.051229944080287,-0.4624557560619287,2.0601743107234456,-0.22447409117509762,0.8223884247906047,0.9997906073000113
PF4,6.632724926648393,0.48208312696796907,2.148170456949472,0.22441567679529276,0.8224338734345189,0.9997906073000113
IMPAD1,245.4078457990588,0.14584101928976131,0.6499972867502622,0.2243717354866366,0.8224680618626787,0.9997906073000113
EIF4B,960.1226455959271,-0.1940116961716221,0.8677617183488268,-0.22357715495998912,0.8230863414008202,0.9997906073000113
ATP5F1C,220.35061589251953,-0.22734337828847367,1.0170967584272876,-0.22352187872470394,0.8231293570734253,0.9997906073000113
GALNT7,121.64701879748709,0.2885344924516864,1.2956003934462006,0.22270330721666892,0.8237664272163454,0.9997906073000113
EIF3E,799.3656242965566,0.2095246349492093,0.9425922828759423,0.2222855403716323,0.8240916076621272,0.9997906073000113
RPS2P45,0.127405964729855,-0.717355028984589,3.2285340167136813,-0.22219218545350294,0.8241642771897536,0.9997906073000113
NAAA,71.02712641635311,-0.25068735245363843,1.1320446649845564,-0.22144652080230276,0.8247447730574162,0.9997906073000113
LPA,3801.8801134562423,0.2238890042791665,1.0147648851221054,0.22063140690193103,0.8253794444467211,0.9997906073000113
LARP4B,204.14881303066264,-0.1898718484106762,0.861787090202206,-0.22032338447553848,0.8256193094061348,0.9997906073000113
FABP5,51.22080938491609,0.29438441349231476,1.3370257474875626,0.22017856727553647,0.8257320878993364,0.9997906073000113
RPL28,852.7027947920303,-0.18943195150350683,0.8640694575483409,-0.2192323196343379,0.8264690803751037,0.9997906073000113
MCM7,197.45571987173142,-0.22176397018847563,1.0123030589846174,-0.21906875438163176,0.8265964899857653,0.9997906073000113
RPL6,533.6794665034788,0.21284598583064682,0.9744445383898779,0.21842801457160668,0.8270956399924281,0.9997906073000113
PLOD2,405.0313764504873,0.19227460116207384,0.8803651174426467,0.21840324809848,0.8271149350079957,0.9997906073000113
TBC1D1,249.71332644673242,-0.17094306067706053,0.7835876402266245,-0.2181543606629903,0.8273088435383045,0.9997906073000113
DUSP18,17.292309951872284,-0.2573701003267266,1.1807599285594943,-0.21796988033013065,0.8274525792046948,0.9997906073000113
PDHX,132.13435316840904,-0.21565254051337246,0.9906515259302782,-0.21768758727834436,0.8276725356800846,0.9997906073000113
F9,265.39928487264945,0.2444879868781636,1.1287965964851325,0.21659171159751436,0.8285265456065107,0.9997906073000113
ACTL6A,100.85840117996209,-0.273769271630257,1.265457883856765,-0.2163400893247305,0.82872266212159,0.9997906073000113
ABHD3,102.20382742773536,0.2630043866375776,1.216936756170242,0.21612001223898025,0.8288942008054017,0.9997906073000113
RND3,82.97920978822323,0.2562423332549418,1.1884133310925031,0.215617181792617,0.8292861616859266,0.9997906073000113
GRHPR,429.3197479521643,0.20890915988695147,0.9697724668964341,0.21542079922677543,0.8294392552174163,0.9997906073000113
PKLR,224.68081309205323,-0.22823326634937516,1.0615517610613745,-0.21499965872712604,0.8297675846346975,0.9997906073000113
CYP4F11,143.24504698126222,0.21613205161776342,1.0074795057911825,0.21452749199898913,0.8301357304521022,0.9997906073000113
PLPP3,108.44051417920737,0.2144144990616632,1.0001426994350886,0.2143839065992994,0.8302476906017238,0.9997906073000113
R3HDM1,427.20935994840113,-0.15788097613955054,0.7414317789134782,-0.21294066511542734,0.8313732435141243,0.9997906073000113
HYDIN2,442.38521598959926,-0.2131946656113841,1.0018049876028294,-0.2128105452155187,0.8314747382534086,0.9997906073000113
DHX15,288.2720037166637,0.1802768266709247,0.8481645337663112,0.2125493574582725,0.8316784756287952,0.9997906073000113
NSMCE3,36.49829350169863,-0.27001456717177114,1.2705215951903461,-0.21252261133847022,0.8316993393596086,0.9997906073000113
PRR11,62.336240086869616,0.24364481617389647,1.1525715492106494,0.21139235680488483,0.83258112037763,0.9997906073000113
IMPA1,122.1206627478318,0.22300746712250677,1.0576549472816128,0.21085087125596214,0.8330036412495998,0.9997906073000113
RNASE4,0.2124047232924779,-0.6701524587187517,3.184073340136733,-0.21047017047979602,0.8333007307424765,0.9997906073000113
ASCL1,2.9007245348545925,0.4998238508779481,2.375342696136574,0.2104217853242385,0.8333384910300011,0.9997906073000113
ROCK2,473.02622971862223,0.1772944644693487,0.8426384251237751,0.21040396353074683,0.8333523994431609,0.9997906073000113
PRMT3,73.18864056794415,-0.25512132705497576,1.213082531138374,-0.21030830179012328,0.8334270562893096,0.9997906073000113
LAPTM4B,152.16531382469154,-0.1971814571558505,0.9382818980979504,-0.2101516160074806,0.8335493410885277,0.9997906073000113
RNASE6,22.82031011735894,-0.30090745797337615,1.4342604955894473,-0.20979972529307533,0.8338239874764796,0.9997906073000113
RBX1,54.77277394673639,0.27329663989758773,1.3060033385734917,0.209261823324358,0.8342438525442373,0.9997906073000113
MYRIP,123.45491334839538,-0.26500446754285834,1.266788873856444,-0.20919387043250065,0.8342968972572435,0.9997906073000113
CHKA,115.70902397286243,0.16451329842606913,0.7907095409112487,0.20805781379149255,0.8351838260346172,0.9997906073000113
ACAT1,474.8913729210849,-0.1899911072354386,0.9142377474143576,-0.20781367622674787,0.835374453649429,0.9997906073000113
HNRNPC,774.185891741993,-0.160712766278629,0.7736144312490771,-0.20774272012886616,0.8354298594395677,0.9997906073000113
G6PD,114.06224765088139,0.2056142029118271,0.9978274329562753,0.20606188617469803,0.8367425702560833,0.9997906073000113
PCSK6,826.381630948077,-0.07754563525043472,0.3770661555066364,-0.2056552520505116,0.837060214996215,0.9997906073000113
MTTP,408.1245128182126,0.23502484888713412,1.1434514075936588,0.20553986581881353,0.8371503544994567,0.9997906073000113
CLDN10,34.10894949370476,-0.32790816635870546,1.5954102088605853,-0.20553219763642597,0.8371563449446232,0.9997906073000113
SNX10,38.06847944142233,-0.2257182181429466,1.0987330066985361,-0.20543500265017325,0.8372322752602772,0.9997906073000113
LMO7,384.5867523281495,-0.19570161451924667,0.9555139777963556,-0.20481292693444583,0.8377182868769528,0.9997906073000113
SRGN,117.04855787031747,-0.2190042773954895,1.0716084689854706,-0.20436967767045414,0.8380646238194667,0.9997906073000113
SSR3,247.84849685991043,0.1570703242569638,0.7692601002744365,0.20418363593916852,0.8382099986114606,0.9997906073000113
FHOD3,174.34316487452892,0.2402294270603885,1.1819765089749164,0.20324382526750082,0.8389444599897534,0.9997906073000113
GAMT,161.29947638822617,-0.20787408675394625,1.024765395081093,-0.20285041605790807,0.839251950704394,0.9997906073000113
SLC7A2,284.62579275850874,0.19756374715369987,0.9764989331221385,0.2023184464954136,0.8396677799399349,0.9997906073000113
RHAG,65.40319789070746,0.2948384211137952,1.4581386094411601,0.20220191633687945,0.839758875053744,0.9997906073000113
GYPC,56.80964799008539,0.2531497394915367,1.253339673916375,0.2019801533135121,0.839932239776898,0.9997906073000113
TTC1,80.808811920642,0.2400555242031787,1.1943230798052125,0.20099714077561864,0.8407008097774434,0.9997906073000113
RSU1,207.01230105289227,-0.18865878908875916,0.9386909434230155,-0.20098072790688595,0.8407136434973843,0.9997906073000113
APOH,4042.21983517935,-0.18885780233114352,0.9397723782580224,-0.20096121858913693,0.8407288984798084,0.9997906073000113
ACVR1B,81.34151537959836,-0.15190120422763875,0.7577742746525626,-0.2004570613027013,0.8411231365056582,0.9997906073000113
CENPE,237.21305384901385,-0.2187485058800878,1.0926630932258614,-0.20019757895755236,0.8413260605601522,0.9997906073000113
EFR3A,526.2792514111503,-0.20079305072072084,1.0038398878900272,-0.20002497723294113,0.8414610468416726,0.9997906073000113
C6orf106,118.02255766883776,-0.18847429942062002,0.9426346560237467,-0.19994416523539318,0.8415242489191276,0.9997906073000113
GTSE1,57.666480884068946,-0.2544534679513032,1.2792430172137055,-0.1989094054275343,0.8423336120597176,0.9997906073000113
CDH17,67.9566304998378,-0.2746711420534506,1.3817391545564295,-0.1987865373487418,0.8424297274679517,0.9997906073000113
AMT,18.793134148085212,0.2406332666129637,1.215815679834495,0.197919199928167,0.8431082819472677,0.9997906073000113
FANCA,265.5315344571683,0.23066286074222256,1.168982669890038,0.19731931591759197,0.8435776645726538,0.9997906073000113
GNAZ,20.915316601524502,0.3144340864151341,1.595371444618915,0.19709145946901585,0.8437559667046169,0.9997906073000113
LEF1,51.979684694423874,-0.2544560849078587,1.2935769083247797,-0.1967073494202883,0.8440565584602189,0.9997906073000113
GNB1,871.3232922074848,-0.13101771773641463,0.6686504496021428,-0.1959435125099701,0.8446543792848964,0.9997906073000113
CRYAA,29.649983738537248,-0.2779755652846926,1.4269314028407638,-0.1948065371126413,0.8455444044615238,0.9997906073000113
FMO4,90.15498272341314,-0.25363872494024786,1.3034372711668505,-0.19459219906546624,0.8457122105624872,0.9997906073000113
SYNGR1,41.092005991720484,-0.27578242427463046,1.420588501040245,-0.19413251907409154,0.8460721194294363,0.9997906073000113
NUP133,179.05916353412607,-0.19238398663475217,0.9935430651137325,-0.19363427051119284,0.8464622620346971,0.9997906073000113
ZCCHC10,34.590620309142,-0.23891170869098735,1.236767743595196,-0.19317427215273902,0.8468224870770101,0.9997906073000113
GNPAT,264.0676403932392,-0.21228398805617568,1.0991525276129206,-0.1931342399923352,0.8468538378055317,0.9997906073000113
AHCY,248.83251011755206,-0.20470617261829474,1.061669138559526,-0.19281541224419532,0.847103532758321,0.9997906073000113
ITIH4,26.43090040111815,0.24481590682707988,1.2704859281717302,0.19269470160868113,0.8471980731936712,0.9997906073000113
PNMA1,20.077932087752142,-0.29398617200017085,1.5293804241130513,-0.19222566692042312,0.8475654415003094,0.9997906073000113
CD37,110.77370205495924,-0.16517723982576712,0.8649034444937591,-0.19097766447496095,0.848543092244646,0.9997906073000113
PABPC1,3885.3778183295885,0.17801369791640986,0.9329306410740101,0.19081128872718406,0.8486734440599777,0.9997906073000113
CCND2,77.57882780222748,-0.20606106724864015,1.0801333383211593,-0.19077373129591468,0.8487028700711898,0.9997906073000113
SKA1,29.90608868580308,0.2624036788262214,1.3783877603840948,0.19037000063980639,0.8490192038080511,0.9997906073000113
ARID5B,319.275876308101,0.17255112712557977,0.9064129941794734,0.19036700514403035,0.8490215509498129,0.9997906073000113
ABCA8,463.9597045646547,-0.16399898009439073,0.8656167932739941,-0.18945910172803226,0.8497330066359017,0.9997906073000113
MCM6,118.06575580776689,0.23475638074638344,1.2399045525873251,0.18933423565266716,0.8498308643829634,0.9997906073000113
BUB3,104.44976452935998,-0.20584144574148996,1.0883219884607687,-0.18913653121408935,0.8499858104050421,0.9997906073000113
FXYD6,49.95171809942601,-0.20124313164742752,1.072359996828533,-0.18766378104610115,0.8511402243015388,0.9997906073000113
MYH2,287.14608210237435,0.2668426363862075,1.4247276809345994,0.1872937824940432,0.8514302975834542,0.9997906073000113
DYNLL1,184.3020409603972,-0.16828161262584776,0.9018773010923129,-0.18659036259370615,0.851981823576702,0.9997906073000113
LPCAT1,147.3956993564993,0.22176572247083318,1.190817125574148,0.18622987334340668,0.8522644981769102,0.9997906073000113
SLC6A2,70.80317731265998,-0.31702749704737476,1.7026957752263776,-0.1861915097576519,0.8522945817764815,0.9997906073000113
RPL17,0.131313624426339,0.5888521651803647,3.166463188310041,0.18596526476426156,0.8524720008384246,0.9997906073000113
RPS19,537.0257261099152,0.14878648033453157,0.8006476469410708,0.18583265797755166,0.8525759932252639,0.9997906073000113
CCL14,0.03633096793562347,-0.5991221374144429,3.2279778103303123,-0.18560292933151729,0.8527561562093511,0.9997906073000113
SRI,58.93939984069741,-0.20696285271929055,1.1180869973162781,-0.18510442677185168,0.8531471295473882,0.9997906073000113
PHF3,780.8184064150965,-0.15396938661824405,0.8322365102903415,-0.1850067675648223,0.8532237274579294,0.9997906073000113
TCIM,66.8686621116087,0.1846884504233437,0.9994876664956112,0.18478312100728128,0.8533991473551679,0.9997906073000113
C5orf22,93.41328321130017,0.19723584706474911,1.06857828831672,0.18457781635770013,0.8535601869361553,0.9997906073000113
MPDZ,401.34727442057374,-0.17936780740728978,0.9794361500159691,-0.18313374220909173,0.8546930810012722,0.9997906073000113
FDX1,36.3310928667642,-0.20972689605462105,1.1457063606654865,-0.18305466675841847,0.854755125346298,0.9997906073000113
HIF1A,659.4843997966539,-0.18937007169151923,1.036877179294056,-0.18263500776480518,0.8550844140828326,0.9997906073000113
GAB1,215.91539001065226,-0.17373399009113744,0.9523023574431678,-0.18243574504802762,0.8552407759844742,0.9997906073000113
C8B,488.6255123613358,0.17812209207133517,0.976649564568574,0.18238076228500547,0.8552839220830586,0.9997906073000113
RRP1B,132.82471847022762,-0.18989146306792581,1.0413924797003251,-0.18234380098708763,0.8553129266126152,0.9997906073000113
FKBP2,116.66645653787147,-0.18849118948714352,1.0396755832263607,-0.18129808233277012,0.8561336111645329,0.9997906073000113
IGFBP6,38.27655182382132,0.23172460292377872,1.2808161109598466,0.18091949417322975,0.8564307672107458,0.9997906073000113
LSP1,175.93487125022656,-0.16051430375258235,0.8881385756356979,-0.18073114731863996,0.8565786093357991,0.9997906073000113
MYO1B,1233.287051702999,0.14573791116039586,0.809746430717135,0.17997968948294854,0.8571685132621065,0.9997906073000113
GOLGB1,930.0285821353758,-0.14612496934155284,0.8131739444563469,-0.17969706277203176,0.8573903994775909,0.9997906073000113
PTGES3,394.4168334712519,0.1669247720499766,0.9302496917320833,0.1794408249027959,0.8575915779289074,0.9997906073000113
ACTR3,547.1501362478516,-0.1764191279512734,0.9844002342820202,-0.17921483742834138,0.8577690137522225,0.9997906073000113
ATM,849.4341238933665,0.12531133820147977,0.6994641808700699,0.17915333140519626,0.8578173069291618,0.9997906073000113
THAP11,19.881528561057262,0.25557791894400134,1.4279500433717853,0.17898239516874911,0.8579515250973807,0.9997906073000113
CYB5A,717.6253748542507,0.13941091753637136,0.7795279917671923,0.17884016867736383,0.8580632036657423,0.9997906073000113
SLC6A5,104.75958556225383,0.27164749274645655,1.5297980594714504,0.17757081796816473,0.8590600441680569,0.9997906073000113
PNPLA4,7.408746432343532,0.2422327865964884,1.3642846565429436,0.17755296553015482,0.8590740655664131,0.9997906073000113
SLC7A1,81.16753441971015,-0.19095937449149403,1.0763012105782235,-0.17742187095460435,0.8591770292941519,0.9997906073000113
ALDH3A2,246.0812654933712,0.1566197551942364,0.8829399018817411,0.17738438919845498,0.8592064684913361,0.9997906073000113
NUP107,195.95050451215107,0.165969885067375,0.936013419593988,0.17731571107107347,0.8592604106802183,0.9997906073000113
FMNL2,226.47710969594138,-0.11112436317082823,0.6289692584248635,-0.1766769387888981,0.8597621560734882,0.9997906073000113
SLC1A5,105.23063889431549,-0.15197686504969057,0.864735813403525,-0.1757494748037818,0.8604907649220918,0.9997906073000113
ALDH8A1,112.21219230556221,-0.19512777433585793,1.1104244129537333,-0.1757235990667904,0.8605110944156457,0.9997906073000113
DRAM1,62.18358500176822,-0.16514168999644574,0.94148911815681,-0.1754047782514471,0.8607615862915955,0.9997906073000113
ACAA2,222.46582150103805,0.17847625131407108,1.01824573570836,0.17527817211030206,0.8608610623849038,0.9997906073000113
CA8,43.64768932930873,-0.25569045351729436,1.4589078102525115,-0.17526155643312297,0.8608741177026742,0.9997906073000113
HIPK2,605.0769892349666,-0.14212755748407252,0.8140944675698174,-0.17458361792869392,0.8614068218798628,0.9997906073000113
CDC7,67.73046807897948,0.2276001608870738,1.3057506341145626,0.17430599299797456,0.861624989612309,0.9997906073000113
TGM1,75.58262282120836,-0.28442313095501176,1.6461720279590148,-0.17277849831262782,0.8628255387060977,0.9997906073000113
PTP4A3,100.99082438047309,-0.16797524538760208,0.9738388855217615,-0.1724877162792741,0.8630541176205362,0.9997906073000113
ABCC3,512.551751225957,0.14279154860442092,0.8293986973110241,0.17216273556657657,0.8633095931133135,0.9997906073000113
FGG,6510.171067488723,0.17631914035120164,1.0243701141910724,0.1721244479007842,0.8633396929498649,0.9997906073000113
EIF3H,471.4407489902947,0.1438933591614701,0.8362296874942821,0.17207396641542222,0.8633793792570594,0.9997906073000113
HSD17B10,112.19650216122513,0.19062271904816547,1.1094716027640483,0.17181396853534903,0.8635837835290099,0.9997906073000113
RALY,206.97626887283363,0.1110579430618559,0.6487912160461652,0.1711767057184595,0.8640848232901405,0.9997906073000113
DDX39B,100.90845500478915,-0.15783182820982658,0.9236696181447532,-0.1708747642115169,0.8643222400448751,0.9997906073000113
P3H4,67.9144643556925,-0.15464235944580526,0.9070800032517654,-0.17048370473545027,0.8646297485057008,0.9997906073000113
KIF14,150.93114010683627,-0.19908420147823455,1.1678900274655124,-0.17046485267990136,0.8646445732821154,0.9997906073000113
SOAT1,286.14546503186983,0.13778463964970833,0.8107860394542085,0.16993958078318655,0.8650576528637199,0.9997906073000113
SRRT,314.00890268982346,0.1558435049765283,0.9180065853737459,0.1697629488279543,0.865196566461169,0.9997906073000113
ASGR2,484.8084271515842,-0.1548685887828074,0.913142983322602,-0.16959949494360213,0.8653251197715918,0.9997906073000113
SPTBN1,4306.620085285903,0.12432276364190535,0.735038613742083,0.16913773143015973,0.8656883070644612,0.9997906073000113
PPP4R1,272.87702351990305,0.1867217968740048,1.1042760031267886,0.16908978945960682,0.8657260161193373,0.9997906073000113
GIMAP5,1.6035919365810207,0.5108505764399703,3.0335107786605087,0.16840242666470562,0.8662666991664518,0.9997906073000113
SUB1,309.7195365217459,-0.17577445181511542,1.0444545446231628,-0.16829306044959047,0.8663527329617802,0.9997906073000113
OTC,177.36071046596985,-0.21503242708952724,1.2777640119152973,-0.16828806030246976,0.8663566664047934,0.9997906073000113
STK26,56.73722217875373,-0.23447451032421926,1.3948978886134558,-0.16809439044838584,0.8665090223347626,0.9997906073000113
LRRC31,38.890524833832956,-0.24184741379277214,1.4477622733136035,-0.16704912004595723,0.8673313996788276,0.9997906073000113
PHF21A,191.6029451222673,-0.14800824606237878,0.8871234671236885,-0.16684063892736872,0.8674954415698075,0.9997906073000113
GTF3C2,129.92138893013305,0.16364700901705248,0.9836696862807985,0.1663637817647842,0.8678706746899111,0.9997906073000113
GGCX,453.99409842574397,0.11944219400866367,0.7184760367790138,0.16624381036301877,0.8679650834216622,0.9997906073000113
MUT,297.8165900728154,0.16639007007526796,1.0009081479448985,0.16623910037789802,0.8679687898744063,0.9997906073000113
PRUNE1,92.5800826855759,-0.2147770884107527,1.3083080264337987,-0.16416400730659322,0.8696020346606195,0.9997906073000113
SLC16A2,120.76523173386853,0.1600915133999966,0.9794527720306452,0.1634499569265476,0.8701641717678168,0.9997906073000113
DDX1,335.27247394205784,0.17584367118995808,1.0777341744118272,0.1631605226640648,0.8703920479775894,0.9997906073000113
DOCK4,418.3467319769722,0.15047547596055316,0.9237530061428633,0.16289579028150014,0.8706004854269607,0.9997906073000113
RPS27A,558.3369244727469,-0.15240267927250675,0.9388906107011447,-0.1623220826105562,0.8710522258743317,0.9997906073000113
HMGB3,1152.9022070480191,0.07714834609672772,0.4788169721699676,0.16112283102058053,0.8719966586205117,0.9997906073000113
VIPR1,37.401423922240646,-0.21420767916753375,1.3375256174710284,-0.16015220670879868,0.8727611768635092,0.9997906073000113
SMAD3,249.0105608191599,-0.15777160750805094,0.9902883843025075,-0.15931885096195955,0.8734176695264151,0.9997906073000113
VSIG2,14.810032629892877,0.26631734427913156,1.6733346582643598,0.15915366538535997,0.8735478081349367,0.9997906073000113
BTG1,287.71748520795074,-0.16577381039509295,1.0422243309149755,-0.15905770521549717,0.8736234102716014,0.9997906073000113
DST,4001.8720219694214,-0.1271148568471937,0.7994432906606087,-0.1590042199768218,0.8736655490714103,0.9997906073000113
PROS1,362.1134065075292,-0.15595944512461513,0.985765565992082,-0.15821149622695163,0.8742901451681591,0.9997906073000113
SRM,46.64600909574892,0.1833538800524512,1.1700528073302654,0.15670564516725846,0.8754768378525605,0.9997906073000113
TGIF1,123.18751074305213,0.1499873052171464,0.9576649284746236,0.15661772793125817,0.8755461301032277,0.9997906073000113
RAB11FIP2,51.35665963134922,-0.205783942953744,1.3185208408930862,-0.15607181666871373,0.8759764131459588,0.9997906073000113
LRRC1,53.28850927995395,-0.16778205700665688,1.075555413758706,-0.15599573472492206,0.8760363832603566,0.9997906073000113
IRF1,88.6301449320113,0.14209306780844985,0.9120322844787678,0.15579828721705496,0.8761920207428536,0.9997906073000113
COL11A1,487.6715279869629,0.15784678607167993,1.0138156986786089,0.15569574063354402,0.8762728547089252,0.9997906073000113
CXCL2,67.61658069258817,0.18979023809477377,1.219590008664005,0.15561806569953676,0.8763340840630468,0.9997906073000113
UGT2B15,574.4147310429674,0.15286744029621047,0.9866615562482911,0.15493401899378528,0.876873334180037,0.9997906073000113
GTF3C3,130.31805949973332,0.17133005496614426,1.1058777181718744,0.15492676283357062,0.8768790546886924,0.9997906073000113
AKR1C1,2546.537158663947,0.14449875231775539,0.9375196055071119,0.15412877924786955,0.8775081968440891,0.9997906073000113
KDM3A,287.77493813789283,0.13017578883994424,0.8449173041068307,0.15406926595917478,0.8775551211138188,0.9997906073000113
ZNF37BP,59.1137543787151,-0.15138163490404444,0.9829196187642792,-0.15401222237720777,0.8776000985049128,0.9997906073000113
CD3D,48.707529645164634,0.18769722060948832,1.2209671289840014,0.15372831598314696,0.8778239572385853,0.9997906073000113
PCCA,284.7288420057995,-0.12833840005845132,0.8371826622089391,-0.15329796692137107,0.8781633038876301,0.9997906073000113
CCT8,129.547777008142,0.15102920453121244,0.9890799503660371,0.15269665963334894,0.8786374951000698,0.9997906073000113
BDH1,289.37959256017757,0.07446838663793146,0.48866416327273415,0.15239174925207075,0.8788779642190693,0.9997906073000113
NF1,957.5933512812179,-0.12494111553340995,0.8230025955285092,-0.15181132624882704,0.8793357486270732,0.9997906073000113
CPS1,4765.0968573125365,-0.13433594349159364,0.8856829698155748,-0.15167497634008514,0.8794432947810358,0.9997906073000113
CYFIP2,246.2423340838315,0.15192211812537465,1.0026782010945654,0.15151632693273887,0.8795684324906669,0.9997906073000113
CDO1,155.6421757481928,0.1569385212191083,1.0408520786291813,0.15077889014335144,0.8801501390928536,0.9997906073000113
SULT2A1,749.5037385616187,0.12390757855210996,0.8220218434363086,0.1507351410932555,0.8801846513558094,0.9997906073000113
PLA2G16,47.96960934900709,-0.15250344983675468,1.0139377484248795,-0.15040711332985088,0.8804434294874863,0.9997906073000113
CEP55,39.476038611006246,0.20080434607238407,1.3405465236144567,0.14979289605776913,0.880928014245496,0.9997906073000113
ALS2,340.2395610442613,0.14447241773203287,0.9674714255632012,0.1493299067183613,0.8812933176892734,0.9997906073000113
HSPA4,476.69449754246335,0.14302691878182758,0.9773801839071175,0.14633703561501687,0.8836553303468454,0.9997906073000113
MTIF2,241.1379037032522,-0.13704570951156445,0.9370719892756681,-0.14624885929788292,0.8837249360320192,0.9997906073000113
LDHAL6A,12.847069163776656,0.2447147494164725,1.6774882780933729,0.14588164496422854,0.8840148217605877,0.9997906073000113
TMEM204,21.25207351509369,-0.21330451651306906,1.4642830257932367,-0.1456716445903735,0.8841806068887879,0.9997906073000113
SUCLG1,125.84160636047056,-0.15324122474953503,1.0534398174929869,-0.14546746971670757,0.8843417979292326,0.9997906073000113
PODXL,217.3618539130824,-0.12402942118633474,0.8538905381242741,-0.14525213203414564,0.8845118069199416,0.9997906073000113
RAD51AP1,27.11415430051711,-0.2292314463842257,1.580315649256211,-0.1450542152715601,0.8846680667931526,0.9997906073000113
SPINK5,183.1545020565713,0.18190579109807067,1.257856211984948,0.1446157274296209,0.8850142790825207,0.9997906073000113
LIMA1,259.161333797586,-0.12960355982144126,0.9009142268937429,-0.143857823478158,0.8856127411625995,0.9997906073000113
SLPI,40.55318144038528,0.21330778126663144,1.4830303603352417,0.1438323765795414,0.8856328358769867,0.9997906073000113
MRPL3,127.85375884797688,0.15450850387432025,1.0755418714247251,0.1436564284286295,0.8857717792933891,0.9997906073000113
RRM1,120.80598134535983,0.16114225250717873,1.122252532803347,0.1435882279585069,0.885825637049161,0.9997906073000113
RPS3,906.0633990301195,0.13634735162698372,0.9526962382699755,0.14311734018660577,0.8861975104281842,0.9997906073000113
HAO2,72.07666288886037,0.17782831970575427,1.2449149472758845,0.14284375016532425,0.8864135837146452,0.9997906073000113
CENPA,22.138665941671228,-0.20332846685455858,1.4312577191638178,-0.1420627914400692,0.8870304081606939,0.9997906073000113
ADRB2,17.758921414613514,-0.22667739500307393,1.596061031890654,-0.14202301194870823,0.8870618290218821,0.9997906073000113
CCT3,407.75060326741266,0.12649195034254557,0.8937287777553685,0.14153281564932327,0.8874490378174595,0.9997906073000113
ELF4,60.658128537492644,-0.15971332308719857,1.1450403387447006,-0.13948270439300955,0.8890687222303781,0.9997906073000113
TUFT1,91.49621770245093,-0.14259719407769958,1.0302767593516577,-0.13840668808974638,0.8899190115589118,0.9997906073000113
KIF2C,94.29123496610173,0.17979274867977327,1.3002924715606075,0.138271006417492,0.8900262389066103,0.9997906073000113
F2,1770.093591120867,-0.12508889445283924,0.9073488449277771,-0.1378619647251505,0.8903495110609068,0.9997906073000113
NUP155,373.9527914387296,0.11972970981547802,0.8708971592979551,0.13747858577469027,0.8906525180937105,0.9997906073000113
GNPDA1,68.52422925496226,0.16003233011691928,1.1671049049734314,0.13711906224964612,0.8909366852864541,0.9997906073000113
NFE2L2,288.23758146471226,0.1280282652236505,0.9342896250726154,0.13703273780194208,0.8910049181685793,0.9997906073000113
MAPK6,170.27439186728947,0.12224286816665951,0.8976274457146809,0.1361844145366245,0.8916754957740025,0.9997906073000113
CENPF,605.1683209629088,0.1460231650371129,1.0748140930527197,0.13585899736611518,0.8919327502185106,0.9997906073000113
SLC30A10,73.85646360490276,-0.14864187976101872,1.1013368402723251,-0.1349649574277969,0.892639580696606,0.9997906073000113
DPYS,502.97096664693373,0.13612378130973057,1.0090614328547687,0.13490138149925948,0.8926898472585553,0.9997906073000113
FH,260.65065520268774,0.1459480899450755,1.0864954901868846,0.13432921835687642,0.8931422497082641,0.9997906073000113
DHRS3,216.44868434973418,0.13942525264889483,1.0390500251777275,0.1341853128053641,0.8932560395589224,0.9997906073000113
RPL10A,639.2782965853377,-0.13343118322733552,0.9996749262324686,-0.1334745723094258,0.8938180726777674,0.9997906073000113
DENND5B,247.55699669156982,0.11281237677591162,0.8488835083408944,0.13289500345742192,0.8942764185177268,0.9997906073000113
POLR2E,116.76882784114706,0.10962403490606876,0.8253784677638554,0.13281668857083961,0.8943383557207005,0.9997906073000113
EXT1,339.9436629277155,0.10385981186454123,0.7830061794100232,0.13264239107639889,0.8944762053789311,0.9997906073000113
HAGH,195.56845073236263,0.1133659803672365,0.8548336449031733,0.1326175929587767,0.8944958181519358,0.9997906073000113
HIST1H1E,458.0325022412343,-0.131814341122408,0.9943572631160068,-0.13256235561587068,0.8945395054685831,0.9997906073000113
LEAP2,158.56905760016343,-0.12033440236056547,0.912342990747368,-0.13189601233412296,0.8950665427698548,0.9997906073000113
ARHGAP6,38.85319725297695,-0.17293378188490766,1.3113198023590305,-0.13187765606361182,0.8950810621281254,0.9997906073000113
SRPX,31.27711102563577,-0.19552247853579086,1.4865717784731574,-0.1315257570250728,0.8953594123981324,0.9997906073000113
CTGF,478.15388643954924,-0.12426509515548759,0.9453810937202419,-0.1314444470922117,0.8954237299566358,0.9997906073000113
SCG5,6.883976886894404,-0.2645470633570528,2.013905306810573,-0.131360229531356,0.895490348223724,0.9997906073000113
PPFIBP2,235.92780849186676,-0.12310848675677168,0.9413448993049957,-0.13077936349117514,0.8959498483195554,0.9997906073000113
PROCR,38.03654576951486,0.1347684694313592,1.0328998787181058,0.13047583043442254,0.8961899751831673,0.9997906073000113
UCK2,39.09132470681583,0.1604248950726301,1.2306762463314338,0.1303550755536611,0.8962855077557662,0.9997906073000113
SOD1,815.5675595304549,0.11231090144938391,0.8616073214869304,0.13035044926911932,0.8962891677691245,0.9997906073000113
SLC44A1,315.2770963211277,0.08643392283111043,0.669304207262608,0.12913996639079434,0.8972468981605913,0.9997906073000113
SYBU,94.56249697837822,-0.11300339369356865,0.8786742367851773,-0.1286066996877209,0.8976688647537353,0.9997906073000113
CMBL,232.2063240764675,-0.11067025247112933,0.8606491456856742,-0.12858927825107985,0.8976826505852756,0.9997906073000113
RBM3,343.2532448979587,-0.09955802031660452,0.7751150047413904,-0.12844290164376457,0.8977984817039101,0.9997906073000113
ACADSB,402.7117795384258,0.11395436997265834,0.8912009213777172,0.12786608186680848,0.8982549534107165,0.9997906073000113
LGALS3BP,343.16188204618703,-0.11333264747585384,0.889039061837691,-0.12747769174684995,0.8985623285286223,0.9997906073000113
PRG4,3260.2048515253873,-0.09733726414726504,0.7647786215373786,-0.12727508511102867,0.8987226791206292,0.9997906073000113
RPF1,87.39727835527005,-0.15665229874816425,1.2345637805410703,-0.12688878551054567,0.8990284227589511,0.9997906073000113
CD24P4,7.023634063406005,0.2074950629462315,1.6443330231065119,0.12618798019042823,0.8995831257266462,0.9997906073000113
UBE2L6,144.71000178438226,-0.13176001179598468,1.044488534145275,-0.12614787763448876,0.8996148692763438,0.9997906073000113
CCT4,227.1069463675962,0.1509425652623993,1.1992797004592144,0.1258610190805382,0.8998419395021385,0.9997906073000113
GSS,125.17470681623188,0.10994285259453128,0.8744761409126712,0.12572424500888768,0.8999502094045476,0.9997906073000113
TF,6955.431192128548,0.09912109930682478,0.790090440003465,0.12545538369808662,0.9001630445534144,0.9997906073000113
NUDT7,15.324086756829953,-0.19406791418153096,1.549252634660553,-0.1252655053409362,0.9003133597901273,0.9997906073000113
KIF11,92.13459548493121,-0.14577484798957469,1.1694828108041417,-0.12464898726415587,0.9008014445694383,0.9997906073000113
PCCB,331.36332991286156,-0.1125930367586501,0.9039971929634285,-0.1245502061677365,0.9008796510387472,0.9997906073000113
CES2,354.45689400486714,-0.1257852222468983,1.0125465542754373,-0.12422660638740535,0.90113585655278,0.9997906073000113
UAP1L1,47.908571559804955,0.1482235138421935,1.1954114453101166,0.12399372151212841,0.9013202462085151,0.9997906073000113
ASAP1,447.62586047247777,0.11984283842877937,0.9686977930952265,0.12371540358923723,0.9015406150590186,0.9997906073000113
CDA,23.23747413959623,0.1999360240453068,1.6175646122702498,0.12360311453939193,0.9016295263542212,0.9997906073000113
ADH6,252.23070712852873,-0.14320197745788266,1.1613601853180646,-0.12330539592130375,0.901865268115249,0.9997906073000113
NLGN1,34.06339023777446,0.19069799391651157,1.5592172795917265,0.12230366890652014,0.9026585264470447,0.9997906073000113
SLC27A2,125.94346366386635,-0.13927385255371505,1.1527501316214184,-0.12081876959564279,0.9038345830236305,0.9997906073000113
MKI67,465.6166725192406,0.1193283857828165,0.9898141924959416,0.12055634955275281,0.904042444595467,0.9997906073000113
ADH4,723.5872539507194,-0.1387957103511821,1.1530813659486645,-0.12036939842228038,0.9041905316403894,0.9997906073000113
RBM47,190.1185806262101,-0.09306847025252736,0.7748644278253655,-0.12010935966401416,0.9043965181296659,0.9997906073000113
AQP7,52.97698149219434,-0.1199270670334739,1.0052696375444818,-0.1192984076654432,0.9050389449904125,0.9997906073000113
GLA,46.140854669862094,-0.16213963300114906,1.3616386297001803,-0.11907684569499224,0.9052144746671482,0.9997906073000113
AFM,506.4258292222163,-0.13798431440044176,1.1638993763361156,-0.11855347395649268,0.9056291277010511,0.9997906073000113
GLUD1,538.9672435743036,0.11961206184813629,1.0111295074819115,0.11829549129271759,0.9058335297440888,0.9997906073000113
AZGP1,986.972820129481,-0.11489233381732508,0.9725955003216878,-0.11812961686469269,0.9059649568784436,0.9997906073000113
PPARG,83.47072440742637,0.13244949336891923,1.1268242065234717,0.11754228618992693,0.9064303367353853,0.9997906073000113
POLD4,40.620605295013384,0.09517552684921374,0.811938446728,0.11722012577770888,0.9066856187989363,0.9997906073000113
GLYAT,66.63411477698341,0.147865537132753,1.2617124056874987,0.11719432769798442,0.9067060617869689,0.9997906073000113
SLC7A7,131.38576615268767,0.10885197099722084,0.9290695057512118,0.1171623547252335,0.9067313979871404,0.9997906073000113
SLC10A1,88.52011161054153,0.13389756887249055,1.1437835760645905,0.11706547608699815,0.9068081676736496,0.9997906073000113
PAPOLA,489.30073629461384,-0.0847523700666523,0.7264137960501251,-0.11667230238122307,0.9071197398402924,0.9997906073000113
SIX1,10.666540396953716,0.16698955765852921,1.4333831611310188,0.1165002925852465,0.9072560542280074,0.9997906073000113
MELK,99.56291411106145,0.14752357428191837,1.2712382281052794,0.1160471507388472,0.9076151733152854,0.9997906073000113
CSNK2A1,410.2610454081948,0.0736387536110988,0.6348485762402591,0.11599420140028813,0.9076571373875013,0.9997906073000113
MYCBP2,835.0919709298906,0.07354053765323922,0.6343497104792541,0.1159305922874608,0.9077075500181596,0.9997906073000113
BAMBI,48.90544512533207,0.12906525396175494,1.1232249116950015,0.11490597530194478,0.9085196488632417,0.9997906073000113
ADSL,53.6241536121293,-0.100139925512442,0.8783540764278461,-0.11400860791777535,0.9092309698076183,0.9997906073000113
CDK2AP1,36.66569273745496,0.0935438230838255,0.8217496767025353,0.11383493749482469,0.9093686424820241,0.9997906073000113
ME1,51.73496434856803,-0.12985601920293277,1.1433798335221357,-0.11357207412248695,0.9095770257047062,0.9997906073000113
MED24,218.0525607419057,-0.08163427764899041,0.7226449216939866,-0.11296596045763055,0.9100575420433995,0.9997906073000113
ANXA9,75.85099462480972,-0.15761140050113095,1.409338082203662,-0.11183363487537881,0.910955318023298,0.9997906073000113
CALU,298.35581812486186,-0.11102650516475705,0.9940622501083789,-0.11168969061309013,0.9110694538805444,0.9997906073000113
ASNS,0.04894238171879328,-0.35812661464356677,3.2095520633305727,-0.11158149410791501,0.9111552459404525,0.9997906073000113
SNTB1,241.24174926250816,-0.06718025435992188,0.6053939066796074,-0.11096949212519196,0.911640539039583,0.9997906073000113
NRG2,49.76524614591824,0.146947603854753,1.329406511882383,0.11053624496444016,0.911984106648487,0.9997906073000113
C6,725.5607693370837,0.10146330133451957,0.9260520119305959,0.1095654455984529,0.9127540160403803,0.9997906073000113
ATXN10,272.95420054175526,-0.10732221517758153,0.9842971772230277,-0.10903436244769792,0.9131752355098381,0.9997906073000113
PLA2G2A,151.7784074831632,-0.13379731166150097,1.2345283706105132,-0.1083792927296875,0.9136948263791899,0.9997906073000113
CLTRN,0.7008404870904145,0.33534718356411686,3.097165717206939,0.10827550547296413,0.9137771521696412,0.9997906073000113
GBA3,40.85563880946461,0.1530087064649192,1.4134068379657192,0.10825524707743793,0.9137932215762394,0.9997906073000113
CCNB2,44.13252269002464,0.1574601152611296,1.4641281172558096,0.10754531205660775,0.9143563799192728,0.9997906073000113
UBR2,481.49247559508643,-0.09515344600874164,0.891561652217452,-0.10672671460473906,0.9150057884580763,0.9997906073000113
HABP2,469.22661393472464,0.1044941218622533,0.9976948579375553,0.10473555218903763,0.9165856505259489,0.9997906073000113
TBCEL,33.810894279679744,-0.12445719523972792,1.1908728565638882,-0.10450922157956753,0.9167652505926763,0.9997906073000113
PELI1,63.20033712207401,-0.10770688418521265,1.031141300354733,-0.10445404926381997,0.9168090321096897,0.9997906073000113
OLFML3,76.2922495738632,0.12729485052703862,1.222482153660609,0.10412818718528205,0.917067622303207,0.9997906073000113
CHN1,75.09504795810221,0.07549866203207402,0.7314690785330082,0.1032151108608579,0.9177922472325011,0.9997906073000113
PGM1,375.8063201029054,-0.08898209873136162,0.8655948371370014,-0.10279878635329481,0.9181226685126834,0.9997906073000113
F13B,163.45958838655906,0.12058239156620577,1.1823567405313558,0.10198477957846763,0.9187687562237935,0.9997906073000113
PIP4K2B,127.58170431752337,0.06659180482729206,0.6530528951585931,0.1019700016966012,0.9187804861168754,0.9997906073000113
WWC1,221.54149664161423,0.09428690708705295,0.9258072308160692,0.10184291497047618,0.91888136149952,0.9997906073000113
SMC2,182.270949782112,0.10871266342846177,1.0680896151323507,0.10178234287484465,0.918929441199991,0.9997906073000113
IPO7,752.9875209798668,-0.09121784861340641,0.8970675626570797,-0.10168447997743074,0.9190071214697465,0.9997906073000113
CXCL12,423.6392600813163,0.10132492206248028,0.99877691437007,0.10144900288007362,0.919194038419862,0.9997906073000113
HDDC2,43.54744594907652,0.11815443189978596,1.1662013867804482,0.1013156331651919,0.9192999065794228,0.9997906073000113
EP300,954.4153091021757,-0.0630198066559085,0.6238130025159423,-0.10102355417687524,0.9195317622976746,0.9997906073000113
RIOK2,83.38783883956532,0.11622925056389462,1.1510403782971814,0.10097756147863474,0.919568272463622,0.9997906073000113
DDX39A,68.24334509861171,-0.11722946664753801,1.170945777210213,-0.1001151965608844,0.9202528708363008,0.9997906073000113
CYP1A1,33.84699235646499,-0.14588957585784024,1.4586693342079258,-0.1000155226661154,0.920332001931791,0.9997906073000113
GPX2,236.99875528554094,-0.11901076124392614,1.1970156654248614,-0.09942289368592783,0.9208025062844071,0.9997906073000113
SMC4,472.4141315336131,-0.11139360329704709,1.1238572395967064,-0.09911721824830744,0.9210452012208747,0.9997906073000113
TTR,1028.2004632232524,0.08582789233141733,0.867885092522303,0.09889315195169308,0.9212231062043448,0.9997906073000113
RPS7,904.5380358500339,0.07886661243026279,0.798128534255919,0.09881442530279752,0.9212856148153359,0.9997906073000113
EBNA1BP2,186.79004611116235,-0.07712138910515919,0.7826741504158926,-0.09853575599012551,0.9215068809213981,0.9997906073000113
CASP6,33.07685849528882,-0.11772807574149369,1.1956855474302623,-0.09846073325425062,0.9215664507317264,0.9997906073000113
WNT11,6.479244356537265,-0.2107013720310295,2.148604405817937,-0.09806429301759673,0.9218812408679593,0.9997906073000113
APOC4,0.00654160049018652,-0.31777716432137504,3.242261512759488,-0.09801096027288526,0.9219235902338943,0.9997906073000113
SHMT1,358.50721812717336,0.08715275574181397,0.8953140868611568,0.09734321957041811,0.9224538346964065,0.9997906073000113
PAK1,103.49465493558371,0.09354900393178181,0.9614641025331374,0.09729848850863113,0.922489356302291,0.9997906073000113
ANPEP,870.3570712506888,-0.08898137947643545,0.9162156830852269,-0.09711837629410927,0.9226323876723166,0.9997906073000113
SLC27A5,480.72156266406955,-0.08437556694274509,0.8716141069188982,-0.0968038106232671,0.9228821977103339,0.9997906073000113
CCT6A,382.70069589610574,0.08751595788555659,0.9079873686026277,0.09638455435810929,0.923215158843641,0.9997906073000113
OAT,121.36859605154045,0.1115735603153085,1.1605530636863763,0.09613826700944347,0.9234107593709633,0.9997906073000113
RPS24,989.2512215067579,0.08528235277492727,0.8911729766921336,0.0956967446336617,0.9237614264411593,0.9997906073000113
PIGK,57.942217520425636,0.1266802518733768,1.3259420923428478,0.09553980720948499,0.9238860732704524,0.9997906073000113
C9orf72,66.65345301728573,-0.11886649733710802,1.2495702733012508,-0.09512590038099544,0.924214825827093,0.9997906073000113
LPGAT1,211.22617459215985,0.06972201622002784,0.7350950408296496,0.09484762152841836,0.9244358608314119,0.9997906073000113
PNP,58.67750814244615,0.11770262964557136,1.242058626637502,0.09476414971185027,0.9245021630671288,0.9997906073000113
COL6A2,1108.1622334286876,0.07768853194294585,0.8210855859169622,0.0946168502716873,0.9246191653005714,0.9997906073000113
SPRR1A,4.572780967611552,-0.23601626302898382,2.503233142185614,-0.0942845710419582,0.9248831058386573,0.9997906073000113
USH1C,173.32210955259364,0.12378753610171679,1.3137309610238286,0.09422594105968668,0.9249296784593259,0.9997906073000113
LHCGR,25.773754008228423,-0.16811087070465963,1.7872534422623143,-0.09406101380443507,0.9250606895064037,0.9997906073000113
SLC38A3,826.2357401838524,-0.09111356074784498,0.9707472410716607,-0.09385920133778569,0.9252210033278112,0.9997906073000113
SERPINA10,356.495501022738,-0.08149065706981828,0.8956080418813939,-0.0909891975720001,0.9275011745387194,0.9997906073000113
HPR,4253.481344000526,0.0792583204705503,0.8714069272239996,0.09095443012260625,0.9275288003989427,0.9997906073000113
CDK1,32.07114021459331,-0.1262089824970003,1.3886660602936596,-0.0908850486850028,0.9275839304417839,0.9997906073000113
DDX18,250.4860945587204,0.08829452428487977,0.972689409521701,0.09077360503832019,0.9276724835722165,0.9997906073000113
RAB32,25.188290233880956,0.1395740728272194,1.5461013082267208,0.09027485591309789,0.9280688006265574,0.9997906073000113
IL13RA1,265.6573850482744,0.0823669667529132,0.9186364040465429,0.0896622062767067,0.9285556499513056,0.9997906073000113
RPS5,512.8849281158308,0.09089137991405026,1.0159929660976985,0.0894606389482721,0.9287158336835908,0.9997906073000113
PTS,77.54434161190929,-0.08714858901332431,0.9759181531608262,-0.08929907567664916,0.9288442286396587,0.9997906073000113
AGXT2,183.14073874404318,-0.09411774158434717,1.0661644662284113,-0.08827694466060335,0.9296565629007763,0.9997906073000113
MAP4K3,307.5855838941851,-0.07705598925101283,0.8740721625329052,-0.08815746863247345,0.9297515207650089,0.9997906073000113
SPP1,1019.3256973155761,0.10239775770285343,1.1719662797114154,0.08737261427698058,0.9303753367548463,0.9997906073000113
FUNDC1,25.58812050234823,0.12646260436037607,1.463500516303701,0.08641104184901631,0.9311396696374724,0.9997906073000113
RAB17,47.387296236076416,-0.09222992476077477,1.0728166341614545,-0.08596988695357471,0.9314903553063011,0.9997906073000113
GLS2,5.552469270493418,-0.16016601833103042,1.8855488144431454,-0.08494397869955538,0.932305928165327,0.9997906073000113
ERO1B,109.71326359743024,-0.09242668232100087,1.0883323744855509,-0.08492505091993656,0.9323209759739699,0.9997906073000113
RBM34,17.35229888710268,0.09711978455523876,1.1458911382013293,0.08475480900191334,0.9324563213986639,0.9997906073000113
PBLD,256.48098795397965,-0.07457931807792124,0.8804643652677766,-0.08470452754239446,0.9324962964482852,0.9997906073000113
TCF7L1,304.0900912865118,-0.03595469292649551,0.42592323578851016,-0.08441589917002934,0.9327257666958645,0.9997906073000113
RPS6KA5,245.44298836829986,0.059262485569487114,0.7024954176506941,0.08435996033635987,0.9327702407881486,0.9997906073000113
SYF2,158.276186829741,-0.08031866032238585,0.9524801000248359,-0.08432581459737748,0.9327973884138289,0.9997906073000113
EPG5,399.29397419948225,-0.07117929161863062,0.8452683692189829,-0.08420910353524688,0.9328901803248657,0.9997906073000113
PUS7,73.73397096775196,0.09488340283674074,1.1336469039532084,0.0836974921431595,0.9332969511303926,0.9997906073000113
HCLS1,178.98049754753558,0.08884992891492106,1.063774321449682,0.0835232879036212,0.933435461015923,0.9997906073000113
RRN3P1,224.42849163347077,0.07731965510024223,0.9348617735843017,0.08270704534617479,0.9340844826930064,0.9997906073000113
MID1,113.31822761237038,-0.09131035101246665,1.1069446245121999,-0.08248863492399595,0.9342581555516999,0.9997906073000113
LECT2,59.20018604044929,0.11138570655792278,1.362042491836734,0.08177843732886596,0.9348229031495809,0.9997906073000113
PDE9A,82.48186913486104,-0.10585547625516188,1.3001898361710462,-0.08141540051328018,0.9351116019301469,0.9997906073000113
RPL38,275.6099552230458,0.0776657564032896,0.9651163868598506,0.0804729434301563,0.935861114444425,0.9997906073000113
IFI30,0.20833704203956419,0.25352204584707,3.1648863765236976,0.08010462799790553,0.9361540419687194,0.9997906073000113
ZFAS1,0.05320115065134259,-0.2573122725837973,3.213636436165311,-0.0800688807508159,0.9361824728227471,0.9997906073000113
TMX1,90.22594331956644,-0.08185235094631864,1.022697338634055,-0.0800357523719022,0.9362088208852943,0.9997906073000113
PEG10,153.0855911673948,-0.07032041144146578,0.8840802273555765,-0.07954075802804146,0.936602514071346,0.9997906073000113
XK,9.081636457754506,-0.14363780324836337,1.820573413877703,-0.0788970124211713,0.9371145395782569,0.9997906073000113
FAH,218.7567176629105,-0.08063470984406439,1.023901678371023,-0.07875239541783954,0.9372295693375176,0.9997906073000113
XPNPEP1,125.20727235163336,0.07611159661587287,0.9694871838237062,0.07850706836132161,0.9374247078393755,0.9997906073000113
CTNNAL1,151.58464990449554,0.11443865587823339,1.467885063568177,0.0779615916249278,0.937858605407376,0.9997906073000113
CAT,763.297874197229,-0.07197809221295012,0.9281271601957751,-0.07755197272512462,0.9381844474710047,0.9997906073000113
HEATR1,330.29842495953534,-0.07713554475043745,0.9953114130905386,-0.07749890510239814,0.9382266622575265,0.9997906073000113
CPB2,831.5910406073823,0.07918173247093405,1.0420655072090628,0.0759853693680011,0.9394307380967515,0.9997906073000113
CD36,351.44367719540713,-0.07247442336499528,0.9575674996017606,-0.07568596824259013,0.9396689396910902,0.9997906073000113
CTR9,245.5449440536464,0.07476367646214356,0.9894896829908126,0.07555781302960562,0.9397709007986621,0.9997906073000113
HNF4A,332.522661474884,-0.06890192832160083,0.9133061591005229,-0.07544231212615435,0.939862794902523,0.9997906073000113
TIAL1,298.5135457979304,-0.0516724189234386,0.693619244012275,-0.07449680695785907,0.940615081787496,0.9997906073000113
GCKR,191.64680261598252,-0.07431786433096671,0.9994473546744559,-0.07435895846177294,0.9407247647581177,0.9997906073000113
MPC2,122.2907490755238,-0.08434622724645062,1.1398567188197983,-0.07399721899589473,0.9410125981155669,0.9997906073000113
OSER1,28.5101574342325,0.10547898945627075,1.4294677877136717,0.07378899361207476,0.9411782849751932,0.9997906073000113
ANXA1,193.9084317470503,-0.07020001536624493,0.9545169432727448,-0.073545069955019,0.9413723805176109,0.9997906073000113
UGT1A10,6.027986945549094,0.12502392200059045,1.70984604442678,0.07311998785393822,0.9417106362246804,0.9997906073000113
TEK,146.34229314484418,-0.08541243882337167,1.1746352366376522,-0.07271401040876438,0.9420336993699941,0.9997906073000113
SLC12A2,398.80026351322715,0.04928490150786404,0.6856808950332897,0.07187731474634607,0.9426995435545593,0.9997906073000113
SERPINE2,120.45963342875346,-0.06542474545922616,0.9129611715035447,-0.07166213361678782,0.9428707916465291,0.9997906073000113
GCH1,62.68666506903823,-0.08431828707044627,1.177558720652825,-0.07160431627876797,0.942916805001702,0.9997906073000113
PAPSS2,170.6594031515969,0.07444732917958977,1.0400283116690037,0.07158202170488909,0.9429345479681591,0.9997906073000113
CDH11,179.19165588937955,-0.06485794809267159,0.9191872792141145,-0.07056010190667973,0.9437478652943394,0.9997906073000113
AEBP1,1494.9364653823193,-0.059621973718531854,0.8472566774878753,-0.07037061530788004,0.9438986788383253,0.9997906073000113
AOX1,2107.477212608305,0.06806171738463496,0.97064595915173,0.07012002341627803,0.9440981295463652,0.9997906073000113
RPL29,338.78784648709046,-0.06148942876072834,0.8844044924339868,-0.06952636410914433,0.9445706479007085,0.9997906073000113
SOBP,226.83000233325487,0.03346219150261709,0.4819541317511957,0.06943024096718736,0.9446471581820103,0.9997906073000113
LGALS9,102.61311406906346,0.06478984212060315,0.9399199557727409,0.06893123368929557,0.9450443567513972,0.9997906073000113
NKAPD1,135.25130754892484,-0.0639411996537931,0.928177150960486,-0.06888900420315903,0.9450779711009457,0.9997906073000113
RARRES2,564.976989212268,0.06836183784762988,1.0106797494093855,0.06763946530795607,0.9460726385489011,0.9997906073000113
EHHADH,290.00820198700666,-0.060928865772594626,0.9076839718767592,-0.0671256380638913,0.9464816836985084,0.9997906073000113
IGFBP5,265.1234029000053,0.06435339129761551,0.9663415777551545,0.06659486953579158,0.9469042301977649,0.9997906073000113
KHK,142.2573883861775,-0.07744868823755385,1.1650890073411821,-0.06647448199197878,0.9470000731833871,0.9997906073000113
RBM28,276.47770588218526,-0.050357208349489035,0.7590669105277075,-0.06634093470690276,0.9471063938054459,0.9997906073000113
ME2,219.85278290143506,0.060093716753200355,0.905873711712912,0.06633785259047804,0.947108847573199,0.9997906073000113
FBN1,1011.758711097209,-0.05339886389514009,0.8091401525139114,-0.06599457921997266,0.9473821412036775,0.9997906073000113
LAPTM5,342.6004115808142,0.07106075987328982,1.0814966596954954,0.06570594484618897,0.9476119393410426,0.9997906073000113
GNB5,107.2503859546878,-0.05427199588645964,0.8294060658456536,-0.06543477088164829,0.9478278402308482,0.9997906073000113
SLC38A4,795.3534059149173,-0.0641880904859227,0.9849979148398664,-0.06516571204758126,0.9480420609011306,0.9997906073000113
TIGD2,25.989992482379762,0.08579757078780552,1.3262353872344348,0.06469256635258168,0.948418781616858,0.9997906073000113
POU2F2,118.16707236705932,0.06209095772554438,0.9703345398842017,0.06398922760489822,0.9489788043552728,0.9997906073000113
NOS2,65.73513638456652,-0.08777875753006557,1.379592667889348,-0.06362657585326191,0.9492675701410315,0.9997906073000113
ALDH1L1,693.3281666625543,0.05797582674771715,0.9198968298996545,0.06302427061743583,0.9497471775785333,0.9997906073000113
IQGAP1,784.6846647341341,0.052943228122174585,0.8531301512893172,0.0620576216209949,0.9505169449630668,0.9997906073000113
CTSS,297.07322262693754,-0.05962695586550646,0.96729126165774,-0.06164322808346062,0.950846951346751,0.9997906073000113
SMARCC1,529.3148694659856,-0.056943804212805975,0.9255185344131429,-0.061526379100460875,0.9509400067137658,0.9997906073000113
SLC4A7,266.42389023714367,0.0621333038132635,1.0106164757312441,0.06148059655202649,0.9509764668785093,0.9997906073000113
ICK,193.61312698466654,-0.0588834361542538,0.9633182792407081,-0.06112562942402173,0.9512591579819709,0.9997906073000113
CDK6,149.60766342232938,-0.03772350718172105,0.6189296249219449,-0.06094959049096814,0.9513993553262801,0.9997906073000113
CREB1,86.84958238428933,0.054255632331654105,0.89124510654618,0.06087621904810182,0.9514577887619324,0.9997906073000113
FILIP1L,257.3159299242074,-0.0551388832816077,0.9065843760912293,-0.060820464962501285,0.9515021918082941,0.9997906073000113
TERF2,119.99283562949675,0.049989244295279865,0.8306580824058802,0.0601802900063204,0.9520120435549012,0.9997906073000113
DEPDC1,91.33697655066923,0.08040744458494553,1.3367571195618002,0.060151124993674046,0.9520352717880523,0.9997906073000113
SYNGR2,75.39271623662849,-0.054719550722274655,0.9212088483048043,-0.05939972333414818,0.9526337334194263,0.9997906073000113
CYP2J2,162.34311263598516,0.07072789097157897,1.1921429742179215,0.05932836287357093,0.9526905705912312,0.9997906073000113
INTS8,269.8859919699684,-0.0635597039191345,1.0718723453963164,-0.05929782981352485,0.9527148896330673,0.9997906073000113
PLAUR,57.20646087051974,-0.06055822671604451,1.0242833515955188,-0.05912253344908262,0.9528545109356417,0.9997906073000113
MEST,22.289927398052306,0.07474542166986718,1.274761368434208,0.058634834346821416,0.953242964605862,0.9997906073000113
GINS1,41.846184319351046,0.07431051407118541,1.2789503056833513,0.058102737644275274,0.9536667937544304,0.9997906073000113
CABIN1,491.59141452962643,0.05251463901623178,0.9105099007729144,0.057676076857212766,0.9540066498690991,0.9997906073000113
MAT1A,928.8804940901252,-0.057065405280687806,0.9909021830486597,-0.05758934257780873,0.9540757389754319,0.9997906073000113
TNFRSF21,165.82358273314912,-0.036368691906381825,0.6316324928707511,-0.0575788806258006,0.9540840725771351,0.9997906073000113
GNS,537.611424662644,-0.04761154293804545,0.8289602126001272,-0.057435257102034454,0.9541984782393653,0.9997906073000113
LUM,317.91026701081813,-0.06375652413592803,1.1108711507857885,-0.05739326661857144,0.9542319266227782,0.9997906073000113
CKLF,0.0012956120415489306,-0.1846128343339164,3.242889459250323,-0.056928500540562484,0.9546021509738192,0.9997906073000113
COL6A1,1057.3382532356386,-0.04017495498838345,0.7085559649642308,-0.05669976258037932,0.9547843631465113,0.9997906073000113
CENPK,89.14068702596305,-0.052908490513546826,0.9490677529354506,-0.055747853986084506,0.9555426767819969,0.9997906073000113
ACTR2,337.8433635696157,-0.05151330323864646,0.9613089315333357,-0.05358662709653615,0.9572645112344288,0.9997906073000113
A1CF,337.7474209506116,0.05363055881121473,1.0071564642700335,0.05324948080443992,0.9575331315283641,0.9997906073000113
FOXM1,52.951988841835814,-0.05632693706546424,1.0703138021964766,-0.05262656330309038,0.9580294518373652,0.9997906073000113
PBX1,219.51363073578304,-0.04451448741401842,0.8486833864051606,-0.05245122990161522,0.9581691547046949,0.9997906073000113
ADK,133.13091675548517,0.06344335657013306,1.2231425863187657,0.05186914206059617,0.9586329622331031,0.9997906073000113
FLVCR1,85.31346313309352,-0.048218171774027443,0.9429851821769317,-0.05113354131685635,0.959219108836402,0.9997906073000113
ZNF138,30.25632112782667,-0.0718458683976922,1.4075175557651685,-0.051044385274920896,0.95929015229059,0.9997906073000113
MAML2,260.483890664131,0.04318616646809238,0.8477485568276553,0.050942188129105836,0.9593715878674113,0.9997906073000113
TAF1C,95.53188666746743,-0.05353600508942597,1.0583391661854205,-0.050584922867766655,0.9596562772520899,0.9997906073000113
MAN1C1,179.42174904388716,-0.041031167914588246,0.8113548305743804,-0.05057117597431589,0.9596672316657118,0.9997906073000113
CPN2,176.2023124089879,-0.0574442315434044,1.1414528326876392,-0.05032554118609309,0.9598629706303495,0.9997906073000113
FMOD,63.641910228523116,0.0574862523255474,1.1526214871562654,0.049874354214388995,0.960222514234718,0.9997906073000113
TRAF5,83.38211654157838,0.04031624478163279,0.8139036171110678,0.04953442144013853,0.960493406515707,0.9997906073000113
S100A10,106.93611140185395,-0.051728756601119655,1.0564806063763146,-0.04896328081075447,0.9609485584909012,0.9997906073000113
CRY1,108.36285832180614,-0.05301029515334605,1.0893240357547036,-0.04866347699435416,0.9611874825091353,0.9997906073000113
DLGAP5,113.6919352650339,-0.06329601263056102,1.311298389498794,-0.04826972498208748,0.9615012823822193,0.9997906073000113
CD14,151.35668171721525,-0.04672950087251026,0.9773144055813712,-0.047814194291664475,0.9618643240865592,0.9997906073000113
PARVB,141.0304909449535,0.045996174777325836,0.9750003642090267,0.04717554625186261,0.9623733170810865,0.9997906073000113
MTSS1,368.2622404484504,-0.04202314712369001,0.891581090002483,-0.04713328669136868,0.9624069978658564,0.9997906073000113
HS1BP3,43.03269654925895,-0.05709757733601199,1.2244875016206613,-0.04662977552685586,0.9628083003965762,0.9997906073000113
ACSL1,1067.9289857709266,-0.04293907414381283,0.922215004263309,-0.04656080626026439,0.962863270204092,0.9997906073000113
ALDH9A1,150.7427164162685,0.04542829115481211,0.9765885246486089,0.046517330491015016,0.9628979213036699,0.9997906073000113
CPSF6,272.8214307095362,-0.03979035801165066,0.8587259130489663,-0.046336505521735356,0.9630420433463841,0.9997906073000113
ADA2,174.16141931685166,-0.034359099404317,0.7520903911114485,-0.045684800404829924,0.9635614786799315,0.9997906073000113
AKR1A1,159.2712397646362,0.04185081138685214,0.9294101536672933,0.04502943207766346,0.9640838493358106,0.9997906073000113
CDC25B,124.53624972872797,-0.04322742242798456,0.9631414801853341,-0.044881695282884555,0.9642016071887082,0.9997906073000113
OXT,6.051597924909156,0.10084086266646206,2.2544594660385986,0.044729507975432174,0.9643229132669062,0.9997906073000113
DMD,594.8710710166589,-0.03866725224964333,0.8700539054895721,-0.044442363864668356,0.9645517935095596,0.9997906073000113
SMC1A,582.1540524996291,-0.03989978342972568,0.9029475077786816,-0.04418837538837903,0.9647542480998114,0.9997906073000113
FGA,14884.247390678926,-0.03838698846793037,0.8706165961367847,-0.04409172606893345,0.9648312880128822,0.9997906073000113
ASL,258.7559200248523,0.04658235099358503,1.060605525235842,0.04392052453547866,0.9649677548723502,0.9997906073000113
GMFB,142.0991824649038,-0.051019786503524234,1.1772749524550017,-0.04333718847677118,0.9654327469392227,0.9997906073000113
E2F8,68.1561689008356,-0.06292689039573406,1.4603626041728037,-0.043089908092639684,0.9656298640041946,0.9997906073000113
SLC22A18,137.86603004652787,0.04490987016624492,1.048239109805048,0.042843154530455625,0.9658265632120145,0.9997906073000113
TFIP11,50.00915272606236,-0.04258207974499819,0.9960643955727253,-0.042750328125636894,0.9659005601712145,0.9997906073000113
KIF4A,202.9077023822881,0.05934664426694063,1.3993257979136298,0.042410884123929855,0.9661711518809114,0.9997906073000113
CYP4A22,311.39706299261064,-0.037387859842629635,0.8899773624839514,-0.042009899822933794,0.9664908061680105,0.9997906073000113
DUSP6,84.32756255106298,-0.046259058029445826,1.1079210014136662,-0.04175302929579002,0.9666955795243275,0.9997906073000113
MLLT11,23.960252187232186,0.05182805084779824,1.2520830386302353,0.04139346133503857,0.9669822254301288,0.9997906073000113
SERPINA6,698.2284983380179,-0.04583902303915402,1.1160337410892467,-0.041073151600609516,0.9672375784547584,0.9997906073000113
SPPL3,183.87613469458915,-0.03101072999406324,0.7555716418501797,-0.041042739399439074,0.9672618234363686,0.9997906073000113
DSG2,224.97025555434465,-0.03398788624882215,0.8293280499189322,-0.0409824390386223,0.9673098957166938,0.9997906073000113
CRYM,70.80437022428882,0.05127577851095772,1.254167237257171,0.040884323069303286,0.9673881153761431,0.9997906073000113
SCGN,32.84188233848723,-0.056149321948702806,1.3734872680408272,-0.040880846335616526,0.9673908870910033,0.9997906073000113
CCNE1,24.790463460081803,-0.05368055342675353,1.3365854254757934,-0.040162456064223875,0.9679636091857531,0.9997906073000113
FAM13A,143.7801420477883,-0.03971892506966506,0.9916423534179463,-0.04005367956780359,0.9680503304922999,0.9997906073000113
NEDD4,323.370120988751,0.035494734009486786,0.8953380464419354,0.039643946943327735,0.9683769903659898,0.9997906073000113
SMARCD1,64.65429170010582,-0.046215424759051146,1.1729158888188085,-0.0394021644685815,0.9685697542548531,0.9997906073000113
SRD5A1,89.1430563645172,-0.04056381751443056,1.0342308174122656,-0.039221242329565,0.9687139977353519,0.9997906073000113
TROAP,67.80537131954667,-0.047736351779317884,1.2689906832983098,-0.03761757466590966,0.9699925952820716,0.9997906073000113
IARS2,336.2045997402592,-0.035831979707778676,0.9893391415352224,-0.03621809569989907,0.9711084571731621,0.9997906073000113
GOT2,226.76315566051056,0.03301017763068921,0.9123122908785389,0.03618298028068991,0.9711364568714741,0.9997906073000113
MTR,412.4706825615641,0.027957246623843125,0.7824179388907696,0.035731857916598886,0.9714961678209694,0.9997906073000113
KLKB1,253.23783091546278,0.03901712720122613,1.0987534486514876,0.035510356986012,0.971672787904404,0.9997906073000113
DUSP9,26.00223921863879,0.04542669378633597,1.2983610884332804,0.034987719665221885,0.9720895331664937,0.9997906073000113
EIF3D,438.68851035634805,-0.03410144857001636,0.9754362212564469,-0.03496020326791917,0.9721114746517946,0.9997906073000113
FAS,93.43868253912501,-0.03782907045953403,1.1195691679925748,-0.03378895341264428,0.9730454448167661,0.9997906073000113
GLIS2,36.0560856781692,-0.04238413907266495,1.2591392641662522,-0.03366120037621883,0.9731473190406861,0.9997906073000113
RDH16,163.86039578842977,0.034084811459598865,1.0134144172329798,0.03363363583544017,0.9731692999158658,0.9997906073000113
ABCB10,116.82047148225664,0.036037233512527786,1.0776318505516793,0.03344113622298654,0.9733228060316045,0.9997906073000113
MRPL46,10.693399757720842,0.058021974895801805,1.739441175540122,0.03335667552987823,0.9733901583388238,0.9997906073000113
ANGPTL3,478.18953675457124,-0.035046924129280795,1.056283532399685,-0.03317946654877836,0.9735314724263415,0.9997906073000113
RHOA,366.31075187786274,0.02979916115079895,0.9107728731215972,0.03271854271270162,0.9738990368606819,0.9997906073000113
CYP2D6,393.43379814695385,0.031031707032070772,0.9546936641135523,0.03250436050697392,0.9740698386869023,0.9997906073000113
FOXO1,186.07762232264278,-0.01891725115263613,0.5870482923688077,-0.0322243525763491,0.9742931357138807,0.9997906073000113
HNRNPU,1376.4943458750774,-0.021276936042035333,0.6616655346921639,-0.03215663341439464,0.9743471398001458,0.9997906073000113
ENPP1,452.5605926146566,-0.026319772752433135,0.8227499502371041,-0.031990002241687375,0.9744800238736916,0.9997906073000113
POR,675.8685384458365,-0.026654426708501,0.8333906591719523,-0.031983111899747646,0.9744855187594066,0.9997906073000113
SPC25,29.784599530991795,-0.046854317950137114,1.4982212418160572,-0.03127329705547561,0.9750515858512669,0.9997906073000113
SERPINF1,1004.8099365362034,-0.026100478482509352,0.8370194197269258,-0.031182643875842842,0.9751238813642724,0.9997906073000113
ITGA9,378.13677118830793,0.029040532449219617,0.9321702424645153,0.031153678937916852,0.9751469808182901,0.9997906073000113
LIPC,165.78410943735813,-0.03173539769165929,1.0265801107333343,-0.03091370791217571,0.9753383578154694,0.9997906073000113
CCNA2,42.10761486284383,0.044166667022820544,1.428962811604361,0.03090819905469243,0.9753427511484152,0.9997906073000113
ATRN,562.3357523419426,-0.02522116170900635,0.8162301488624651,-0.030899571333104624,0.9753496317878025,0.9997906073000113
CUL1,274.8482553248558,-0.03193659853490305,1.0443201230898262,-0.030581234459422603,0.9756035078820865,0.9997906073000113
PHKA2,358.89292814875563,0.024070193159396694,0.8122893263426699,0.029632536559076383,0.9763601162793472,0.9997906073000113
H2AFY2,40.289554622250634,0.04111829529616666,1.4029859910332685,0.02930770197205172,0.9766191842568752,0.9997906073000113
NNMT,391.7827902982204,0.02986200071239363,1.041242625650499,0.02867919539284885,0.9771204492135636,0.9997906073000113
IFNGR1,119.38564651118834,-0.030287370366642457,1.0636323753977444,-0.02847541224505932,0.9772829782614316,0.9997906073000113
PHB,84.76129921877555,-0.03216559617713214,1.1366841641328,-0.028297742848975068,0.9774246808259991,0.9997906073000113
PRPS1,78.11321794711334,0.02816063844192625,1.0364256930269429,0.027170918891137708,0.9783234105023579,0.9997906073000113
REX1BD,65.67739738473145,0.024134569769749075,0.9428688314394796,0.0255969536429609,0.9795788159160804,0.9997906073000113
LPIN2,483.97899894343533,0.022325539679886555,0.8852744706591004,0.025218777249122356,0.9798804596399672,0.9997906073000113
ECM1,144.88576763080442,0.028495667547728046,1.1304567969523727,0.025207215016575815,0.9798896820350225,0.9997906073000113
TIA1,144.84518000408949,0.027407717393627597,1.1374216650943432,0.024096356025849277,0.9807757499500976,0.9997906073000113
SLC25A15,118.17941719758846,-0.025987742215250863,1.154401922859447,-0.022511866708329258,0.9820396461351396,0.9997906073000113
GSDMD,319.59728480835435,-0.021961951457684512,0.9769120609194812,-0.02248099121328655,0.9820642749829533,0.9997906073000113
DHRS7,113.29248355915956,-0.022839916081499646,1.0574460352577697,-0.021599131605739147,0.9827677262493135,0.9997906073000113
GARNL3,123.81809057715294,0.024709687251425704,1.1639320827962332,0.021229492353250626,0.9830625880847087,0.9997906073000113
MDK,165.3150272716316,-0.024557939156077253,1.1618657485975188,-0.02113664094644411,0.9831366561687566,0.9997906073000113
SDAD1,283.3655157475995,0.022876006438924398,1.0920267084826587,0.020948211487162235,0.9832869678434318,0.9997906073000113
PRKCD,93.99004730147976,0.01969369481488834,0.9525484922906954,0.0206747425189124,0.983505117263088,0.9997906073000113
PRMT5,62.62040472405378,0.025213981100123243,1.23154669631792,0.020473426769368988,0.9836657099987398,0.9997906073000113
NFE2L3,59.2681545362844,-0.02195887025356886,1.078657138279229,-0.020357599717552164,0.9837581073577549,0.9997906073000113
GCNT2,68.74554193143729,0.023781914178820807,1.169866866950257,0.02032873556015671,0.9837811328583196,0.9997906073000113
GABARAPL1,92.57473466157215,-0.019497853857100268,0.9633703184701884,-0.02023920966141291,0.9838525494973693,0.9997906073000113
ATP6AP2,250.69224609531642,-0.01964021677903443,1.0192154487896425,-0.019269936304790063,0.9846257668274495,0.9997906073000113
ITGBL1,135.2935430031171,0.01994191282226908,1.036889927496866,0.019232429878463984,0.9846556870810871,0.9997906073000113
SLAMF8,20.874750464717955,0.030770482743922946,1.637660897572419,0.018789288301097905,0.9850091990133908,0.9997906073000113
MAFB,33.55973443341572,-0.020120589093187525,1.077746069129881,-0.018669137071807552,0.9851050490113766,0.9997906073000113
RPL8,1685.5993196188715,-0.015218174180428428,0.8322149563158421,-0.018286350257147782,0.9854104165641931,0.9997906073000113
SLC39A10,123.3014162045062,-0.01972313285784222,1.1194377731121925,-0.017618784475182725,0.9859429711583861,0.9997906073000113
EXPH5,179.14212697338485,-0.015274277554913047,0.8688537032700604,-0.017579803708525413,0.9859740684939263,0.9997906073000113
SDC1,485.35578620585795,0.015668291208928237,0.9390696309745911,0.01668490886311303,0.986687986469359,0.9997906073000113
SERPINB8,12.310116087863802,0.023470161975302276,1.4487982145828209,0.01619974523647551,0.9870750387093747,0.9997906073000113
CFH,3948.351160907602,-0.013028878942016313,0.827441200955277,-0.01574598766289923,0.987437038686655,0.9997906073000113
EPHX1,1506.059658581437,-0.013395453354275657,0.8667013881888088,-0.015455673126668039,0.9876686479851424,0.9997906073000113
ETNK2,127.81414005547879,0.016209803970979427,1.076834814891096,0.01505319455391009,0.9879897420611248,0.9997906073000113
PPP1CC,199.65657143201537,0.011414778279834628,0.8035525325453896,0.014205391455461378,0.9886661186620711,0.9997906073000113
TMPRSS6,317.9152568659992,-0.013097608528374206,0.9246779141140217,-0.014164508882991603,0.9886987349538754,0.9997906073000113
BCL2,29.5353689557592,-0.015766134691645346,1.1168793690542762,-0.014116237732097608,0.9887372459095738,0.9997906073000113
CBX3,256.3447196459701,0.011896660653368496,0.8501921875321118,0.013992907518829863,0.9888356394641893,0.9997906073000113
PLCG2,176.65434318178708,0.012150456472582678,0.8789991257760185,0.01382305865418891,0.9889711461444959,0.9997906073000113
ACAA1,268.23781483733165,0.013279936123062492,1.0632668901714544,0.01248974857189531,0.9900348815296638,0.9997906073000113
HNRNPA2B1,1066.11886149704,0.010198954572908508,0.8206746708201639,0.01242752449361682,0.9900845253080802,0.9997906073000113
RPS9,397.9515132075506,-0.010667984442526528,0.8643510521613551,-0.012342189456298657,0.990152607595241,0.9997906073000113
GPLD1,252.52743618164067,-0.011574897183715483,0.9387614912857095,-0.012329965908446807,0.9901623598332799,0.9997906073000113
GJB2,24.996766304511905,-0.015528061483702537,1.2966504830913832,-0.01197551821881994,0.9904451472878762,0.9997906073000113
SCCPDH,310.58499494435324,-0.013192359931621735,1.1033333093243904,-0.011956821950476487,0.9904600636837602,0.9997906073000113
TOP2A,373.92650101584877,0.01243345338312294,1.0773278150890566,0.011541012131108058,0.9907918090191106,0.9997906073000113
FOLH1B,127.3176266544934,-0.014633962112699446,1.2690506385997957,-0.011531424883758615,0.9907994580267527,0.9997906073000113
RBBP4,301.31271783267033,-0.008948117845978553,0.7761390333392941,-0.011529014083314151,0.9908013814393473,0.9997906073000113
NSMAF,249.00087584478413,0.012507178888908921,1.1027300216007156,0.011342013588016387,0.9909505764916803,0.9997906073000113
TSKU,127.01696787129647,0.012628444683717887,1.15568381338597,0.010927248904454715,0.9912814903127029,0.9997906073000113
AARS,381.8850792957693,-0.009500014574006522,0.891476284324045,-0.010656497251870064,0.9914975062959865,0.9997906073000113
MNS1,59.226259550610635,0.01249433898404882,1.2756438379549027,0.009794535600218632,0.9921852162137326,0.9997906073000113
NDUFS2,363.1003136731044,-0.008854047420211947,0.9115056742095209,-0.00971365035976368,0.9922497502282395,0.9997906073000113
SHB,3.44129832852212,-0.01950300404586484,2.0551359321104163,-0.009489885190142744,0.9924282807720458,0.9997906073000113
PICALM,610.3083303286775,0.00797483650970188,0.9462508765911275,0.00842782469954613,0.9932756483943045,0.9997906073000113
RPS10,400.9665745567706,0.010709218902015594,1.3484392426867466,0.007941936546341993,0.9936633180605566,0.9997906073000113
RCC2,84.8748729457141,-0.0073254870575471445,0.9359600183754154,-0.007826709382589114,0.9937552531779442,0.9997906073000113
ACSL4,506.7750335844611,-0.008170070546049612,1.051809109857102,-0.007767636227413537,0.993802385303668,0.9997906073000113
GSTO1,307.44394938440144,-0.00743709193411566,0.9873619563753278,-0.007532285284129971,0.9939901626926259,0.9997906073000113
S100A6,40.871769253530665,0.009122800242678666,1.2232324891565187,0.007457944686352552,0.9940494762417751,0.9997906073000113
PKM,414.47611378093035,0.00606744043674107,0.8180050103524407,0.00741736341459191,0.9940818545163941,0.9997906073000113
PSMD2,313.2557728554911,-0.007285198915235167,1.0099433143989474,-0.007213473084448154,0.9942445311097258,0.9997906073000113
AKR7A3,108.4463659647546,0.007308842851942106,1.094093376187647,0.0066802733761259624,0.9946699526544381,0.9997906073000113
FCGR2A,118.9064920322104,-0.005631746203486614,0.9775941807676302,-0.005760822143053708,0.995403554378302,0.9997906073000113
SLC2A2,498.37531875866716,0.005264696858607197,0.9884468911510765,0.0053262313896058665,0.9957503023000748,0.9997906073000113
PGRMC1,232.2139425680516,0.005083959237685722,0.9835824052069775,0.005168818810474647,0.995875897637269,0.9997906073000113
PLD3,281.24467319886907,-0.00377021386634614,0.8755407928540657,-0.004306154432914647,0.9965641964798791,0.9997906073000113
THADA,346.9195162831306,-0.0038011682714023144,0.9128691729158692,-0.00416397922526039,0.9966776348655918,0.9997906073000113
LONP1,221.9626901641609,-0.003675122603710243,0.8847546604005415,-0.0041538324331023705,0.9966857307643806,0.9997906073000113
AFP,107.49684617046289,0.005291339887639225,1.2853435547576642,0.004116673606876134,0.9967153789646245,0.9997906073000113
PSMC6,159.14352755063587,-0.00331671519763049,0.9301242910181332,-0.0035658838605321717,0.9971548423516801,0.9997906073000113
GPNMB,428.02869284269445,0.0032269652484147593,0.9512567398558368,0.003392317881399512,0.9972933271284145,0.9997906073000113
CD46,567.5297529203405,0.0013979796573700609,0.6961125924037286,0.002008266583057682,0.9983976361764936,0.9997906073000113
SDHC,456.4321167541922,-0.001526946726533766,0.7950036229812818,-0.0019206789533960623,0.9984675208590476,0.9997906073000113
ATIC,230.8669748177921,-0.0013230684066293278,1.0696725314735323,-0.0012368910743241475,0.9990131039600438,0.9997906073000113
NR1I3,119.72133934198932,-0.0010768899871012724,0.9456890278077466,-0.001138735837506405,0.9990914204527829,0.9997906073000113
TIPIN,42.878027213935916,-0.0010688995255416682,1.3777376977548879,-0.0007758367411180726,0.9993809719046595,0.9997906073000113
GRK4,95.83794462317893,-0.00025292435496800005,0.9637606066230697,-0.0002624348341588937,0.9997906073000113,0.9997906073000113
PRG2,0.0,0.0,0.0,0.0,,1.0
RPS11P1,0.0,0.0,0.0,0.0,,1.0
