,baseMean,log2FoldChange,lfcSE,stat,pvalue,padj
COL1A1,10954.894275974295,-2.3500234192733895,0.6899937714897048,-3.405861786548683,0.0006595556048039245,0.886691031134804
NPM1,3189.507596770636,-2.7990607800147522,0.8468404309576061,-3.3052989414423424,0.0009487514720994576,0.886691031134804
NAP1L1,1304.6527786816757,-2.4234551613823387,0.7676409484446011,-3.157016527443929,0.0015939231182675502,0.886691031134804
SP100,718.0120776882869,-1.5677693608857244,0.5274602218934401,-2.97229875507551,0.00295578912496017,0.886691031134804
RAB31,247.4666014746391,-2.9199988194760658,1.0135245139532998,-2.8810342318080435,0.003963725886932908,0.886691031134804
RPS12,697.3080908469694,-2.26727690077422,0.8315983863639549,-2.7264084899052827,0.006402770405286728,0.886691031134804
ALDOA,21.426137294106155,-2.918431449798933,1.0870378289469913,-2.6847561069939996,0.007258275039221512,0.886691031134804
CMTM3,105.34507116706806,-2.724280415104424,1.030266547100102,-2.6442481538126947,0.008187260802677917,0.886691031134804
MAL2,149.67276811573174,-1.910094800636591,0.7330122323907523,-2.6058157234385178,0.009165575815983021,0.886691031134804
TRIO,1049.4218678212483,-1.5046207233759965,0.5947196861142453,-2.529966232002214,0.01140735047328936,0.886691031134804
LCN2,72.41553034363723,-3.1504168166367315,1.2505279747743518,-2.5192693647698685,0.01175986539357672,0.886691031134804
CXCL8,168.5317503638833,-3.2279344868221758,1.2821450097544218,-2.5176048436521583,0.011815579829394634,0.886691031134804
LRP12,284.39478212269285,1.0860043309658622,0.43138050209353473,2.517509080024177,0.011818792315316982,0.886691031134804
SCD,2815.8542598483155,-2.2357854938727115,0.9070748520048665,-2.464830205501846,0.013707819255773952,0.886691031134804
LCLAT1,168.26332983382665,-1.6582222503594704,0.6815588388154772,-2.432984734291461,0.014974932233346184,0.886691031134804
H19,3362.668702673805,-2.2206290752620013,0.9145535878446615,-2.4281016495658636,0.015178088574120074,0.886691031134804
RPL7A,1942.3001183304887,-1.9912774606688974,0.8236892697224769,-2.4175105028863766,0.01562708300281029,0.886691031134804
C4A,20698.523583153303,-1.5969818307255392,0.6649607161569567,-2.401618309056003,0.01632272991530501,0.886691031134804
SLC16A3,165.58511835900183,-2.2457295939475888,0.9402088018595274,-2.3885434698186474,0.01691530710596705,0.886691031134804
ACY1,9.115569930691793,-3.1835300883616577,1.341697453842172,-2.3727630094587226,0.017655588162339204,0.886691031134804
COL1A2,3571.668644185769,-1.6356733411255893,0.6913350359831307,-2.365963326015349,0.017983225711134313,0.886691031134804
IGF1,194.27948987882124,-2.667927800635027,1.1376775331923275,-2.3450650318713877,0.019023761150520513,0.886691031134804
AGRN,747.3970045646264,-1.6800806087259903,0.7194157455436901,-2.3353403357279716,0.019525648609414307,0.886691031134804
HAMP,261.5156748967242,-2.50833344440669,1.0749775534038928,-2.3333821589707684,0.019628096802246777,0.886691031134804
AMFR,422.1212565834302,-1.7395622760864393,0.7554213190639127,-2.302770959975069,0.02129173325942416,0.886691031134804
FTH1,4201.289251457869,-1.9242993216926387,0.8398978022429066,-2.2911112715783872,0.021956978901423608,0.886691031134804
IRF2BPL,124.21101500035073,-1.499572085582116,0.6545585698291072,-2.2909670038750325,0.021965322120401674,0.886691031134804
MLXIPL,1344.4788155914177,-1.6575595809056891,0.7277137902762746,-2.2777630478548456,0.02274069904600076,0.886691031134804
SPARCL1,490.1726906814816,-2.1643306173866166,0.9533790650270507,-2.270167970727579,0.02319739354434467,0.886691031134804
INSIG1,467.3351010071058,-2.1441900944569565,0.9471132788257853,-2.263921478447949,0.023578944662962627,0.886691031134804
GNAS,2532.474458146272,-1.4513875238191698,0.6423426293667965,-2.259522344406609,0.023850911994712752,0.886691031134804
GCDH,380.14485026442355,-2.2832517608955634,1.011270636276615,-2.2578048634955326,0.023957827881788227,0.886691031134804
RWDD1,313.76596154719215,-2.142285480723117,0.9499031935737482,-2.2552671632394032,0.024116564429354937,0.886691031134804
BOK,64.87279353705124,-2.711018058205407,1.219326075320795,-2.223374135169019,0.026190582290016837,0.886691031134804
ARHGAP18,182.75036979277334,-2.202375997026348,0.9946883113858901,-2.214136802269042,0.026819369660137805,0.886691031134804
HAAO,167.0748282365057,-2.357256948060388,1.0747680593514328,-2.193270378245955,0.028287904520300132,0.886691031134804
NCL,2861.2475749196055,-1.688672259498865,0.7702736489902386,-2.1923017381064076,0.028357726343742676,0.886691031134804
BCAM,344.0434333449844,-1.9192339700528271,0.8765763604283247,-2.1894658089057124,0.028563001024639934,0.886691031134804
SLBP,189.67422017886366,-2.562672136153447,1.175075027194832,-2.1808583084870086,0.029193898224561966,0.886691031134804
OPLAH,338.72312091561326,-2.5537618236376654,1.173979407820256,-2.175303763103708,0.029607360724408983,0.886691031134804
SUZ12,377.13551107559397,-1.3706801303421432,0.6305580355216172,-2.173757296119895,0.029723367169387123,0.886691031134804
COL6A3,1871.7560624845817,-1.3364472866449741,0.6153290387809185,-2.171922991466038,0.029861471963866647,0.886691031134804
NFKBIA,1028.398504583213,-1.8246719214383242,0.8423632363340966,-2.1661343263022297,0.030300923816410856,0.886691031134804
ABCG8,468.9321189144278,-1.5754390462476062,0.7303876348225256,-2.1569903036904736,0.031006419955588876,0.886691031134804
CTSO,117.80052982955624,-2.299925795788914,1.0662819635767913,-2.15695836031393,0.031008909013687944,0.886691031134804
RPL23A,1120.2961937058703,-1.5944171391226603,0.746219700858473,-2.136659133078899,0.03262572621384212,0.886691031134804
COL18A1,2125.27354229195,-1.6978452457494777,0.7948278875556555,-2.1361168528835637,0.03266989042223462,0.886691031134804
BRD7,345.1983772482519,-1.8740351043898407,0.8845586392811109,-2.118610368118598,0.03412340878330172,0.886691031134804
GNAI2,557.0387061872711,-1.412828734922712,0.669606803929423,-2.109937842076684,0.03486371018893794,0.886691031134804
IER3,139.85325343198096,-2.241971478848738,1.0648792779979013,-2.1053761916223115,0.0352585745674009,0.886691031134804
PTMA,3718.3891292169974,-1.5468039912126206,0.7368208610053186,-2.0992945138688945,0.03579094674843259,0.886691031134804
NOL7,306.1690121280124,-2.532905552848693,1.2077474419255294,-2.0972145871908823,0.03597458377037195,0.886691031134804
IDI1,196.66213023514834,-2.9640379142065574,1.4140223066592341,-2.096174791760808,0.03606668826658114,0.886691031134804
ATOX1,104.43724034113622,-2.1358385392386854,1.0227088781251696,-2.088413022437143,0.03676059379289433,0.886691031134804
TSPAN3,182.90836959609922,-1.8054409464834982,0.8694333576081286,-2.07657197723629,0.03784108151918045,0.886691031134804
HMGCR,654.2302894541385,-2.263853522782232,1.0925358644593486,-2.072109114607895,0.03825526651431862,0.886691031134804
CYB5B,76.0479124815468,-2.149624000907698,1.0382148248951335,-2.0705001983812203,0.03840552748582346,0.886691031134804
TTC39C,404.0352403790922,-1.5431851192911077,0.7498350783366792,-2.05803271129203,0.03958699343013193,0.886691031134804
ACADVL,1110.2802389502297,-1.6134613069508978,0.7847310165022696,-2.056069242862954,0.03977584240111315,0.886691031134804
CXXC5,149.0451326904669,-1.4459312081007636,0.719782304177925,-2.0088451740310354,0.04455355579266864,0.886691031134804
TM7SF2,272.2942336787232,-2.125679297402065,1.0610086633087745,-2.0034514051686405,0.04512885857822311,0.886691031134804
EMD,185.9769180017154,-2.194189471463432,1.0981076328156627,-1.9981551952583199,0.045699837312906375,0.886691031134804
C2,480.85345809147765,-1.6502663108656324,0.8275996504305669,-1.9940394005810238,0.0461477488513584,0.886691031134804
HLA-A,1279.1942909590898,-1.3864751525212435,0.6972675261946176,-1.9884407353487703,0.04676296736572258,0.886691031134804
FGFR4,379.87809370802285,-1.8594314472103868,0.9354592024205887,-1.9877205145867753,0.046842608777368525,0.886691031134804
DGAT2,200.8798055329178,-1.8863891167509779,0.9533475845262726,-1.9787002635437971,0.047849763282452676,0.886691031134804
PRKDC,1997.105646356951,-1.6245827052251716,0.8264261561721002,-1.9657929424088292,0.049322533391531725,0.886691031134804
TMSB4X,1779.9512366835825,-1.7022805919271762,0.867732515986911,-1.9617572933648755,0.049790747950501646,0.886691031134804
YWHAZ,822.4927846330488,-1.3527989051862397,0.6896589102476167,-1.961547781207565,0.04981515690571351,0.886691031134804
TDG,178.96825787961643,-2.1957564135059386,1.1222097751872864,-1.956636327766337,0.05039024075465552,0.886691031134804
PPP2R1B,405.62374730001596,-1.5934479809577013,0.8172952103015523,-1.9496602462282593,0.0512166275121741,0.886691031134804
TAT,2529.871151109775,-1.717390033219708,0.8866063727830675,-1.9370377722740715,0.0527407262844443,0.886691031134804
SLC12A2,656.639706282872,-1.3452987593828603,0.6963736540316687,-1.931863377648231,0.05337637102530558,0.886691031134804
AP1B1,384.282559943038,-1.679923365660455,0.8757196514286071,-1.9183346667165784,0.055068589412828585,0.886691031134804
CAMSAP2,413.0301540238518,-1.266520197469433,0.661444820345893,-1.9147783133400673,0.055520781306277876,0.886691031134804
CALM2,402.7892715387752,-1.6288186770918385,0.8510498724309347,-1.913893333230036,0.055633786421186895,0.886691031134804
COL4A2,1476.3463334937173,-1.4351577779138567,0.7508127571114159,-1.9114722869591414,0.055943914881467334,0.886691031134804
HMGN1,340.1131584287411,-1.396588115287969,0.7323538588210556,-1.9069853984741727,0.05652247833795223,0.886691031134804
NCK2,57.62182087792672,-1.4665421900585445,0.7697948670428951,-1.9051077798065192,0.0567660623303258,0.886691031134804
BCAP31,279.6360705957755,-1.841748406897287,0.96826226964535,-1.9021172926338157,0.05715582221458491,0.886691031134804
TPD52L2,125.4702649433515,-1.7361638577062612,0.9129822615522412,-1.9016402955676892,0.05721819615325593,0.886691031134804
KPNB1,560.1774669927013,-1.4811967591493445,0.7826598076157217,-1.8925167036002921,0.05842217024357863,0.886691031134804
CYFIP1,620.658861589559,-1.6031174611301837,0.8477815100759736,-1.8909559150287685,0.05863022935819259,0.886691031134804
SYTL4,156.3989068126843,-1.6834161922898672,0.8908288701001268,-1.8897189446730165,0.058795559018106174,0.886691031134804
ECM2,156.3298295873074,-2.096856278433647,1.1163011642932048,-1.878396570303041,0.0603269343637122,0.886691031134804
FTCD,841.2060309606065,-1.8454253699634966,0.9833292067985874,-1.87671164163996,0.060557626191516986,0.886691031134804
CETN2,168.46776302832438,-2.3346668271357074,1.2454670038774325,-1.8745312560407774,0.060857238177347964,0.886691031134804
ITGAE,103.29979436767232,1.853327055063731,0.9889813560868594,1.8739757262936296,0.0609337708515164,0.886691031134804
SPPL2A,272.4421643263837,-1.2210035224339906,0.6543810589812481,-1.865890685061805,0.062056661103344235,0.886691031134804
HIST1H4C,250.3283794669014,-2.169276323673606,1.163053436637074,-1.8651561960437417,0.062159513497442455,0.886691031134804
LHFPL2,75.75190904513326,-1.8889138665514427,1.0172870413630473,-1.8568150283527802,0.06333747485505355,0.886691031134804
AP2B1,506.9378286134699,-1.620442897344682,0.8736155699940011,-1.854869524996915,0.063614860781341,0.886691031134804
POSTN,620.2254693396716,-2.062565260740434,1.1148801853139618,-1.8500331137911414,0.06430877705501896,0.886691031134804
EIF3F,484.31587373181605,-1.7814304517572541,0.9645369900198393,-1.8469280807163366,0.06475756433228497,0.886691031134804
QSOX1,346.03492837651345,-1.5870706594486312,0.8593741549666631,-1.8467749469498496,0.06477976428641863,0.886691031134804
CLDN7,72.2585383681693,-2.061902626727319,1.1175765861314537,-1.8449765790680135,0.06504094566570401,0.886691031134804
LYN,244.36966990755442,-1.8422874243978902,1.0004357081790956,-1.84148507428934,0.06555050587342016,0.886691031134804
PM20D2,96.64543594671038,-1.992940292854245,1.0851743383676133,-1.8365162374297845,0.06628134287218615,0.886691031134804
COL15A1,342.38594859490837,-1.6900253007119648,0.9258256797085228,-1.8254249560716815,0.06793692614682025,0.886691031134804
TSN,192.34857597734796,-1.9649924754912798,1.0765202804713279,-1.8253185853878722,0.06795296714142994,0.886691031134804
SPINK1,318.63677191053074,-2.650293286884393,1.4526056982150692,-1.8245097689903165,0.06807504081879183,0.886691031134804
LGALS3,111.9996345309805,-1.8232674299373977,1.001605476975671,-1.8203449080996639,0.06870649651149476,0.886691031134804
SET,1079.8448219587754,-1.4829423272379436,0.8152725552657345,-1.8189528368884993,0.06891862577479566,0.886691031134804
ACOX1,787.9752175185074,-1.2356818074493028,0.6826147786938482,-1.8102183632966788,0.07026193099997716,0.886691031134804
SUMO2,401.6140640221463,-1.6524079147817452,0.9163872941684272,-1.8031763701844181,0.07136052027641315,0.886691031134804
SLC48A1,100.05056708014284,-1.4149898615231153,0.7860118157779499,-1.8002144918427705,0.07182677643342036,0.886691031134804
CHST11,142.643500561437,-1.1644058261173247,0.6482719256293962,-1.7961688299039371,0.07246767038798758,0.886691031134804
PIK3R1,749.5115201533224,-1.4421457799278878,0.8034296682207038,-1.7949869627315371,0.07265577713449842,0.886691031134804
TAGLN,180.5255284187588,-1.721989861971555,0.9596068352965,-1.7944743603660278,0.07273748743136535,0.886691031134804
IGF2R,1520.2086824441908,-1.1952479520594241,0.6679894583039915,-1.7893215786580359,0.07356304080054486,0.886691031134804
DAB2,594.2919726736017,-1.6025062383811148,0.896132154831615,-1.7882476705483568,0.07373605838765075,0.886691031134804
HMG20B,250.93576157938108,-1.7121880598398158,0.959192863556237,-1.7850300235677588,0.0742564470854562,0.886691031134804
CYP3A43,246.23200429472803,-1.7649675651408698,0.9946167109719364,-1.7745203209145248,0.07597712385468865,0.886691031134804
CDC42SE1,83.47494047276315,-1.7214868552223683,0.9703674348191653,-1.7740567062034387,0.07605377102174518,0.886691031134804
PITX1,67.80596922483714,-1.7992196533608396,1.0152916580507931,-1.7721209852300666,0.07637447614660031,0.886691031134804
NUDT6,17.365291767145536,2.124028109197336,1.198902823495973,1.7716432621317204,0.07645379348993349,0.886691031134804
TMEM176B,1163.2495519670617,-1.5836533017526646,0.897497696575046,-1.7645207422771856,0.07764434628525191,0.886691031134804
GLUL,2121.4920583914654,-1.45432603275291,0.8252225173389661,-1.7623440977381075,0.07801117751637798,0.886691031134804
TSC22D2,255.56414290468504,-1.0745881060442077,0.6107267302700685,-1.7595236179838007,0.07848861231009896,0.886691031134804
PTOV1,108.27086716948108,-1.5407349812009836,0.8767939023829459,-1.7572373359504236,0.07887736382603405,0.886691031134804
USP1,179.52358879315565,-2.0520129916164365,1.1679831758106125,-1.7568857446874462,0.07893728592368066,0.886691031134804
COL3A1,4883.837004012017,-1.2147689523239351,0.6922184812673993,-1.754892400589747,0.0792777142925323,0.886691031134804
ASGR1,591.1592477448611,-1.3297426113133937,0.7578866818625533,-1.7545401484631835,0.07933799675623518,0.886691031134804
PTP4A2,609.5885439223033,-0.8053450142887723,0.4610169104786241,-1.7468882290080627,0.08065672803961652,0.886691031134804
SREBF1,434.2249866748982,-1.517464552893787,0.8691578266751673,-1.745902189822785,0.08082794931226948,0.886691031134804
IGF2BP2,271.88826514731744,-1.9616091209515651,1.1235579880155175,-1.745890414090913,0.08082999589714883,0.886691031134804
SNRPB2,158.22837541072846,-1.9299001412753378,1.1111711755823381,-1.7368162382937296,0.08241961188716085,0.886691031134804
FBRS,357.0430355991385,-1.4718574013187076,0.8516805603846417,-1.7281801062290039,0.08395593921150121,0.886691031134804
TMEM65,97.42730035296788,-1.372900905110557,0.7960681485849409,-1.7246022310413636,0.08459918110604402,0.886691031134804
GADD45B,452.9051372691011,-1.7143213523698306,0.9981602743651817,-1.7174810462779826,0.08589131462502331,0.886691031134804
RIN2,198.08728679084163,-1.756359095055868,1.0243245967569448,-1.714650903255253,0.08640925006901132,0.886691031134804
TPM2,389.496303372229,-1.4106952467737415,0.8233877746604297,-1.713281749119388,0.0866607183655553,0.886691031134804
PRODH2,144.0149948078932,-1.9317435104943004,1.1292028517533508,-1.7107143393189435,0.087133859315671,0.886691031134804
ACSL3,539.3242268257166,-1.6164110291605416,0.9456327457908161,-1.7093433326579288,0.0873873710284346,0.886691031134804
MIR1-1HG,12.649220201657537,-2.5228017350040597,1.476233699561058,-1.7089446852176502,0.08746119617820766,0.886691031134804
SLC35D2,52.75923258562937,-2.039318634725299,1.1935788188666838,-1.7085747522410415,0.08752974872893529,0.886691031134804
SALL4,73.3159403373398,2.0164448796825356,1.1802240647424704,1.7085271686292314,0.08753856962859971,0.886691031134804
MVK,195.22301799099608,-1.7127977850999239,1.0059465995742571,-1.7026726725104737,0.08862934169421613,0.886691031134804
HSPA5,1369.7478341833028,-1.471384018525168,0.8657791746485651,-1.6994911192249786,0.0892266864630216,0.886691031134804
DUS1L,168.2524618044348,-1.6846026076570997,0.991514834321757,-1.6990190659219409,0.08931559130792943,0.886691031134804
RPL9,1836.4307749723184,-1.4513644513110837,0.8546323663656743,-1.6982324896996515,0.0894638907609063,0.886691031134804
ALDH4A1,43.19848447548205,-2.0600544320533904,1.2141475317788675,-1.6967084955772804,0.08975178571540081,0.886691031134804
GSTP1,106.96713128503472,-1.7183554920775694,1.0149520788859678,-1.6930410093486103,0.09044766154495429,0.886691031134804
STAT1,1137.2351648960748,-1.5036371193827929,0.8891580530511923,-1.6910796840032922,0.0908215847932429,0.886691031134804
PRKCI,191.78421085831832,-1.7407368582098872,1.0300903094060714,-1.6898876169542454,0.09104945708914093,0.886691031134804
RPS25,1777.7343357437046,-1.5492607691655034,0.9177509213847309,-1.6881059262004672,0.09139089706565741,0.886691031134804
TPRKB,63.23836098833373,-1.893423109258948,1.1228637451736567,-1.6862447624632497,0.09174866545820216,0.886691031134804
TGFB1I1,101.30135831965697,-1.6484653026946108,0.9797583096271606,-1.682522400164099,0.09246758500527741,0.886691031134804
INSR,857.2204149366504,-1.295037439948812,0.7703219624724982,-1.6811638549057302,0.09273109212262619,0.886691031134804
YAP1,233.3933768407201,-1.5514774087508525,0.9232400892025241,-1.6804701473600294,0.09286587784235069,0.886691031134804
PFN2,74.0496325532164,-1.758175899054476,1.0465485389832718,-1.679975494268574,0.0929620837719177,0.886691031134804
TCEAL1,53.17087883775602,-2.296011915075103,1.3673648188311471,-1.6791509357669328,0.09312263137578305,0.886691031134804
PLXNB1,592.8518181165731,-1.6567981066148703,0.9867016333762616,-1.6791277632182442,0.09312714645396057,0.886691031134804
GSTZ1,144.81118807180658,-1.8876035951480061,1.128106455345388,-1.673249529070451,0.0942781836733431,0.886691031134804
ATP6V1B2,204.37207225496172,-1.6413018391025451,0.9857139408215095,-1.6650894048781113,0.09589492021449787,0.886691031134804
ACACB,818.5104135123562,-1.0477701347935653,0.633845830152457,-1.653036251010042,0.09832348601965911,0.886691031134804
CSNK2A2,166.1073052604608,-1.4878265207917742,0.9016761725459562,-1.6500674699995395,0.09892913720657694,0.886691031134804
ABHD2,561.3354345246031,-1.2152946520874583,0.7372645690153508,-1.648383366246038,0.09927402716841661,0.886691031134804
FXYD6,88.95714369646758,-1.7094773450601743,1.0373855336257187,-1.6478708152845147,0.0993791834201405,0.886691031134804
NPEPPS,856.8846222534407,-0.9748611021650203,0.5920538202663038,-1.6465751402913522,0.09964540369484996,0.886691031134804
DSP,3203.182731007071,-1.5354274542897874,0.9342280472175108,-1.643525324317632,0.10027429013902223,0.886691031134804
SNRPD1,139.30480217345132,-1.2753740998186138,0.7764674950789097,-1.642533792981253,0.10047942881203342,0.886691031134804
TST,163.00215924420138,-1.8260826958311123,1.1134928354614573,-1.6399590888021665,0.10101367357945136,0.886691031134804
SOX4,194.7259136499189,-1.0763051508023287,0.6566429381500878,-1.6391026054959557,0.10119189252515107,0.886691031134804
CPE,168.90446235824763,-1.8740899439589809,1.1436723730330445,-1.6386598016605516,0.10128413029739297,0.886691031134804
CBS,500.7867906038538,-1.6536680437640423,1.0096713469863303,-1.637828040480613,0.10145757042945955,0.886691031134804
ABLIM1,504.3893355966367,-0.6126793883762796,0.375133803259649,-1.633228952049979,0.10242085299224274,0.886691031134804
NKG7,23.437012646176733,-2.0112259790469467,1.2355741056684093,-1.6277663717781885,0.10357443357098273,0.886691031134804
SAP30BP,243.92087507492357,-1.612025408425712,0.9904423509068461,-1.6275812589695364,0.10361370561983971,0.886691031134804
DHRS2,67.3562363056976,-1.712248473344006,1.0549001960950575,-1.6231378851594358,0.10455993249186425,0.886691031134804
S100A11,131.73877481447082,-1.7805122622054208,1.0975159380281387,-1.6223110758686505,0.1047367583487443,0.886691031134804
MASP2,312.5383048615666,-1.6391775924116547,1.010910658952605,-1.6214861104639962,0.10491342641181813,0.886691031134804
ROCK2,813.6850134081751,-1.4238321655855048,0.8804013310827756,-1.6172535357646292,0.10582356447810293,0.886691031134804
AQP1,40.83126916936281,-1.8451127509120682,1.142307020457326,-1.6152511696666032,0.10625631348196628,0.886691031134804
COQ8A,429.5752813460001,-1.4410950265238593,0.8927229710308434,-1.6142690098584567,0.1064690889929226,0.886691031134804
HOMER1,58.42206421126242,-1.7824381143158723,1.1049155182437678,-1.6131895017177493,0.10670334357015203,0.886691031134804
ARSA,141.34421866316563,-1.3663588260263342,0.8472978151624465,-1.612607517186117,0.10682980428918752,0.886691031134804
LAMC1,829.684778603706,-1.4691537248585067,0.9125903528691158,-1.6098720748467232,0.10742578645262138,0.886691031134804
CD81,859.6448385127403,-1.1559654732119553,0.7189791631426239,-1.6077871689066547,0.10788179957190315,0.886691031134804
SLF2,179.8680925337317,-1.266645323812168,0.7880716501518152,-1.6072717798796083,0.10799476198853236,0.886691031134804
NME1,32.894012666554815,1.9028658825343618,1.1851506553819755,1.605589866480786,0.10836405344640869,0.886691031134804
PDLIM7,169.91267085871874,-1.4866965428547718,0.9261608982242873,-1.605224908226195,0.10844431776673161,0.886691031134804
HLA-B,1844.2398531449305,-1.3667762649186794,0.8525625625185732,-1.6031389659910196,0.10890397682290666,0.886691031134804
DEK,451.36527090101043,-1.3723439860231623,0.8561844856303891,-1.602860141775095,0.10896553522799401,0.886691031134804
COL5A2,809.7024944710058,-1.2950668165318397,0.8082412544603387,-1.6023270395873985,0.1090833093635805,0.886691031134804
PFN1,341.7120659935645,-1.5093889629251067,0.9435821503230439,-1.5996370452836073,0.10967912526170974,0.886691031134804
COL4A1,1723.9337854385044,-1.12777115234165,0.7067113231493267,-1.595801730352853,0.11053306686265309,0.886691031134804
LSM8,58.78325681206257,-1.5367552807269071,0.9673815048093813,-1.5885721125397354,0.11215702841615863,0.886691031134804
AGXT,1837.1263035028107,-1.4481636855044446,0.9118388489669718,-1.5881794103695832,0.11224577557059524,0.886691031134804
TPR,1697.676755120067,-1.3034211402260811,0.8232064789958347,-1.5833465521505892,0.11334249793324179,0.886691031134804
ATRX,1071.3304406809496,-1.3014093406552711,0.8234608969667732,-1.5804142557940835,0.11401202896441241,0.886691031134804
HILPDA,20.77897066921009,-1.9485047100127093,1.2329727654371245,-1.5803306971844653,0.11403115342859632,0.886691031134804
NFIC,715.7915292088929,-1.171734847478638,0.7442125357687155,-1.5744626583968035,0.11538052787664686,0.886691031134804
TBL1XR1,319.6737616884299,-1.1275477603229587,0.7164501438978246,-1.5737979396424855,0.11553417054959134,0.886691031134804
LRP1,6256.595228023899,-1.1344855649266368,0.7209861111544164,-1.5735193055385497,0.11559862168767261,0.886691031134804
ABCC6,997.7192813100073,-1.4973879136726085,0.9516596950632507,-1.573448913976636,0.11561490850328905,0.886691031134804
UGT2B11,108.10444814621621,-1.8824013386979879,1.2012834586950814,-1.5669918078642193,0.11711660647606013,0.886691031134804
HNRNPA1,3078.2593337681064,-1.1840946788852171,0.7558598721187022,-1.5665531701876931,0.11721917123328769,0.886691031134804
RAN,700.0565535185393,-1.4862078118944662,0.9494112635674994,-1.5653993889959812,0.11748929160864716,0.886691031134804
GREB1,314.1153013704495,-1.269801536963036,0.8114194509869765,-1.5649138499434574,0.11760311075601612,0.886691031134804
APOC2,2.4576532411896688,-4.560261593472539,2.9221258886455836,-1.5605972388774247,0.11861881066484278,0.886691031134804
DUT,92.36227275462096,-2.012752037214549,1.2904139208860896,-1.5597724146004646,0.11881367248781403,0.886691031134804
TMEM184B,157.1625739664492,-1.529626955063161,0.98282306503043,-1.55636045742964,0.11962240254468844,0.886691031134804
WDR34,49.83691499364446,-2.104333623048322,1.3522275733436817,-1.5561978357273778,0.11966105587419332,0.886691031134804
ANXA4,685.3930106198211,-0.9354550545603801,0.601150395295131,-1.5561081916965627,0.11968236742381276,0.886691031134804
SMIM14,376.89417584697776,-1.1783032674106833,0.7573635756532868,-1.5557960605569157,0.11975659521041675,0.886691031134804
DDR1,214.33954061048564,-1.4707670809892248,0.9456552771944864,-1.5552888208403053,0.11987729860186182,0.886691031134804
ARPC1B,20.44769319600877,-1.659559674538717,1.0675782623031365,-1.5545086792592342,0.12006312800014043,0.886691031134804
ZNF532,403.3248145211175,-1.0171047405420597,0.6555232622867314,-1.5515921387655798,0.12075984534102263,0.886691031134804
BHLHE40,498.17784068334623,-1.2724911466682425,0.8205499162970491,-1.5507784735518577,0.12095478103996518,0.886691031134804
SLC22A7,263.64764547171774,-1.5458270407139314,0.9968416538608571,-1.5507247662924244,0.12096765673632813,0.886691031134804
GPX3,643.3868566278318,-1.6209256600516706,1.046824188569248,-1.5484220538188735,0.12152071487196131,0.886691031134804
VCL,555.2576431893872,-1.4644856498665724,0.9473198231201994,-1.545925266340334,0.12212261770062259,0.886691031134804
AR,1034.4990295967368,0.6159019617537795,0.3985772563916453,1.5452511448585746,0.12228552764467948,0.886691031134804
APOA1,6222.2250842578405,-1.3732428517914788,0.8896439880469266,-1.5435869519067031,0.12268842800238174,0.886691031134804
TTF2,211.68193232424778,-1.6499529835423976,1.069758764288477,-1.542359865254128,0.12298616880790485,0.886691031134804
PRDX3,254.10636346963562,-1.6224920634645468,1.0529767580121845,-1.5408621805931373,0.12335033201498438,0.886691031134804
NFKB2,230.85971686997033,-1.5699602117014746,1.0204677052837536,-1.538471235858393,0.12393343629652974,0.886691031134804
MT2A,516.087261621643,-1.6112271450508464,1.047763924261804,-1.5377768863210548,0.12410317689001321,0.886691031134804
SELENOP,639.623734859301,-1.7658820678423666,1.1490097464661586,-1.5368730102363641,0.12432441000665341,0.886691031134804
PAM,467.75826501360183,-1.3615973690909784,0.8867878383273557,-1.5354262995523262,0.12467914770892469,0.886691031134804
CD53,177.29859108505244,-1.788197944657206,1.1697870470544303,-1.5286525433496283,0.12635060285503397,0.886691031134804
PUF60,613.3448957814676,-1.388547207658736,0.9091760179786151,-1.5272589467833897,0.12669663356147545,0.886691031134804
CHP1,691.5752042276137,-1.1753878478217388,0.7705213632719471,-1.5254448531194045,0.12714817855970462,0.886691031134804
ARF5,124.02134000954409,-1.6993757423502216,1.1164892250437606,-1.5220708845476003,0.12799132040061567,0.886691031134804
SMAD7,91.87266131853563,-1.657075051408319,1.0904819844927924,-1.5195804011187417,0.12861646675382676,0.886691031134804
DAD1,227.13173572766348,-1.7938890675416672,1.1809271323362325,-1.5190514456152853,0.12874954703167557,0.886691031134804
NECTIN2,223.13656520407912,-1.3844223288604263,0.9114207972148978,-1.5189716244032585,0.12876963859335475,0.886691031134804
PTK2,662.1578900680908,-1.2198040478856018,0.8033838543392084,-1.5183327886131135,0.12893052584982773,0.886691031134804
ID3,74.38198771766291,-1.865532929824576,1.2289078895833447,-1.5180412996266759,0.12900398760435391,0.886691031134804
STX5,313.24291072931965,-1.1787291765266854,0.7781675455372962,-1.5147498546894758,0.12983576379141715,0.886691031134804
SLC29A1,367.01168022773936,-1.4197516141214501,0.9374224129140262,-1.5145270633204497,0.12989221516301802,0.886691031134804
RPL24,810.3929430538732,-1.3951134966253085,0.9230397792076861,-1.511433773550733,0.13067796992961866,0.886691031134804
PTPN18,234.7062774901585,-1.274078221470658,0.8434399124564106,-1.5105737855825063,0.13089707707854714,0.886691031134804
DR1,135.9233900412691,-1.3135994467233358,0.8709388010365491,-1.5082568891866497,0.1314887922628772,0.886691031134804
NDEL1,129.26134274055147,-1.4548421932754287,0.9678331818022133,-1.5031951999892692,0.132788714962051,0.886691031134804
POGK,188.96211926414176,-1.3982567282728597,0.9301991412159212,-1.5031799819177551,0.13279263815487266,0.886691031134804
CRABP1,3.794719290788549,3.750571658362544,2.499688841937773,1.5004154098856077,0.13350683028002597,0.886691031134804
BRD3,154.15198133829585,-1.3625990665507373,0.9091240873279798,-1.4988042727539785,0.13392441583523002,0.886691031134804
PPP1CB,248.9229892054011,-1.313401183750423,0.8768178305334112,-1.4979179688344348,0.13415456452563235,0.886691031134804
WNT11,6.588351824594834,2.9461864484511553,1.9690927450080515,1.4962151762125906,0.13459759100319119,0.886691031134804
PSRC1,47.733078248813065,-1.920068756918429,1.2835598551792613,-1.4958934319820036,0.1346814281616235,0.886691031134804
PBXIP1,282.02645607325155,-1.238237046134557,0.8279273454186235,-1.4955866030834741,0.13476141641656167,0.886691031134804
HMGCS1,483.3633204014325,-1.5196371690603059,1.0180875755877978,-1.4926389492406251,0.1355317220980104,0.886691031134804
TIMM17A,121.04560363707311,-1.2454235749755793,0.8346353936132657,-1.4921768049925943,0.13565280132380417,0.886691031134804
NDUFV2,24.5708089615118,-1.9712113660448318,1.3232025493259367,-1.489727605988216,0.1362958728951955,0.886691031134804
PLPPR1,61.03552063595229,-1.8923674508991999,1.2719637060165865,-1.4877527101976316,0.13681612115874522,0.886691031134804
SKIL,327.4483437499484,-1.1010998628712934,0.7413859197760657,-1.4851912256492257,0.13749317567334057,0.886691031134804
IL7R,283.99711798105847,-1.282132229761386,0.8640304944517347,-1.4838969665937023,0.13783625675098607,0.886691031134804
MCM3,270.91492319760215,-1.6879838120695774,1.140062761166836,-1.4806060416726121,0.13871158447859283,0.886691031134804
PSMB9,67.6165043393545,-1.7123768846470198,1.1568006655519785,-1.4802696226233087,0.13880130666862495,0.886691031134804
VCAN,1682.869702866363,-1.2991341900368527,0.8804114791890247,-1.4755988770540869,0.14005160677822495,0.886691031134804
FLNA,2889.6144751999777,-1.2774819571196734,0.8668177325210437,-1.473760756375228,0.14054601794394617,0.886691031134804
MZB1,30.1116610281467,-1.6168198020249323,1.099809295051583,-1.4700910506026417,0.1415370958413891,0.886691031134804
HMGXB4,147.05270780779935,-1.4589596633497186,0.9930374749593619,-1.4691889280506998,0.14178155254583447,0.886691031134804
GLS,222.6081349163556,-1.24754041314747,0.8491531946145753,-1.4691582403028232,0.14178987399668044,0.886691031134804
ADAM15,217.35536022108093,-1.3992508783559598,0.9531948470318711,-1.4679589201652223,0.14211538188248996,0.886691031134804
SLC17A2,153.4524504061176,-1.6687386103615411,1.1379316041307246,-1.466466529538306,0.14252123313734816,0.886691031134804
ENPP2,356.970745639738,-1.6670655479426573,1.139166113862632,-1.4634086527469188,0.1433555924298811,0.886691031134804
PFDN6,46.346509827538476,-1.7687882970837454,1.2119465618610452,-1.459460633617066,0.14443836802937277,0.886691031134804
DHTKD1,404.1224578421615,-1.1129146475823202,0.7632696141642238,-1.4580885010088551,0.14481615050684432,0.886691031134804
CAP2,152.67942459121366,-1.4152702179537402,0.9726452775595185,-1.4550733454490417,0.14564895739004216,0.886691031134804
HLA-DPB1,190.38997757689557,-1.3044290153128155,0.8979366620132716,-1.4526960202161072,0.14630817247173175,0.886691031134804
ARHGEF2,278.4771670929492,-1.1925166520974981,0.8211788939673029,-1.4522008064968372,0.14644577852102947,0.886691031134804
NBL1,41.95306406143868,-1.98141198556085,1.3667027668695388,-1.4497753524706147,0.147121174887456,0.886691031134804
DHCR24,1107.9995545091351,-1.209554754927366,0.834708454585866,-1.4490745221066164,0.14731677223791012,0.886691031134804
SRPK1,400.57226208067976,-1.4118909908335107,0.9745755796783551,-1.4487239576631763,0.14741468713460748,0.886691031134804
GPN3,115.74945058076726,-1.61323935181517,1.115652799743205,-1.4460048432509618,0.1481758433804902,0.886691031134804
RBM39,1310.5251999734262,-1.1285441738761284,0.7805260249475316,-1.4458764189855053,0.14821186703709135,0.886691031134804
ACOT2,320.11091528051395,-1.6200297399084114,1.1204878702689294,-1.445825325641041,0.1482262008390087,0.886691031134804
ARHGAP29,441.02337246964635,-1.175218610470355,0.8128737015770442,-1.4457579427041751,0.1482451061662407,0.886691031134804
TMEM97,234.44357739439093,-1.5577760497226671,1.078806517186424,-1.4439809408877293,0.14874433660431052,0.886691031134804
MST1,424.48009246400346,-1.286917719254248,0.8913799693275388,-1.4437364126828032,0.14881313465218546,0.886691031134804
MFSD10,118.60548887720697,-1.8895408975100554,1.3087927088393452,-1.4437281662317065,0.14881545521586909,0.886691031134804
ITGB1BP1,90.3605226831704,-1.4919017263564212,1.035450158190427,-1.4408242777843578,0.14963433282914868,0.886691031134804
DNAJC10,417.9855293864021,-1.2116207962143197,0.8413223272734183,-1.4401386447700435,0.14982817761546363,0.886691031134804
SLC2A8,70.99000825128027,-1.8803077694635415,1.3067904162885753,-1.438874777490194,0.15018600492774564,0.886691031134804
SORL1,1043.0833379437895,-1.124341764165223,0.7823319003453203,-1.437167222337399,0.15067048411354436,0.886691031134804
FNBP1L,215.09282838698002,-1.3282684154444888,0.9247205704056346,-1.4363997708646574,0.1508886183234627,0.886691031134804
RPSA,928.6668631095049,-1.2366728353711443,0.8623737323540442,-1.4340335158346786,0.15156269867260241,0.886691031134804
ITIH2,4840.830693681239,-1.2161077849567707,0.8487811368333871,-1.4327695706030854,0.15192370012075887,0.886691031134804
UPB1,256.08928963585214,-1.1512579474444806,0.8037567102405198,-1.4323462968041327,0.15204473960240875,0.886691031134804
STOM,840.1759542921833,-1.149911820416003,0.8028922606033306,-1.432211863085971,0.15208319766031866,0.886691031134804
XPO1,536.1473359524427,-1.1546371371442872,0.8062630638463254,-1.4320848726915787,0.15211953317479185,0.886691031134804
TRIM28,414.1525531420397,-1.152450513363092,0.8051900763496819,-1.4312775917305272,0.15235067346963796,0.886691031134804
SELENOM,80.71818602269634,-1.408412714893255,0.9849771511371364,-1.4298937932390319,0.15274750369529252,0.886691031134804
CYBA,229.91181930203732,-1.1984606567468177,0.8396698373516192,-1.4272998783984563,0.15349347565685834,0.886691031134804
ACSM5,279.5296707189708,-1.4547390462634189,1.0194785034162528,-1.4269443067103584,0.15359594839588464,0.886691031134804
OAZ1,472.5005717983347,-1.1889917621791366,0.8342965004767501,-1.4251429335969883,0.15411588821772276,0.886691031134804
PAPLN,163.61679283213797,-1.3483749719326161,0.9461644816206565,-1.4250957398263624,0.15412952796318513,0.886691031134804
ARHGEF12,1330.0221609927282,-1.1049125833191238,0.7753994081006493,-1.4249592813407237,0.15416897178310698,0.886691031134804
CDC14B,150.82273705811497,-1.3607552223357529,0.9572130812315611,-1.421580261507699,0.1551481382545314,0.886691031134804
AOC1,29.823545685134246,1.6438669037159406,1.157450184660218,1.420248513069714,0.15553534464034266,0.886691031134804
YWHAQ,278.771585065956,-1.453045693155212,1.0231098646380155,-1.4202244972677607,0.15554233397111178,0.886691031134804
RGS5,246.7734088995477,-1.3578157012520666,0.9594038731979052,-1.415270189316796,0.15698929194963673,0.886691031134804
RPL13A,3755.5816019107083,-1.2331121357826451,0.8724013321971491,-1.413468882122226,0.15751790468279958,0.886691031134804
CFI,112.87998626566251,-1.3488981157897972,0.9552239014187317,-1.4121276841862593,0.15791236861252222,0.886691031134804
LAMB1,871.8570115681151,-1.0629715144944658,0.7534588829849863,-1.410789013838791,0.15830683483212893,0.886691031134804
PLXNC1,390.2840685817966,-1.1990079542940022,0.85058731739656,-1.409623597450139,0.1586508554214846,0.886691031134804
CHN1,105.68798568567448,0.9912875882043937,0.7035013475856372,1.4090770282195149,0.15881239262639424,0.886691031134804
KIF5B,686.8404793106994,-1.2607013180826905,0.8956877748461203,-1.4075231944516375,0.15927230441132834,0.886691031134804
RHOB,722.2263115371424,-1.2620571536815182,0.8971015484169491,-1.4068163809421355,0.1594818438799369,0.886691031134804
SMARCA2,869.6975062243013,-1.112502116939306,0.7920200727132913,-1.4046387904388733,0.16012871565330122,0.886691031134804
ITPR2,1958.9253743844006,-1.1553807046365505,0.8230163532540887,-1.4038368740406444,0.16036743082463112,0.886691031134804
NPC2,197.0766431603095,-1.289337040053528,0.9191782329047059,-1.402706236829694,0.16070445673949396,0.886691031134804
ARPP19,255.3842806814459,-1.2090857239602961,0.8634466064162366,-1.4003016688879535,0.16142300130625997,0.886691031134804
POLRMT,244.60450579138512,-1.4087838300981856,1.0067516851833938,-1.3993359542691561,0.16171226268292682,0.886691031134804
EPRS,702.8085531421829,-1.3523964594262035,0.9670825941254357,-1.3984291183000968,0.16198424419366309,0.886691031134804
AMD1,149.5285772131203,-1.099292969009761,0.7861492271578581,-1.3983260824207664,0.16201516891668433,0.886691031134804
ACLY,469.2169106114288,-1.2690443612501086,0.9082507569574297,-1.3972400810336891,0.16234138751387195,0.886691031134804
TGFBR1,201.16349476722172,-1.1003280863067402,0.788404639256931,-1.395638776737534,0.16282329924692107,0.886691031134804
TPMT,203.2773769080251,-1.1903026435237565,0.8528828168829184,-1.395622727954617,0.16282813457540302,0.886691031134804
RPL38,426.45273555050346,-1.3426486751227418,0.962063054378949,-1.3955932191881917,0.1628370255371403,0.886691031134804
FDPS,190.47576984124282,-1.3076354794257352,0.9380133742013433,-1.3940477986671573,0.16330317109887194,0.886691031134804
SMARCA1,1045.3079946233636,-1.3644544833551433,0.9796426115397088,-1.392808425524308,0.1636777298826423,0.886691031134804
TNS2,485.91173693674216,-1.2408881135820324,0.8915748223783467,-1.391793579670481,0.1639849147249176,0.886691031134804
PFKFB1,94.02139611403332,1.8107267989207279,1.3026871902652308,1.38999355520803,0.16453083439995053,0.886691031134804
RB1CC1,786.9323014159158,-1.2233297031631614,0.8806233466323526,-1.3891633782381239,0.1647830750043381,0.886691031134804
CSTB,242.41431868970233,-1.4651623717203948,1.0554885274442007,-1.3881367098022313,0.16509542006061984,0.886691031134804
SERINC2,215.46454103756903,-1.1042670916215824,0.7959823428519043,-1.3873009891967363,0.16535000161267122,0.886691031134804
BLVRA,165.36120603160003,-1.561831623860349,1.1262020057634563,-1.3868130369751717,0.16549878070026758,0.886691031134804
MRM1,39.15821124294809,-2.1322022190990624,1.5396939754871057,-1.3848220835081904,0.16610687658601786,0.886691031134804
FAT1,1660.9682448885924,-1.1013564578850816,0.7956677548901052,-1.384191392847379,0.16629985816032278,0.886691031134804
ANXA6,645.5023506088977,-1.2339460684062142,0.8940598842869393,-1.3801604233595073,0.1675372564946358,0.886691031134804
ZER1,140.04948669807598,-1.5017831671324713,1.0890573829949903,-1.3789752409578766,0.16790238777662791,0.886691031134804
HPX,2699.926583896842,-1.1723783267988095,0.8505133684886186,-1.3784360954633228,0.1680686854619159,0.886691031134804
HFE2,268.7621131345552,-1.4577368492031548,1.0591544400020128,-1.376321331571234,0.16872217152392222,0.886691031134804
CAPRIN1,782.6085539314935,-1.3059654805985392,0.9506441317334932,-1.3737690445920283,0.16951339412486743,0.886691031134804
MAPK13,101.55626711597371,-1.4069594986713627,1.025081101644826,-1.3725348135028357,0.16989700897268134,0.886691031134804
MARCKSL1,32.23714156677362,-1.5836831097931114,1.1540297652416802,-1.3723069867798878,0.16996789153378822,0.886691031134804
TTC3,1093.0459794344295,-0.9301561883556984,0.677922289595526,-1.3720690448320627,0.17004194485578883,0.886691031134804
BLMH,88.1985387940902,-0.9354660436316709,0.6827385595442826,-1.3701672925227484,0.1706346856960721,0.886691031134804
MSN,811.3577138656153,-1.1371032603529043,0.829941725642461,-1.3701001229606433,0.1706556494650101,0.886691031134804
TUBA1C,1199.142917266755,-1.3130533916365972,0.9591755799821864,-1.3689395550092955,0.1710181700211637,0.886691031134804
LMNB2,208.82452739175926,-1.508256241810846,1.1023513824970348,-1.3682173087081904,0.17124406527703462,0.886691031134804
ARF4,197.15054704582704,-1.4132111017984281,1.0329051938036011,-1.3681905273361799,0.17125244591665278,0.886691031134804
IVD,374.35676275992205,-1.082105431967991,0.7915820269348913,-1.367016171600111,0.1716202366816535,0.886691031134804
ZBTB38,351.1531598919349,-1.0056657441404728,0.7357031150498933,-1.3669450673350372,0.17164252444864458,0.886691031134804
CCL5,110.44968738530368,0.9815524061006966,0.7182834625490288,1.366525135657982,0.17177419701187613,0.886691031134804
SELENBP1,207.7191164667611,-1.314297114279692,0.962896043646512,-1.3649418573810057,0.17227132503329257,0.886691031134804
TRAF3,149.5359698241168,-1.2246470541835504,0.8976258755829415,-1.364317905149774,0.17246753299342843,0.886691031134804
CYP2C9,1743.608009611202,-1.2353343803917298,0.9055363660525013,-1.3642018440152932,0.172504047996486,0.886691031134804
G6PC,1190.7672341048606,-1.220393478380797,0.8956404417328763,-1.3625930915084539,0.1730107873265977,0.886691031134804
PTP4A3,170.76613898800443,-1.3313416587542337,0.9772748362615333,-1.3623001527872625,0.17310317944679554,0.886691031134804
LBR,587.8079244775018,-1.0283437311820918,0.7561895012233432,-1.3599021535190117,0.17386088943227151,0.886691031134804
DDIT4,101.75608054769364,-1.4749546315783173,1.0847556881854867,-1.3597113595647803,0.17392128196778966,0.886691031134804
TNFRSF1B,232.4159442569778,-1.2924685380786518,0.9505837130796061,-1.3596577768952527,0.1739382454558137,0.886691031134804
PRKCA,255.25666352096832,-1.039186541001061,0.7651244277120259,-1.358192868196054,0.17440249299754362,0.886691031134804
CYP1B1,142.9714258554753,-1.343124839809533,0.9904098094956193,-1.3561303885848415,0.17505768556364343,0.886691031134804
TM9SF4,311.5383085764869,-1.3090599066318973,0.9655392936195706,-1.3557810803582648,0.17516883275574424,0.886691031134804
SLC9A3R1,399.8854669871019,-1.2441399702943585,0.9181492916571582,-1.3550519306602342,0.17540101225407523,0.886691031134804
NAT2,9.560298850032733,2.1486333389781116,1.5863845871515143,1.3544214665096825,0.17560195282453195,0.886691031134804
ATAD2,966.3125743482444,-1.2817884085408622,0.94745850606507,-1.352870231609732,0.1760970909627908,0.886691031134804
SH3BP2,461.1087017276623,-0.9699580263878868,0.7174417297241266,-1.3519676737522066,0.17638565671192352,0.886691031134804
RPL36A,8.685323843384484,1.8150387647119295,1.3456997958117471,1.3487694434976634,0.1774110323151381,0.886691031134804
SVIL,477.8592685741355,-1.0791264997531704,0.8000894504649507,-1.348757315980188,0.1774149289150765,0.886691031134804
ACADM,402.2188091776477,-1.2925017171453643,0.9601333008780978,-1.346169032949171,0.1782480095051211,0.886691031134804
LRRC59,226.0865483631627,-1.1357948824476596,0.845902552282683,-1.342701803396499,0.17936855053412437,0.886691031134804
ACO1,497.2911560993139,-1.3194934285630122,0.9837985211835104,-1.3412232282842431,0.17984798689433157,0.886691031134804
FOSL2,308.89755348344613,-1.1236857849278041,0.8383047709161145,-1.3404263269309802,0.1801067813204289,0.886691031134804
IARS,380.1486250471771,-1.2169258074639273,0.9079549587054111,-1.3402931453770084,0.1801500591204359,0.886691031134804
BACE2,129.0120582155949,-1.2248127410972771,0.9139592583525803,-1.3401174394852273,0.18020716716905416,0.886691031134804
SLC25A13,810.5760036637248,-1.0863683016710464,0.8118684099540532,-1.3381088466448992,0.18086095733459473,0.886691031134804
ALDH5A1,343.01551038651377,-1.0814552434402602,0.8086760663376491,-1.3373157540546239,0.18111959071599992,0.886691031134804
TOB1,318.6330902334428,-1.3544201043308102,1.0134639078528014,-1.3364265800055808,0.1814098833252571,0.886691031134804
JARID2,278.9754956489175,-1.3275852931111423,0.9958643830645368,-1.3330984777523753,0.18249948887679823,0.886691031134804
FAM169A,119.649171674726,-1.777887256389566,1.3338528330215529,-1.3328961129558423,0.18256589835206372,0.886691031134804
ITGB2,353.64296783532734,-1.219369343043184,0.916075089132668,-1.3310801237894947,0.183162648297312,0.886691031134804
SOD2,673.1226355066426,-0.9506592491412647,0.7143138503074924,-1.330870525234856,0.18323161715384784,0.886691031134804
RPLP0,1147.3221938311628,-1.1878983126465315,0.8935715702988388,-1.329382393230416,0.18372184361192279,0.886691031134804
MSH6,436.85966494794883,-1.2138268583569356,0.9143923629281523,-1.327468281198135,0.18435382562232083,0.886691031134804
VCPIP1,210.31467795912116,-1.216484576117748,0.9173687067608847,-1.3260585053233445,0.1848203191640786,0.886691031134804
ASAH1,372.26287445750165,-1.246242052763272,0.9399425278541305,-1.3258704823245067,0.18488260175944338,0.886691031134804
IL32,758.4678393550556,-1.1245516463175127,0.8487310171688348,-1.3249800273221426,0.18517777581169748,0.886691031134804
RPS6KC1,178.43802584648856,-1.2617656553281675,0.9525785058896941,-1.3245791790669237,0.18531076543350666,0.886691031134804
AADAC,226.2145900285637,-1.5207009273708594,1.148746194551854,-1.323791917294761,0.18557216125009768,0.886691031134804
ELL2,536.8316780022159,-1.304689524438846,0.9857085947637845,-1.3236057100136192,0.1856340278122145,0.886691031134804
SLC37A4,155.19162292795954,-1.322715862935434,0.9997035435285413,-1.3231081068961628,0.18579942912306902,0.886691031134804
TUBA1B,231.41106406610658,-1.3260537761460331,1.0063519238614458,-1.3176839480346676,0.18760947024243158,0.886691031134804
LINC01018,7.805861576160895,2.4367902609766703,1.8494049633591298,1.317607722080866,0.18763499925057803,0.886691031134804
MAT2A,142.8588471918111,-1.2753190655629396,0.9679580213514221,-1.3175355102511501,0.18765918624443134,0.886691031134804
TJP2,21.039588728172788,-1.513194143978554,1.1486344873584544,-1.3173852610489583,0.1877095188443907,0.886691031134804
IGFBP4,757.2747108960194,-1.0996363403673608,0.8362095505086452,-1.3150248519626209,0.18850155034669414,0.886691031134804
AKR1A1,249.44696688519772,-1.2541729784845286,0.9542795785107012,-1.314261571479772,0.18875819458702103,0.886691031134804
SSFA2,690.3077622401062,-1.2216350271310337,0.9321759895132202,-1.310519731117477,0.19002007376858143,0.886691031134804
RAD52,48.02639052522274,1.699343449101669,1.2969357889474395,1.310275700295705,0.1901025848082477,0.886691031134804
ATP1A1,1132.5147238833536,-1.1087414088432164,0.846436507990998,-1.3098931796725006,0.1902319747436999,0.886691031134804
PON3,413.9478955318123,-1.3174572351775926,1.0066857289521445,-1.3087075710797342,0.19063342613360412,0.886691031134804
TTC38,605.8672808747816,-1.2209069216737163,0.9334345597399841,-1.3079727003184989,0.1908825689661604,0.886691031134804
SREBF2,917.115732647475,-1.1361035702002535,0.8708592250179147,-1.304577752135407,0.19203666802208696,0.886691031134804
PPP1R2,149.92888953601485,-1.2725369411901497,0.9759414288581368,-1.3039070824967778,0.19226526515122455,0.886691031134804
MARCKS,517.5806281631665,-1.0977309479163369,0.8419395458616178,-1.303812076902682,0.19229766389082814,0.886691031134804
GJA5,28.714395316227883,-1.8060083674926593,1.3858684799133696,-1.3031599994290604,0.1925201432018997,0.886691031134804
RTL8C,42.743330526650645,-1.4405205275935813,1.108061514420683,-1.3000366034251398,0.19358842411484012,0.886691031134804
ARHGAP35,845.0239337206699,-1.0632721944110681,0.8201897714491111,-1.296373389944231,0.1948468752239334,0.886691031134804
IPO5,480.75136432610094,-1.0744427034538955,0.82968186089506,-1.2950056571018531,0.19531827797103962,0.886691031134804
ALDOB,3401.999548949656,-1.0560162611289674,0.8161123671569231,-1.2939593904302584,0.19567944832162265,0.886691031134804
ANXA9,173.83576538557404,-1.991771923022538,1.540389912333923,-1.2930310092752446,0.19600033438948627,0.886691031134804
GCN1,635.2364646823938,-1.123313509900265,0.86933250591498,-1.2921563409365069,0.19630300775950804,0.886691031134804
ADH5,335.6443069041529,-1.2826882543247922,0.9929100003139163,-1.2918474523564676,0.19640997844494235,0.886691031134804
ARPC2,887.6481316595716,-0.9679798539763337,0.7496808633514096,-1.2911892263716453,0.1966380700131558,0.886691031134804
YWHAH,88.21812246873624,-1.3846658701258792,1.0726844785619047,-1.2908417132894778,0.19675857010195585,0.886691031134804
PDCD2,70.97457527708549,-1.6603775027818461,1.2882887973467838,-1.2888239858961552,0.1974592852644642,0.886691031134804
MMP14,312.6721621859091,-1.1616661141090694,0.9016998817879694,-1.288306827550666,0.1976391773877535,0.886691031134804
HGD,1006.1345776215721,-1.3804078404425815,1.0741132197126018,-1.2851604608422327,0.19873621727781576,0.886691031134804
UBA2,376.1339311899217,-1.3922203159809445,1.0836574076189769,-1.284742120703946,0.19888241406503948,0.886691031134804
HCN2,68.1611765657872,-0.908728926656028,0.7073519667928284,-1.2846913125530044,0.19890017527599635,0.886691031134804
TP53INP1,295.34158038695307,-1.2236502978951038,0.9526677140945542,-1.2844460663370967,0.19898592329286047,0.886691031134804
SULF1,570.9830638973922,-1.2920031237095277,1.0072339156458232,-1.2827240064499963,0.19958878625849985,0.886691031134804
H1F0,390.7505341711443,-1.2846177064238853,1.0023978985708406,-1.2815446922378995,0.20000241251834705,0.886691031134804
SEC61G,49.33549682481263,-1.4432988727270526,1.1266382639739254,-1.2810667974618477,0.2001702048379832,0.886691031134804
PREB,106.09904040901866,-1.4024444203700581,1.094844486598068,-1.2809530828691236,0.20021014598918774,0.886691031134804
SUCO,390.19592370901296,-1.2379416319243222,0.967556851993837,-1.2794510517633206,0.2007382660166096,0.886691031134804
F5,3954.9760722534725,-1.0752896190690044,0.8409815367394751,-1.2786126354663536,0.20103349822359962,0.886691031134804
BPHL,76.42125375512303,-1.3092179433430284,1.0247054874738162,-1.2776529054905468,0.20137183742675424,0.886691031134804
CRIP2,90.96387472243096,-1.2730897300677344,0.997492401779502,-1.2762901529841966,0.20185296977668654,0.886691031134804
RPS4Y1,244.4718681906826,-1.4988612164320252,1.1746700119270004,-1.275984915945204,0.20196085131936803,0.886691031134804
IFIT1,147.4893306447271,-1.4810080820644627,1.161839502362578,-1.274709698760338,0.20241201269676434,0.886691031134804
ALDH2,429.53991748293595,-0.9764009523529202,0.7667597444582248,-1.2734118599859767,0.20287193102898016,0.886691031134804
NCOA4,680.5831871034259,-1.2463305572109122,0.9790024443128028,-1.2730617420324795,0.2029961334649396,0.886691031134804
IQGAP2,1402.8383284385727,-1.1471710042502985,0.9027416527529902,-1.2707633471346975,0.20381285182472053,0.886691031134804
MOK,113.94178092892817,-1.3265955877462816,1.0446093409554338,-1.2699442133390595,0.204104502490553,0.886691031134804
CUX2,210.43948484656121,-1.1148817290568416,0.8781808420860556,-1.2695354710864792,0.20425014772829253,0.886691031134804
MOSPD3,41.224914167049256,-1.685092977280091,1.329470265246326,-1.267492038994851,0.2049794084062473,0.886691031134804
SARDH,282.9677853169682,-1.2997843668946878,1.0258512167120502,-1.2670300972694843,0.20514452834194996,0.886691031134804
CTBS,10.076551219322916,2.3196588189942577,1.8308397793775226,1.2669917079160973,0.20515825487253703,0.886691031134804
CTSK,207.36342804997068,-1.430804985734903,1.130160296948534,-1.266019510327976,0.20550609727333846,0.886691031134804
GTF2I,2282.9302644578593,-0.972423529940077,0.7683794892531169,-1.265551128759691,0.20567383233083347,0.886691031134804
SLC26A1,54.016018819367126,-1.5031351032078826,1.1878496505301015,-1.2654253865689808,0.20571887958754753,0.886691031134804
DHCR7,481.7738529587638,-1.2712678785406621,1.0052873793158263,-1.2645815561773546,0.2060213680967019,0.886691031134804
UBR5,1017.0315149680857,-0.9284966907264411,0.7347182148424383,-1.2637452998569785,0.2063214601427712,0.886691031134804
CSDE1,1552.2837996224052,-1.2164837407187878,0.9632710837850368,-1.2628674951383239,0.2066368032553456,0.886691031134804
CCT8,408.0057274307957,-1.3684766759558653,1.0841654282262183,-1.2622397286683484,0.20686253697654944,0.886691031134804
VIL1,134.45687220899404,-1.3722079328935113,1.0897031048891033,-1.2592493558446436,0.20794027943422733,0.886691031134804
CLIC4,198.7883947177665,-1.2864033908542614,1.0222909780967515,-1.2583534614080434,0.20826395470531178,0.886691031134804
STX3,134.5516497616946,-1.2791177201004746,1.016685663215077,-1.2581250689180625,0.20834652840471568,0.886691031134804
LRRC8B,104.71750809316245,-1.4036235119703995,1.115840947186589,-1.2579064386455858,0.2084255948738155,0.886691031134804
GADD45G,53.12527801535649,-1.465079058439946,1.1651072032205072,-1.2574628792872258,0.20858607256464146,0.886691031134804
CYR61,870.6133398071144,-1.1200972724215452,0.8910569416495506,-1.2570434279407425,0.20873791045560108,0.886691031134804
CAP1,488.1797697517513,-1.1077576953178174,0.8814690862336423,-1.256717578209198,0.20885592061051217,0.886691031134804
P2RX4,199.8807301860586,-0.8502832291334426,0.6766450662683248,-1.2566163141079658,0.20889260439099,0.886691031134804
PON2,558.3324183797888,-1.2681035826935425,1.0095380477768652,-1.25612262508191,0.2090715142947579,0.886691031134804
ATP6AP1,218.9571111536681,-1.0860146550666436,0.8646931191097079,-1.25595385352992,0.20913270153382724,0.886691031134804
ELF3,183.6910414666708,-1.1513379925106266,0.9174910506606299,-1.2548765371407358,0.2095235826339027,0.886691031134804
ENO1,712.2236861693743,-0.9890080845397217,0.7883015388489505,-1.2546063096411504,0.2096217118188748,0.886691031134804
SLC9A3R2,261.412800162656,-1.1496083937242372,0.9169945716412451,-1.2536697918142066,0.20996205215329977,0.886691031134804
CYP27A1,486.79289325415226,-1.2256411191985435,0.9778894328563192,-1.2533534753704882,0.21007709516332373,0.886691031134804
CADM1,207.2030055515616,0.975569908250485,0.7783859645807797,1.2533241253597165,0.21008777195609807,0.886691031134804
SULT1E1,21.851374811902495,-2.0069866762868522,1.605083140958055,-1.2503942163948625,0.2111555762847619,0.886691031134804
USP14,147.06441492043643,-1.1769826792819669,0.9422776764476226,-1.2490826310554015,0.21163485269654614,0.886691031134804
RPS18,3417.761360911294,-1.1163078104897384,0.8948711862261691,-1.2474508372511208,0.21223223600890584,0.886691031134804
BOP1,267.8654456100035,-1.2082550581456728,0.9701882555872512,-1.2453820701161968,0.21299134083594107,0.886691031134804
PTBP3,422.5018176354973,-1.155381717339704,0.9280027474240569,-1.24501971631744,0.213124502924518,0.886691031134804
CSRNP2,78.05125268721712,-1.3113616517879536,1.056680359590393,-1.2410201816340034,0.2145982935508184,0.886691031134804
PNPO,169.83976802858757,-1.2148843653044006,0.9790574957903468,-1.2408713181075048,0.21465328982426835,0.886691031134804
ENPP5,12.057571357639173,1.764651578889793,1.4242819432946314,1.2389763046548372,0.21535427337075885,0.886691031134804
CFB,442.57803696768184,-1.308398759808342,1.0560969925522776,-1.2389001853383985,0.21538246504578062,0.886691031134804
CLIC1,364.10704813805563,-1.2425638636387808,1.0048648596132692,-1.2365482300943353,0.2162548496990102,0.886691031134804
KNTC1,531.1033874280105,-1.2587249938530176,1.0181399237063895,-1.2362986310082147,0.21634757980372288,0.886691031134804
ID2,407.5732244955646,-0.7302931003641785,0.5924158848369528,-1.2327372021180236,0.21767382729470253,0.886691031134804
USP39,244.04672166834717,-1.3198820856635896,1.0710570318763433,-1.2323172775882338,0.2178305882326793,0.886691031134804
LITAF,409.29808858312634,-1.0373753409288249,0.842369936010235,-1.2314961593266316,0.21813735223358843,0.886691031134804
GSE1,349.64084978241357,-0.8089551303534083,0.6596179787424261,-1.2263994560847118,0.2200483906163242,0.886691031134804
ZFP36L2,551.8684055220604,-1.1629769049143586,0.9491625584319915,-1.2252663093196456,0.22047489785344476,0.886691031134804
ARHGDIB,180.55460817147707,-1.0851218637048836,0.8869615378854594,-1.2234147901067323,0.22117306993324393,0.886691031134804
SLC6A12,165.4846382914371,-1.3572497297897195,1.1096552872761196,-1.2231273489638137,0.2212816003761363,0.886691031134804
SUMO1,203.877220798347,-1.4370995087076919,1.1749860448912444,-1.2230779377815575,0.22130026062196317,0.886691031134804
OLIG2,18.89571078089581,1.763597110489896,1.4425431399540445,1.2225610878757356,0.2214955177679453,0.886691031134804
CTNNB1,795.9639325094012,-0.9073107901667424,0.7428057473882692,-1.221464418331278,0.22191022975280872,0.886691031134804
ME1,86.92168085158677,-1.3959977273276813,1.1437774290955398,-1.2205151909944478,0.2222696344120636,0.886691031134804
RAB4A,146.16522465497604,-1.2518312545535515,1.0269454493210992,-1.2189851519193367,0.2228498281089284,0.886691031134804
ODC1,232.1944712570536,-1.1357731862288776,0.9317802875085238,-1.2189281115463475,0.22287147886394454,0.886691031134804
ATP1B3,159.70438067470252,-1.2563542223978241,1.03139431291798,-1.2181124199176514,0.2231812547907377,0.886691031134804
PKN1,329.4709862964897,-1.1359911609434943,0.9330888379505038,-1.2174523097271832,0.22343217085764755,0.886691031134804
FGF8,21.412170901765073,2.2808779472352096,1.8742005094138672,1.2169871557384893,0.223609102812371,0.886691031134804
POU3F2,294.21015994555535,0.5801228648102262,0.47676180896072234,1.2167981031761275,0.22368104191011384,0.886691031134804
PF4,5.645373449538066,2.588615346636767,2.1285701559721546,1.2161287422798155,0.22393588305707246,0.886691031134804
TKT,307.6742973870449,-1.0503464067793806,0.8653888238368146,-1.213727723132051,0.2248517142197768,0.886691031134804
CAND2,180.299471782418,-1.9174315169724077,1.5802586379241252,-1.2133656294967023,0.2249900610399036,0.886691031134804
EPAS1,1177.1143561742463,-0.872351619335427,0.7192504295041453,-1.2128621458548596,0.22518253044813863,0.886691031134804
DRG2,109.98362378036335,-1.2285453736543381,1.0132192359515437,-1.2125168276148799,0.22531460508329504,0.886691031134804
LONP2,663.9042496010067,-0.8893117555684507,0.7336687964078028,-1.212143353953049,0.22545751064586284,0.886691031134804
ABCC1,197.55036284002725,-0.968933869671872,0.7997792098532422,-1.2115016966365872,0.22570318481079965,0.886691031134804
GJB1,328.7960085128653,-1.2331487702005035,1.01924084612101,-1.2098698505790624,0.2263288377964664,0.886691031134804
ELOVL2,139.31040036376282,-1.351516090658207,1.1180424025712559,-1.2088236434951056,0.2267306060719234,0.886691031134804
UNC5B,138.07463220754303,-0.9567350680645225,0.7922565863672347,-1.2076075914388764,0.2271982377893489,0.886691031134804
PALMD,321.04979820057997,-1.2155900626353944,1.0072426636435488,-1.2068492593812303,0.22749020157804012,0.886691031134804
MRPS33,134.97849838436937,-0.9375452497286492,0.7772145008319369,-1.2062889314662721,0.2277061039528584,0.886691031134804
CYP2E1,4213.66037501966,-1.306520784095758,1.0861777611892154,-1.2028609227510765,0.22903014443642533,0.886691031134804
APOC1,3224.6758683945645,-1.2959569684922163,1.0774163049010392,-1.202837717043135,0.22903912608712107,0.886691031134804
CUL4B,289.38623446490243,-1.2769439782225032,1.0619320314887364,-1.2024724185335467,0.22918054604631422,0.886691031134804
RALGDS,24.036772512204614,-1.490687833362114,1.239795543903333,-1.2023658583808743,0.2292218109518911,0.886691031134804
CRYAA,29.294049382867744,1.5892623430260595,1.323532808365827,1.2007729109400243,0.22983930258373875,0.886691031134804
RGCC,63.129528955137665,-1.5837590668638728,1.3191771570513857,-1.2005658666830457,0.22991964821583777,0.886691031134804
CTSC,168.98136547676006,-1.1137731416896899,0.9287406775453504,-1.1992294174444666,0.2304387515980605,0.886691031134804
PCSK6,924.3293271782976,-0.46402945724190703,0.3872092383272602,-1.1983945921499946,0.23076343677399314,0.886691031134804
TACC1,451.08753409486746,-1.0802738112645613,0.9017143591255437,-1.198022189989499,0.2309083784348569,0.886691031134804
CLUH,446.58465407573163,-1.2047611538718037,1.0056876288850036,-1.1979476720893056,0.23093738911571215,0.886691031134804
MTIF2,305.3065607065285,-1.1030926423737277,0.9212019076280525,-1.197449368308425,0.23113145111113031,0.886691031134804
MYLK,800.2936432320954,-0.8447007441512936,0.7055665558270132,-1.197194987737475,0.23123056304990053,0.886691031134804
EMC1,300.60993097243096,-0.9235435556031172,0.7726949945351307,-1.1952239397625968,0.23199954755797736,0.886691031134804
AGL,577.9919809013412,-1.2019244545011545,1.0079726634790505,-1.1924177093778248,0.2330974997365589,0.886691031134804
SGO2,124.26929707938204,-1.3152100559883924,1.1033998978254762,-1.1919613719199544,0.23327639191613214,0.886691031134804
GK,350.07137105382947,-1.107096701516982,0.9313948084637618,-1.188643839815923,0.23457984877320726,0.886691031134804
GPT,203.59845269085176,-1.2158935973607694,1.0236141481473313,-1.1878436807086443,0.23489500158356214,0.886691031134804
CDH1,726.3100533391089,-1.0288796524312551,0.8665779963505312,-1.187290303659029,0.23511313144214607,0.886691031134804
RPS6,2049.252218655224,-1.1055088718915744,0.9325532155831642,-1.1854646506154116,0.23583378316912573,0.886691031134804
RIT1,90.78731081732836,-1.3476815400522097,1.1387247125061561,-1.183500740127236,0.23661075336827042,0.886691031134804
CTH,246.21496153322954,-1.098946792265354,0.9286052255451924,-1.183438087611614,0.23663556996257928,0.886691031134804
SDS,328.2962756423159,-1.1477841569937468,0.971336407376138,-1.1816546237510497,0.23734276995448156,0.886691031134804
PTPN12,467.9887401678014,-1.0847782396767969,0.9186604845658667,-1.1808260591391748,0.23767182962607158,0.886691031134804
IDH2,505.3587491035932,-1.0601178361145576,0.8979407497404592,-1.1806100084231326,0.2377576858675715,0.886691031134804
EIF3B,543.4392001932647,-1.019224482184854,0.8635176613319573,-1.1803168919703648,0.23787420222262912,0.886691031134804
CRAT,215.7411105993609,-1.169202144920033,0.9906762639408923,-1.1802060748573584,0.23791826349745637,0.886691031134804
EEF1E1,39.46623272432681,-1.5000412496045432,1.271614510572158,-1.1796352095177065,0.2381453328846227,0.886691031134804
STK38,166.17555219166013,-1.1836025908074577,1.0039967789975204,-1.1788908247188519,0.23844165175180465,0.886691031134804
RPS3A,774.4677076316823,-1.107950110774167,0.9398509082623335,-1.1788573070835542,0.23845500030952205,0.886691031134804
TESK1,126.5693449301353,-1.1756557934804408,0.997660581829948,-1.1784125933130556,0.2386321596117693,0.886691031134804
FYB1,249.27583271667157,-1.0196275405724322,0.8656356762598226,-1.177894544478535,0.23883865028567453,0.886691031134804
APOC3,3161.450455611685,-1.1125823245056956,0.9455662335390851,-1.1766307689959477,0.23934291125279006,0.886691031134804
LGALS1,84.84707253174022,-1.2191198445330687,1.0367407538970808,-1.17591581111327,0.23962852000205892,0.886691031134804
COL16A1,423.82103888093104,-1.094493738674318,0.930994452288558,-1.17561789544916,0.2397476011578662,0.886691031134804
AKAP13,886.4995422013778,-0.8595764184542057,0.7313415087699952,-1.1753420367180882,0.23985790303714183,0.886691031134804
CUL4A,360.1179764383337,-1.0752802722091948,0.9159341241224559,-1.1739711884186061,0.24040656615378353,0.886691031134804
SCP2,806.8140382585611,-1.145484912542931,0.9760767827666553,-1.1735602493239254,0.24057121099623302,0.886691031134804
TBCE,55.40674423964503,-1.0572040694260803,0.9013539329515216,-1.172906702658101,0.24083322139660313,0.886691031134804
LCP1,522.8504443489544,-1.0552361306181264,0.9016207364715983,-1.1703769533381478,0.2418493060591862,0.886691031134804
DST,4902.975212911527,-0.932358969957338,0.798595433400191,-1.1674984991932902,0.24300911404818748,0.886691031134804
RPL35,498.3806260096993,-1.1265886177998916,0.9662449308103745,-1.1659451779530055,0.24363661137602288,0.886691031134804
KRT8,610.8376854263847,-0.800673407955375,0.6870622324751308,-1.165357910987134,0.24387414671413143,0.886691031134804
PTPRG,318.79144515826107,-1.0947849061409336,0.9394885705483097,-1.1652988024133055,0.24389806371513378,0.886691031134804
CTNND1,541.3145452546374,-0.9322696242222173,0.801056593599612,-1.1637999508037116,0.24450509210192573,0.886691031134804
TFPI2,36.462283865028134,-1.615777616692313,1.389274345518178,-1.1630371077568935,0.24481444714486333,0.886691031134804
C4BPA,1866.4227577826066,-1.225626276802744,1.0538503357540432,-1.1629984213325633,0.24483014293030403,0.886691031134804
DCTN2,223.59210092429137,-1.1091980507936392,0.9543648030072126,-1.1622369635788594,0.2451392239368062,0.886691031134804
PEG3,117.96260801940633,-1.336912478707556,1.1506094164074336,-1.1619168587041633,0.2452692384326427,0.886691031134804
PAPOLA,580.5735439603587,-0.8534596392228317,0.7346884155252266,-1.1616620341191797,0.24537277311955674,0.886691031134804
CPD,584.0775587042908,-1.1119559815500821,0.9582281325472415,-1.1604292796060875,0.2458740715267067,0.886691031134804
PLEKHA3,130.7632263138354,-0.9214463250000461,0.7942652028132944,-1.1601242528770932,0.24599822108702007,0.886691031134804
TEX10,144.35009598012908,-0.9448318961933174,0.8161626542817907,-1.1576514696384308,0.247006296045841,0.886691031134804
CDK2AP1,54.04065988488234,-0.9221788739140577,0.7966680518975752,-1.1575446909381262,0.2470498913944359,0.886691031134804
PBK,35.22892579984559,1.7479329006625288,1.51187993591462,1.1561320837326328,0.24762713450088525,0.886691031134804
HDAC2,317.9118924953891,-1.0962394524833097,0.9483911224800994,-1.1558938358855344,0.24772458428130684,0.886691031134804
ZBTB22,78.77595200476554,-1.212453372742619,1.0495040300786755,-1.15526318908154,0.24798266535363245,0.886691031134804
AGPAT5,79.73524717663523,-1.3380651208286176,1.1614192473837444,-1.1520948390021883,0.24928210369338444,0.886691031134804
LGALS3BP,419.51577743678473,-1.0237185434627074,0.8893338918099858,-1.1511070846284963,0.24968818375254143,0.886691031134804
SPRR3,3.009858215751215,2.671090586402537,2.32190939042205,1.1503853670693913,0.24998518433092531,0.886691031134804
GUCY1A1,172.42370472834102,-1.1097453475061507,0.9653731691698653,-1.1495506431574358,0.2503289968396921,0.886691031134804
DGKZ,343.15672551898314,-1.0235089763155099,0.8913870287367001,-1.148220630679422,0.25087749458591,0.886691031134804
DAPK1,465.4911156065043,-1.0503945126133432,0.9150305832181103,-1.1479337760702661,0.2509959034416891,0.886691031134804
VIM,1269.0188669426095,-1.0509260587740337,0.9166179434677258,-1.146525732191317,0.25157768632147925,0.886691031134804
SC5D,231.57893688078497,-1.175693825028221,1.0256348818733716,-1.1463083459883496,0.25166759083471646,0.886691031134804
TFR2,982.4761265175403,-0.9536489304967157,0.8323052881759472,-1.1457922279776707,0.25188113175168825,0.886691031134804
M6PR,102.64309651179776,-1.211042814491422,1.057259834908617,-1.1454542908991687,0.2520210197432943,0.886691031134804
LANCL1,87.51281950874528,-1.1974658571506411,1.046473949087515,-1.1442863515090704,0.2525049016627243,0.886691031134804
GGH,277.5998716785591,-1.3343228808719865,1.16656379785321,-1.1438061795912904,0.252704026494474,0.886691031134804
SQLE,384.9987781984709,-1.4043769178316114,1.228219959679903,-1.1434246014025193,0.2528623430190511,0.886691031134804
GBF1,541.7835563512713,-1.07690981242368,0.9418753275291084,-1.1433676846051564,0.2528859636797768,0.886691031134804
PKDCC,56.40243571670814,-1.2618214321127958,1.1040143856078668,-1.1429393027501549,0.2530637929043146,0.886691031134804
ACYP2,57.135707715253176,-1.153942618803893,1.0105276528338347,-1.1419208722966443,0.2534869118598153,0.886691031134804
SMAD2,347.54708908763956,-0.6470422194626005,0.5667554370711362,-1.1416603655473838,0.2535952215374164,0.886691031134804
F13A1,278.6707046931631,-1.1026075132459026,0.9661453498655808,-1.141243927116461,0.2537684291199316,0.886691031134804
BMPR2,467.5508364272669,-0.7898256852831672,0.6925150796793141,-1.140517670241802,0.2540706952726577,0.886691031134804
MMP11,64.82890758972269,-1.2900341317638588,1.1326748459686062,-1.138927147852998,0.2547335414025884,0.886691031134804
FYN,121.88710328905705,-1.053718758589958,0.9257224741466281,-1.1382663681805094,0.25500927297364395,0.886691031134804
IDH1,327.47067132479924,-1.0258939962223144,0.901383424636308,-1.1381327503733987,0.25506505451798955,0.886691031134804
FAM50A,380.43311475158197,-0.6780363082262036,0.595760144938151,-1.138102832133214,0.25507754567466534,0.886691031134804
PROZ,197.03253062810768,-1.4484259752099797,1.273269052474567,-1.1375647373153377,0.25530227812299766,0.886691031134804
HAL,841.6724817142175,-1.1760199787447987,1.0339756930112534,-1.137376813298066,0.2553807960119159,0.886691031134804
GOLGB1,1104.6483737385615,-0.9234384298063394,0.8119323173937795,-1.137334245753985,0.25539858379599434,0.886691031134804
ACTR3,697.8668334813656,-1.0920876203276777,0.9605962169674693,-1.1368851980026706,0.25558628073254575,0.886691031134804
TMEM230,201.62117089194746,-1.144702056287906,1.0081008440295331,-1.135503519382403,0.2561644081504505,0.886691031134804
SLC6A1,335.1967094280052,-0.9173200957933856,0.8083383221169756,-1.1348219807159396,0.2564499145389021,0.886691031134804
ANXA5,520.6138697283717,-1.1700896295106389,1.031524034322672,-1.1343309419629306,0.25665575467482526,0.886691031134804
SLC44A1,379.0009771566745,-0.7662446025652633,0.6755166604490698,-1.1343089629438294,0.2566649708129487,0.886691031134804
PRKD2,199.22188099512925,-0.765519238701316,0.6753492884127674,-1.1335160217618199,0.2569976168364385,0.886691031134804
FSHB,12.72929188010253,2.2814738178876963,2.0172250673926477,1.1309961663507395,0.2580567049991085,0.886691031134804
LDHAL6A,13.329943816674422,1.7613007709481632,1.5588322844350053,1.1298847146898436,0.2585248055425998,0.886691031134804
SERPIND1,1646.2340479944453,-1.1640794173319304,1.0318242608875294,-1.1281760484393348,0.2592455771061086,0.886691031134804
DCXR,1141.6477887527542,-1.245517373111452,1.1040232195866682,-1.1281622985952753,0.2592513828821327,0.886691031134804
LGMN,329.7121488145099,-0.9199080470355524,0.8165528335951694,-1.1265750471838107,0.25992219409186157,0.886691031134804
ALAD,253.58270026094226,-1.0569263249738559,0.9389362704273436,-1.1256635389032428,0.26030796242041365,0.886691031134804
TNK2,249.90675435894693,-0.8568296331292171,0.7620804187262429,-1.1243296797486806,0.2608731917948198,0.886691031134804
SLC25A37,139.85363025458312,-0.9707163140157327,0.8645463124291326,-1.1228042963809448,0.26152062027398726,0.886691031134804
MPZL1,106.89178806817603,1.0561103949983435,0.9412866706564986,1.121985924077477,0.26186842480679795,0.886691031134804
S100A6,60.79623280806622,-1.303719746484603,1.1626720451788035,-1.121313402081589,0.26215448277819087,0.886691031134804
ADRB2,17.079979081210215,1.6686513407049435,1.489701843194331,1.1201243714157563,0.26266076635385316,0.886691031134804
ASGR2,601.8728391123592,-0.9996965707741564,0.8935183385551955,-1.1188316206141324,0.263211979078384,0.886691031134804
FGA,19340.10825859012,-0.9736337430526734,0.8716339199865182,-1.1170214016771316,0.2639851745695395,0.886691031134804
MFAP1,170.20676340923194,-1.2105338945137256,1.0850544372584867,-1.115643467227577,0.2645747781985568,0.886691031134804
CYP4F3,572.4047549773497,-0.9946529880183544,0.8933957339577009,-1.1133397555102358,0.2655625382608141,0.886691031134804
RCL1,155.7764969419371,-1.0655567516427622,0.9579191936171919,-1.1123660103511663,0.2659808125924322,0.886691031134804
RPL28,1030.710363104861,-0.9611862296177067,0.8643206038438643,-1.112071406539489,0.26610744960976107,0.886691031134804
SPINK5,337.09887247139693,1.3631991343448928,1.2263501270435977,1.1115904865042103,0.2663142648079767,0.886691031134804
PRMT1,227.30297868416613,-0.9105958597774932,0.8199106441798741,-1.110603778889013,0.266738935487737,0.886691031134804
ABCG5,298.1929021231077,-1.3003192088653954,1.1719171339765253,-1.1095658312061525,0.26718616198929457,0.886691031134804
GNB1,908.6400050303828,-0.7180606400477769,0.6483106414836909,-1.1075873109293097,0.2680400859809682,0.886691031134804
DCAF11,548.3532676060854,-1.0512149798352295,0.9501991466048477,-1.1063101704430287,0.2685922912095823,0.886691031134804
PHF3,992.1848155148899,-0.9279444867643135,0.8389565039699147,-1.1060698407763818,0.2686962913319203,0.886691031134804
ISG15,60.196561834209035,-1.557501931906867,1.4102855745584653,-1.1043876219144428,0.2694250279329854,0.886691031134804
PGGT1B,68.79822254373693,-1.2019212824610184,1.088790952309519,-1.103904546516969,0.26963454644655993,0.886691031134804
HADH,295.6418499252329,-0.8625382501767118,0.7815076744207882,-1.103684939263046,0.26972983102459347,0.886691031134804
HNRNPU,1592.088873477961,-0.7303555634059227,0.6623544358889545,-1.1026657690088584,0.270172337379051,0.886691031134804
TLE1,298.2225067348458,-1.1305659264514316,1.0259886989965932,-1.101928244976883,0.2704928680534803,0.886691031134804
CPS1,6088.618760089489,-0.9764787699979421,0.8871478023943562,-1.1006945712568832,0.27102960977489865,0.886691031134804
SERPINE1,763.0141739145249,-1.014142168962336,0.9219410323942157,-1.1000076288270635,0.27132879799354404,0.886691031134804
MME,236.73378186256724,-0.9888350896224398,0.900734771412851,-1.0978093896290901,0.272287730494566,0.886691031134804
ACACA,946.5129096548034,-0.942301183903942,0.8587826840682666,-1.0972521935817656,0.27253116279546297,0.886691031134804
HIBADH,129.42666512577904,-1.147154257729385,1.045592963093184,-1.0971327258513213,0.272583376202277,0.886691031134804
ACP2,120.30314858706461,-1.1906638666552152,1.085294644017871,-1.097088125531751,0.2726028705395773,0.886691031134804
NT5DC2,111.11532470497421,-1.2601760894309066,1.1488332599974898,-1.096918180653701,0.2726771604261511,0.886691031134804
GRB7,69.00991601235576,-1.312346484273425,1.1966636004866602,-1.096671181223962,0.27278515871572073,0.886691031134804
CHSY1,196.20926842574517,-0.999217616934073,0.9112498280243126,-1.0965353146902468,0.2728445776146723,0.886691031134804
ALDH6A1,755.9654123215456,-0.7488608430017349,0.684112051576877,-1.0946464709627786,0.27367154818748984,0.886691031134804
MAPRE1,163.55825398380526,-1.3208214953148296,1.2086325478276085,-1.0928230401281755,0.27447150352364735,0.886691031134804
C4BPB,228.54799984914442,-1.1383857564965014,1.0434574845383449,-1.0909747386594824,0.2752839982745021,0.886691031134804
FBXO5,54.97547477791589,-1.3569960226671438,1.2445319864444389,-1.0903665293039262,0.27555171959533487,0.886691031134804
CKAP4,122.00948299806694,-0.778562676008555,0.7140804130911441,-1.0903011225840478,0.2755805208722937,0.886691031134804
HNRNPC,898.4549058056701,-0.837987128097051,0.7691576535303207,-1.0894868226959884,0.27593926267878055,0.886691031134804
FBXO31,102.03648196458913,-1.1443904525459898,1.0528377772804474,-1.086958007435893,0.27705536840981204,0.886691031134804
PAFAH1B3,4.824472250471671,1.9289842998073041,1.776220643381092,1.0860048873969967,0.2774768299554419,0.886691031134804
SNAI1,40.16874344262617,-1.5334505988726785,1.4122387374564294,-1.0858295826345643,0.2775543957459342,0.886691031134804
NAGPA,90.89773357117545,-1.1970361095477788,1.1024776845416377,-1.0857690149487735,0.2775811981101821,0.886691031134804
SLC35C1,94.72388056191237,-1.0113680533982186,0.932748739187202,-1.0842877732319698,0.2782372247308508,0.886691031134804
LMO4,88.8103355665743,-1.0339148067263948,0.9539690619733249,-1.0838032887436608,0.2784520267381124,0.886691031134804
MAP1B,641.1435772751582,-0.8467517655091626,0.7819383980302376,-1.0828880735901893,0.2788581062160881,0.886691031134804
APOH,5152.739280484971,-0.9950778891250629,0.9197779648032995,-1.0818675019441966,0.2793114070527297,0.886691031134804
GPT2,233.55035888769464,-0.9583402801446752,0.8860386195528834,-1.0816010261813158,0.27942984834717155,0.886691031134804
SLC20A1,176.03116096506696,-0.9990606864776059,0.9249998844935962,-1.0800657418725577,0.2801129059009474,0.886691031134804
RPS27,459.59651300607516,-1.0083451245184596,0.9346746963895821,-1.07881932442747,0.2806682785000688,0.886691031134804
SLCO2A1,164.316273323342,-0.6149860153545431,0.5702773419410521,-1.0783981233785587,0.28085612413400696,0.886691031134804
GABRE,259.4044256776519,-0.3955063871517132,0.3675629807513137,-1.076023451391329,0.2819167683369149,0.886691031134804
COBLL1,499.0489265146743,-0.8674057041602639,0.8061493814658699,-1.0759863173038822,0.28193337577610034,0.886691031134804
ERGIC1,545.5027769276043,-0.8301489670150045,0.7716427825240972,-1.0758202964064918,0.2820076332441941,0.886691031134804
RPS7,1136.4872693799825,-0.8631239671518885,0.803566653106587,-1.0741162090475669,0.2827706006157743,0.886691031134804
PRDX6,458.6705887080274,-1.1163864500988847,1.0393943342297942,-1.0740740191990201,0.2827895079164501,0.886691031134804
ATP5F1D,194.38451933396613,-0.9700147527527869,0.903134308323483,-1.074053708084079,0.28279861060965206,0.886691031134804
AQP9,291.12842281663654,-1.1939832968991286,1.111756818431817,-1.073960849264946,0.28284022903956696,0.886691031134804
B3GNT5,45.55699355916621,-1.1892065911584584,1.107598858618972,-1.0736798633408131,0.28296618951177255,0.886691031134804
SSRP1,260.87429769958965,-1.0346997587187676,0.9637058165477927,-1.0736676493510133,0.2829716656654975,0.886691031134804
NLGN1,29.842991660724547,1.5504922923497815,1.4445258843277167,1.073357223412706,0.28311086953162046,0.886691031134804
USP3,181.2634696283798,-1.0225825360873557,0.9529048093681819,-1.073121392645057,0.2832166537986055,0.886691031134804
NCAPG,182.9889023793514,-1.3488255665897702,1.2586256122078567,-1.0716654368916634,0.2838703303646064,0.886691031134804
PLP2,98.96441809136826,-1.2319373882381326,1.1496962327769247,-1.0715329433258785,0.2839298663138743,0.886691031134804
DYNLL1,207.02644034409607,-0.958219747452646,0.8943457092693747,-1.0714198519892855,0.2839806905633576,0.886691031134804
SH3GLB2,97.5808007261704,-1.0185197134799417,0.9510479509953707,-1.0709446483891323,0.2841943185850717,0.886691031134804
LGALS8,240.4164169868769,-1.0720754467454652,1.0019342111894447,-1.0700058294972805,0.2846166847475007,0.886691031134804
TCF4,476.485285674164,-0.5848291159471068,0.5472733173670655,-1.0686234782297124,0.2852393648387259,0.886691031134804
SNTB1,278.1020688641936,-0.6303717180363619,0.5913686727527353,-1.0659538576875793,0.2864445009085067,0.886691031134804
KCTD3,386.66084838122083,-1.0515340115342993,0.9867838858916865,-1.0656173317869928,0.28659666116700944,0.886691031134804
GTPBP4,251.8005700098204,-1.0055063663194486,0.9448816373407999,-1.0641611886429143,0.2872556856121419,0.886691031134804
EPCAM,90.9478118009709,-1.2713442974499407,1.194850204992391,-1.0640198178298315,0.2873197219477571,0.886691031134804
GHRHR,60.757695045453644,1.0221576050583863,0.9606651453568232,1.064010295365429,0.28732403565769415,0.886691031134804
PNN,809.2582321622024,-0.9838743381813894,0.9264794061128508,-1.061949495790031,0.288258613452564,0.886691031134804
CHMP4C,38.64576399806557,-1.263490327100775,1.1915062051310081,-1.0604143911796515,0.2889561179132557,0.886691031134804
R3HDM1,506.41969426249807,-0.7833440012610583,0.7388004489721255,-1.0602917233617077,0.2890119034355857,0.886691031134804
BORA,61.19587292102937,-1.3439037256205566,1.2681688107765205,-1.05971990022185,0.28927204663231065,0.886691031134804
GJB2,43.6460151297427,-1.3572327553644568,1.282317930006625,-1.0584214129778602,0.28986336143429725,0.886691031134804
GSTM1,88.17169439219661,-1.2172593652300971,1.1515739555474103,-1.0570396797932642,0.29049347850171625,0.886691031134804
JAG1,476.2832939374148,-0.9158541580933904,0.8673794746832388,-1.0558863621114094,0.29102013556615913,0.886691031134804
NUDT9,100.34297634751923,-1.205690421744648,1.1434213757453098,-1.054458528868021,0.29167303791247456,0.886691031134804
PCDH1,139.43825826150027,-0.9147148584552032,0.8690991505754021,-1.0524861954468605,0.2925765407537554,0.886691031134804
SCG5,10.143655149131881,1.9299925290579405,1.8344890792548376,1.0520599718379877,0.29277203548695385,0.886691031134804
ANO1,500.7923610720391,-0.9736027366551524,0.9259906153902314,-1.051417498702032,0.29306688245510193,0.886691031134804
PTPRC,594.9444934976398,-0.8531313154884916,0.8140292672193696,-1.0480351872392624,0.2946223953681567,0.886691031134804
SLC35D1,208.70599893353227,-0.9468765272449883,0.9064243629153673,-1.04462828448202,0.29619480185295344,0.886691031134804
TRAF5,121.90585087259494,-0.8659952038117592,0.8292392018517015,-1.0443249690535386,0.2963350644302237,0.886691031134804
MRPL42,132.46035534211865,-0.806096394472692,0.771992067392234,-1.0441770434191913,0.2964034860081941,0.886691031134804
MSRB1,45.486998186440736,-1.361788895625812,1.3054152660552198,-1.0431844417914193,0.29686287774714537,0.886691031134804
ENAH,459.1375220536806,-0.7137148760586618,0.6846119055656827,-1.042510172926268,0.29717521150003623,0.886691031134804
ITGA5,421.23043124078185,-0.8871644356394687,0.8517054695247872,-1.0416328970324282,0.2975819106159838,0.886691031134804
F2,2210.6706270767804,-0.9237358584309046,0.8879458346818606,-1.0403065393756445,0.29819750700541925,0.886691031134804
HNRNPA2B1,1295.2158066693064,-0.8536302969992958,0.8214005891642875,-1.0392375026998697,0.29869429280293425,0.886691031134804
DLGAP4,294.58608806092855,-0.5906799070717523,0.5685120203873182,-1.0389928196581166,0.2988080756924125,0.886691031134804
SERPINA10,436.9493599783783,-0.9134901098160257,0.8812191865987851,-1.0366207678044277,0.2999126306897354,0.886691031134804
SLC2A1,148.07393365728518,-1.0934329883005185,1.0552385135118407,-1.036195110678406,0.30011112731391854,0.886691031134804
BCL3,310.1913919959233,-0.8722888935756618,0.8427884205055632,-1.0350034152728416,0.3006673162322069,0.886691031134804
TTPA,127.81739356100853,-0.9849290867154367,0.9520117200807067,-1.0345766401194507,0.3008666679615838,0.886691031134804
CAPZA1,341.9785161403487,-1.0716404699756974,1.0361173707559055,-1.0342848216065286,0.301003030526513,0.886691031134804
GNMT,149.5931098801734,-1.3747078413324139,1.3311815678264312,-1.0326974731005725,0.30174549645017845,0.886691031134804
CFH,4787.122777241472,-0.8482705974408439,0.8221790873383,-1.0317345825311757,0.30219647214941125,0.886691031134804
THY1,104.8870604380205,-1.0307535888938604,0.9993719958494743,-1.0314013131994073,0.30235266530204996,0.886691031134804
ALDH7A1,520.46289178181,-0.6923205208252067,0.6712638247939606,-1.0313687335046087,0.30236793729079625,0.886691031134804
BTG3,49.80527251258341,-1.3821331575054954,1.3402145401850867,-1.0312775425601783,0.3024106864932211,0.886691031134804
KHDRBS1,276.3307096626397,-1.0518901118339523,1.020644374338262,-1.0306137360684013,0.30272199203266936,0.886691031134804
AP2S1,123.34986437435319,-1.0565701684499353,1.0254238291727191,-1.0303741130166089,0.30283442046412223,0.886691031134804
CYP7A1,133.06614258650487,1.2550344107764384,1.2181366475461017,1.0302903317987073,0.3028737362162245,0.886691031134804
IGF1R,316.6279932168521,-0.9099327270371409,0.8837144755904907,-1.029668238068785,0.30316577036906767,0.886691031134804
TMED3,72.43198625063229,-1.1840089019103461,1.1503433137421373,-1.0292656877003898,0.3033548423439071,0.886691031134804
CYP8B1,300.8619023466111,-1.0700248733479691,1.0399625671552328,-1.0289071041037279,0.3035233297591411,0.886691031134804
HK2,227.38134240713794,-1.1325861575538572,1.1008854851185927,-1.02879561304403,0.3035757286536511,0.886691031134804
PARD3B,376.76759312016657,-0.9633066809576643,0.9363448478167175,-1.0287947685127055,0.30357612559189173,0.886691031134804
F12,523.8583894685349,-1.0873126580977948,1.058714347212129,-1.027012301251015,0.30441467172799985,0.886691031134804
NDC80,93.35426597542363,1.2374009454586958,1.205105761463208,1.0267986304839134,0.3045152943988273,0.886691031134804
UQCRB,512.1680255750186,-0.8619802205774802,0.839875537098605,-1.0263189990688824,0.30474124470058184,0.886691031134804
CPN1,223.63946178531802,-1.3050215105145306,1.2722629889340167,-1.0257482311954709,0.30501027358717947,0.886691031134804
NAB1,138.07384227126974,-0.7572774463717368,0.7384314547656259,-1.025521653343021,0.30511711373110506,0.886691031134804
CRABP2,10.900302038138,1.8179430594606631,1.7731092330048077,1.025285428343226,0.3052285293113727,0.886691031134804
MTSS1,459.45685944395507,-0.9216140480540276,0.8997677716432702,-1.0242799054369984,0.305703086380132,0.886691031134804
KRT10,123.86149476974845,-1.0129919493280093,0.9901455701457296,-1.0230737579110891,0.3062729734503852,0.886691031134804
CALCR,88.99290077501128,-1.4054491834590792,1.374688587500098,-1.022376410365725,0.3066027809884291,0.886691031134804
ATRN,688.9843327438451,-0.8162676703771484,0.7986701251390483,-1.022033558892711,0.3067650173773271,0.886691031134804
ACAT1,581.603642406516,-0.9382545956580282,0.9188532376763006,-1.0211147517211694,0.307200074808306,0.886691031134804
VPREB1,10.863689358179045,-1.992127646329318,1.950983247900677,-1.021089057772748,0.3072122468248547,0.886691031134804
SLC27A5,582.0432286225754,-0.8931056133014984,0.8746605975586365,-1.0210881978613713,0.30721265419694244,0.886691031134804
SLA,126.54274368885925,-1.0257754420310607,1.005261864061351,-1.0204062033019266,0.3075358530910286,0.886691031134804
EPS8L2,281.8408861364693,-1.0577868117896743,1.036933841006533,-1.020110223004102,0.3076761888917863,0.886691031134804
RPL27,1243.3778565401951,-1.1044720508179267,1.0827815301874084,-1.0200322225913512,0.30771317898463446,0.886691031134804
HEXA,153.95572713145756,-0.8636131329155149,0.847058488986068,-1.0195436845798722,0.30794492504243176,0.886691031134804
MPHOSPH6,59.60919848874281,-1.2912290634577697,1.2668622544168442,-1.0192339845598621,0.30809189614717425,0.886691031134804
DNAJC12,28.078271060124795,1.2634292509184841,1.2398594370434801,1.0190100693439956,0.3081981861542521,0.886691031134804
EIF4B,1151.100178010944,-0.8832457528418957,0.8677434546575115,-1.0178650707201276,0.3087420831166109,0.886691031134804
ITIH1,2149.3312681502875,-0.9939413145910762,0.9784707196808686,-1.015810994237266,0.3097193995546279,0.886691031134804
TPD52,81.76720168274947,0.9230088411181762,0.9094742095063749,1.0148818201443528,0.3101621651963533,0.886691031134804
HELLS,243.6783194712209,-1.0364961808660378,1.0214706080618443,-1.0147097456212697,0.3102442071760374,0.886691031134804
ERBB3,833.5454275644786,-0.8439031740470583,0.8317087202506884,-1.0146619285086902,0.3102670080428326,0.886691031134804
DUSP4,61.70425870864012,-1.1276729056419954,1.1118835084984788,-1.0142005857833425,0.31048704916890857,0.886691031134804
C1orf115,93.62071017516156,-1.0925620852601772,1.0791475007827578,-1.0124307237589756,0.3113321544502897,0.886691031134804
ZBED1,127.04185575584371,-0.8771273160435185,0.8668134961972256,-1.011898545525122,0.31158656479227753,0.886691031134804
HMGB2,117.21589822240895,-1.0681829964455813,1.0564692114897625,-1.0110876728147153,0.3119744698375373,0.886691031134804
UGT1A6,58.00056849794456,1.4256467375054953,1.4105261090825396,1.0107198500797625,0.31215053366118106,0.886691031134804
SHC1,373.2421160094699,-0.7483664262582708,0.7411730242407961,-1.0097054288030018,0.312636440743987,0.886691031134804
DSCC1,47.43901954937724,-1.4040186676023327,1.3915711761439324,-1.0089449190036348,0.31300105100006237,0.886691031134804
BLVRB,147.81094376275394,-0.9633188149708841,0.9551121537203794,-1.008592353493292,0.31317017598824837,0.886691031134804
CGREF1,43.8911538010224,-1.289919609075754,1.2823929339048477,-1.0058692425479825,0.3144784734811614,0.886691031134804
SDHC,528.4779795137975,-0.7998167124962524,0.7965369480087976,-1.004117529633313,0.3153219669779582,0.886691031134804
SPON2,219.44113639584626,-0.7815269382886427,0.7786678974738157,-1.0036717075714852,0.3155368784859557,0.886691031134804
MCUR1,119.22065542567272,-0.8362347831416265,0.833179630216878,-1.0036668598390401,0.3155392158964502,0.886691031134804
ART1,12.266359456686596,1.9336289884845965,1.930839166220314,1.0014448755303342,0.31661177785879324,0.886691031134804
BLM,187.92631412224327,-1.0351163547218143,1.0337695798533943,-1.0013027805176964,0.31668044905297055,0.886691031134804
SPHK1,52.50906283054516,-1.202238191741346,1.2023088069466028,-0.9999412669982548,0.3173389320315789,0.886691031134804
PPP2R1A,211.45511021138788,-0.8079885799652111,0.8083156617946536,-0.9995953538389738,0.31750637253235503,0.886691031134804
LDHB,0.8393966809173787,2.98371403511962,2.99257030343264,0.9970405813681766,0.3187448124188056,0.886691031134804
VEGFB,69.52480478423821,-1.0020820338661174,1.0055667189359898,-0.9965346058056102,0.3189904615610233,0.886691031134804
MEP1A,104.68088729050307,-1.3530795219247962,1.3586286024703715,-0.9959156751628183,0.31929111841703495,0.886691031134804
KDM8,73.32970932825651,-1.2605416397571303,1.266323978241918,-0.9954337605666951,0.31952534559426526,0.886691031134804
SMOX,70.40920975167934,-1.257418458076063,1.263709083027863,-0.9950220940592375,0.3197255187773509,0.886691031134804
TMBIM6,1875.1677855006578,-0.7974852341314438,0.8017828587387972,-0.9946399145847125,0.31991142727612276,0.886691031134804
HMOX2,95.5834300998159,-0.8074027370331575,0.8123642645716778,-0.9938924842525707,0.3202752137587028,0.886691031134804
LMNB1,174.90632468812552,-1.1363028392318084,1.1433471038334868,-0.9938389098305669,0.3203012996834783,0.886691031134804
TTK,167.30118619605494,-1.4848782284022404,1.4956305215478123,-0.9928108627159838,0.3208021352106941,0.886691031134804
HIST1H1E,561.2075032375343,-0.9620012804581215,0.9701407425307061,-0.9916100193345636,0.32138779981232113,0.886691031134804
RIDA,235.66698693119602,-1.219524854363119,1.2320201621085256,-0.9898578707315783,0.3222435939527193,0.886691031134804
RNPEP,94.51768497809336,-1.1099011751106775,1.1221726685074598,-0.9890645230086524,0.3226315738521631,0.886691031134804
EGFR,739.4802722962661,-0.8632168147478642,0.8736944283480976,-0.9880076909497482,0.3231488815809215,0.886691031134804
CD46,611.3775644035784,-0.6746062977069889,0.6829295587746935,-0.9878124164333462,0.3232445254747568,0.886691031134804
UTP18,168.02072029688068,-1.2004878881583898,1.21636377838476,-0.9869480738340858,0.3236680951358054,0.886691031134804
HSD17B4,884.8516354760787,-0.8503843414077558,0.8627377355615808,-0.9856811709461347,0.32428959202679863,0.886691031134804
EIF2S1,141.36062206498897,-1.025906333512399,1.0417841654773292,-0.9847590004810111,0.32474246398401974,0.886691031134804
PRKAR1B,79.41211021573274,-1.0079892565470943,1.0237944862240775,-0.9845621070540478,0.32483921037674357,0.886691031134804
NCOA2,572.4725963272733,-0.8296878115608872,0.8432353922467055,-0.9839338092181802,0.32514805889986653,0.886691031134804
PLPP1,101.56591036106886,-1.1806343931327035,1.2001026423520742,-0.9837778465505125,0.3252247541034059,0.886691031134804
RPL8,2018.1558345856886,-0.809719749038677,0.8242456107222857,-0.982376780058459,0.3259142613094388,0.886691031134804
SERPINF1,1220.5521531434988,-0.8043830720720676,0.8194828054935324,-0.9815740692541182,0.3263097274944162,0.886691031134804
YWHAB,207.11998759909744,-0.7308079898725857,0.7455093733496876,-0.980280082313323,0.3269478836833376,0.886691031134804
SPAG5,87.11254639244264,-1.1878723486483624,1.2119273192195346,-0.9801514742759795,0.3270113536272704,0.886691031134804
GEM,184.79028603908262,-1.0067337148298647,1.0275611233861437,-0.9797312217421714,0.32721881017845256,0.886691031134804
HLA-DMA,158.96878374055592,-1.1800383267762296,1.2052572708464968,-0.9790758830663971,0.3275424868698871,0.886691031134804
BTG1,337.1393549026846,-1.0164256877733615,1.0384992164751856,-0.9787447805914145,0.3277060998641158,0.886691031134804
RPS9,488.7791614518952,-0.8267717731969185,0.844928086832981,-0.9785114095282152,0.32782145112387717,0.886691031134804
JPT1,93.74290188330858,-1.0781734723082188,1.1023943761789559,-0.9780288212693083,0.32806006967622525,0.886691031134804
DLG5,247.4211874401119,-0.9145089511344974,0.9356186653705862,-0.9774376944182408,0.3283525092667898,0.886691031134804
DIO1,50.54375394340262,1.318596105522181,1.350096705062766,0.9766678939201469,0.3287335948405037,0.886691031134804
NRP1,421.182636816793,-0.7134557446719905,0.7322899129037505,-0.9742804483581143,0.32991730972261935,0.886691031134804
ACP1,158.814810760451,-1.004958459386395,1.031559995449479,-0.9742123229085742,0.3299511273264095,0.886691031134804
CD74,2698.235842873475,-0.7602089599100592,0.781825021904434,-0.9723517905045804,0.3308755668405956,0.886691031134804
NTAN1,76.09249862073412,-0.9481772010731062,0.9758626324721855,-0.9716297863266442,0.331234758646919,0.886691031134804
RBM17,329.0495647087283,-0.932132710247693,0.9600884341897169,-0.9708821365339979,0.33160697461732513,0.886691031134804
LTBP2,708.8786502926795,-0.7981084983156143,0.8239366641179519,-0.9686527291148193,0.3327184852461682,0.886691031134804
RPL10A,784.4932253964101,-0.9467810327871755,0.9784678933437035,-0.9676158402620192,0.3332362632927598,0.886691031134804
CPXM1,52.629904096387875,-1.2469799149446128,1.2896105026256715,-0.9669430517243292,0.33357250321337706,0.886691031134804
CTGF,549.3566288915022,-0.8844311592928057,0.915269041239938,-0.9663073035821735,0.33389043250708383,0.886691031134804
F2RL1,60.00596461834003,-1.1779376999832438,1.2191275843652654,-0.9662136392365637,0.33393728932845945,0.886691031134804
NARS2,93.06241001174638,-1.1044834648761368,1.1433528762960559,-0.9660040113373937,0.3340421738097572,0.886691031134804
CFHR5,326.5371596875835,-1.3476482430325363,1.395088097845139,-0.9659950831163433,0.334046641395897,0.886691031134804
NCBP2,80.65822312949592,-1.039141111632077,1.0759176890977091,-0.9658184098669539,0.33413505472179084,0.886691031134804
CLDN14,96.27283373881365,-1.3140494741123285,1.36100662717721,-0.9654982186513869,0.3342953277878,0.886691031134804
HIST1H4A,31.57861027112927,-1.5377287555610502,1.5947697933082092,-0.9642324315481092,0.33492940803459015,0.886691031134804
TIMP2,129.3786119120884,-0.8697338797887819,0.9020314039485492,-0.9641946787901305,0.3349483317002374,0.886691031134804
BHMT2,596.677295629013,-0.5813391546842929,0.6032203381763306,-0.9637260514819687,0.33518328967194866,0.886691031134804
GGA3,131.04650918672885,-0.8810616499810886,0.9148995908534119,-0.9630145851953442,0.33554020389937256,0.886691031134804
ATP6V0B,74.83492356620185,-1.1232131041524602,1.1663827946622252,-0.9629884025147452,0.33555334337170784,0.886691031134804
GSTA3,14.12155783657869,1.4544354351445405,1.5114367735443084,0.9622866537340492,0.3359056312291747,0.886691031134804
ADD3,223.72341155104183,-0.9519350631112095,0.9893479205997274,-0.9621843269596818,0.33595702060425614,0.886691031134804
DCTPP1,38.527930218856376,-1.3673704546271173,1.422097228807024,-0.961516854775242,0.33629235495115384,0.886691031134804
SERPINB2,10.7568830214037,1.7095488813112911,1.7789768473589955,0.9609730918360323,0.33656569758449595,0.886691031134804
URI1,286.5057807797733,-0.9703342012082596,1.0097806626165247,-0.9609356141698613,0.3365845423880026,0.886691031134804
SEC14L2,158.43688998632334,-0.9889160202706071,1.0291204514000978,-0.9609332113895965,0.33658575059529583,0.886691031134804
HIPK2,697.2971288259192,-0.760714585678455,0.792405197651701,-0.9600070619587536,0.3370516607418087,0.886691031134804
B4GALT5,179.52327869291,-0.8377191396215219,0.8745130871572273,-0.9579263614506774,0.3380998924693469,0.886691031134804
POLR2K,48.571909534696,-1.1754828216543622,1.227400489395565,-0.9577011185918871,0.33821349255489996,0.886691031134804
HIF1A,795.6763518375536,-0.9940358216153558,1.0398442086626916,-0.9559468748628716,0.33909907510357895,0.886691031134804
OSGIN1,158.70339676775615,-1.081916275264399,1.1318771785516966,-0.9558601372710549,0.3391429007975465,0.886691031134804
DNMT1,743.1865849764371,-0.7096065477285677,0.7429198736588934,-0.9551589247892144,0.33949733416533545,0.886691031134804
CCL16,109.887935528607,-0.9141338569471283,0.9571416883536923,-0.9550663899296471,0.3395441243750503,0.886691031134804
CXCL2,108.7389977018708,-1.1247323302960373,1.1779000274401557,-0.9548623007848436,0.33964733657673896,0.886691031134804
FXYD1,2.0675295191261633,1.9957784095335633,2.091308968179062,0.9543202080137022,0.3399215820425697,0.886691031134804
MMP7,51.39176967476527,1.1981337540445467,1.2556141082790662,0.9542213217775152,0.33997162402796155,0.886691031134804
ASCL1,2.987344909865123,2.1143690007549463,2.220563495985994,0.9521767806131145,0.3410073346792124,0.886691031134804
NR2C1,167.1739722427464,-1.0915488476603692,1.1484107789116984,-0.9504864180174144,0.34186515191825817,0.886691031134804
XPO7,212.91958845498345,-0.6685333568511466,0.703636385056939,-0.9501119769368495,0.3420553581334548,0.886691031134804
AEBP1,1679.9380685794986,-0.795591653752017,0.8373732942325628,-0.9501039252525507,0.34205944892051665,0.886691031134804
CYP51A1,35.77683508275777,-1.406855281198497,1.4819232357339047,-0.9493442354331996,0.3424455622585234,0.886691031134804
CACYBP,111.68724839958348,-1.150801309903804,1.2130721438902972,-0.9486668337904521,0.34279008746585504,0.886691031134804
RPLP2,749.502672768596,-0.946356879550424,0.9975696033448187,-0.9486625057312491,0.3427922894207185,0.886691031134804
MAPRE3,62.654254466238896,-1.1153615398771066,1.1763393084402363,-0.9481631123557515,0.3430464228219804,0.886691031134804
EFR3A,585.5860634427341,-0.9192136447252899,0.9705934018904724,-0.9470635622856001,0.3436063907281405,0.886691031134804
ABCA8,529.9598513508298,-0.8155509432326945,0.8612298163512307,-0.9469608782101114,0.3436587144384867,0.886691031134804
CYB5A,883.569130131438,-0.7257021158308155,0.76712396600566,-0.9460037073401264,0.34414669530696873,0.886691031134804
AGO2,214.26448487608585,-0.7476407319138813,0.790333616238761,-0.9459811863652499,0.3441581821797295,0.886691031134804
UBE2I,117.89118089424029,-0.8237144681362047,0.8715459961894904,-0.9451187564828349,0.3445982505578652,0.886691031134804
DPYSL2,249.20461527176732,-0.8586310224145368,0.9095832763407299,-0.943982859786984,0.3451784072264876,0.886691031134804
SLC38A3,1035.7761483088964,-0.8993702960181769,0.9533868150413799,-0.9433424941786523,0.3455057468702454,0.886691031134804
REG3A,12.410323899102014,-1.6787190771426865,1.78047943456446,-0.942846653858338,0.34575934450567236,0.886691031134804
ETV5,58.51450238261174,-0.8958431831212974,0.950351992799627,-0.9426435572384576,0.34586325254865935,0.886691031134804
MGST2,167.08395794999498,-0.898651746200005,0.9545567737278651,-0.9414335227966251,0.34648274123451817,0.886691031134804
IARS2,408.668054516055,-0.9077391227781122,0.9649671104670342,-0.9406943645351558,0.34686150777457525,0.886691031134804
SERPINH1,279.484657922943,-0.9116197460110544,0.9691235815683898,-0.9406640838681549,0.346877030101,0.886691031134804
PCK2,502.39949072482415,-0.7831123657381297,0.833421075120243,-0.9396359044857908,0.34740435273171677,0.886691031134804
ATP5F1C,252.1506066212651,-0.9284913061954485,0.9891402505667789,-0.9386851921791896,0.3478923983468899,0.886691031134804
GRAMD1C,87.62621340211926,1.0192576793380177,1.0885047917611053,0.9363832727726887,0.3490758871647712,0.886691031134804
STXBP6,72.78505124184495,-0.7090127462184957,0.7573495486351861,-0.9361763633400221,0.34918239088033476,0.886691031134804
S100P,6.168878304267322,1.4731806371480176,1.574568446881535,0.9356091442488144,0.34947446472288024,0.886691031134804
AIMP1,128.6225311358318,-1.136470991432331,1.2150150674658418,-0.9353554716014096,0.349605136638238,0.886691031134804
GSTO1,395.27729451739185,-0.934977808000371,1.0002831102525889,-0.9347131811155672,0.34993613211866215,0.886691031134804
ERCC5,24.53385472004493,-1.209391459876033,1.2949681372581532,-0.9339159976836863,0.3503472259848238,0.886691031134804
ANKRA2,79.52135169852843,-1.160289170397113,1.24263942436135,-0.9337295659949298,0.35044340979451594,0.886691031134804
S100A13,21.24299654644481,-1.2093134738468958,1.2959406255193886,-0.9331549995681521,0.35073994534565844,0.886691031134804
HGS,219.66679076318616,-0.806181533026826,0.8639347663126749,-0.9331509327581027,0.3507420448060151,0.886691031134804
SULT1B1,52.652681236122305,-0.9658497487250186,1.0371632546423002,-0.9312417735606375,0.3517285137267655,0.886691031134804
XPA,113.28084438631468,-1.0855971641037292,1.1672120601566032,-0.9300770623960792,0.35233118600983626,0.886691031134804
RPS27A,647.5816219010195,-0.8686043856172706,0.9341500925452995,-0.9298338591934032,0.3524571123817668,0.886691031134804
NSF,288.90072470897417,-0.9198668355642076,0.9892878720275653,-0.9298272642106914,0.3524605275452889,0.886691031134804
SOX9,152.7020427843698,-0.8339415241691602,0.8981368862200783,-0.9285238552877032,0.3531358993675955,0.886691031134804
RPL29,403.35925995949907,-0.8035865973320833,0.8654547914081879,-0.9285136616143306,0.35314118452485765,0.886691031134804
FLNB,1784.9066570467303,-0.7823126886704059,0.8430473556553278,-0.927958178650936,0.35342926377705386,0.886691031134804
PCNA,66.64125619293954,-1.0381309593262475,1.119061922772965,-0.9276796379183596,0.353573773817515,0.886691031134804
DDX39B,106.4518526264694,-0.8245786558753188,0.8909330895706709,-0.9255225398269499,0.3546941647521811,0.886691031134804
NUP37,65.99650944250436,-0.9915906397381528,1.0714496725815568,-0.9254663705753055,0.3547233688237672,0.886691031134804
GPX2,322.85943582553216,-1.1229572016393528,1.2135658978389605,-0.9253368141268983,0.35479073488003754,0.886691031134804
SRM,73.31829962841199,-1.0431314040313795,1.12816156391703,-0.9246294479396889,0.3551586897243396,0.886691031134804
SLC7A5,171.90463194841607,-0.9052005040973004,0.9791358669827648,-0.9244891690942766,0.35523168800471716,0.886691031134804
ADRA2B,41.37501536190875,-1.3490666590206362,1.4600243033038753,-0.9240028785602032,0.355484817081024,0.886691031134804
GNE,431.56717662722207,-0.708045888054496,0.7663141284775616,-0.9239629829886769,0.35550558899423046,0.886691031134804
HK1,225.16434355532633,-0.6231806316038906,0.6744963673917768,-0.9239199226730902,0.35552800951318053,0.886691031134804
GPD1,162.15616461298484,-1.0078238102133181,1.09116806899784,-0.9236192286481884,0.3556845988597249,0.886691031134804
EMP2,259.8588560587876,-0.7286157932626584,0.7890758774074502,-0.9233786181077585,0.3558099304726262,0.886691031134804
ABCD3,653.9561561683199,-0.9584411363544438,1.0417987106954223,-0.9199868712782956,0.3575796199804452,0.886691031134804
SNRPA1,218.03957603335564,-0.8497953078438423,0.9241626695500238,-0.9195300089946382,0.3578184167488355,0.886691031134804
AOAH,152.44934191915507,-0.8448277773948706,0.9202273788917565,-0.9180641619382257,0.3585852758943753,0.886691031134804
ATP5PB,209.40256436399662,-1.1018997965678992,1.2014535386455243,-0.9171389164246349,0.3590698505327108,0.886691031134804
MSMO1,457.5327663933847,-0.8570225013312411,0.934612592923397,-0.9169815470285286,0.35915230982923074,0.886691031134804
PSMC4,210.57963701456464,-0.9896807087776639,1.0842801535319013,-0.9127536878305003,0.3613721005298107,0.886691031134804
PHLDA2,22.26471317602504,-1.4665368393595741,1.6079451235382336,-0.9120565235040516,0.36173896344529743,0.886691031134804
TTLL4,173.3980905143983,-1.0047620933348642,1.1026199298088843,-0.91124971186492,0.3621638164218497,0.886691031134804
CCT6A,462.5159774193376,-0.8241311067980059,0.905877921189956,-0.9097595686132101,0.36294932141787883,0.886691031134804
PDCD5,130.0672057323544,-1.1544004208484526,1.2693247446871867,-0.9094602667128686,0.3631072221108116,0.886691031134804
RSU1,220.7841368185691,-0.8192296012816359,0.9008840410074935,-0.9093618756587803,0.3631591390067571,0.886691031134804
LCAT,101.4008239280625,-0.891558099621156,0.9813669110869946,-0.9084860000360483,0.36362150712986907,0.886691031134804
AKT3,185.7848920290116,-0.489360552859148,0.5396570034951309,-0.906799225600272,0.36451297949305295,0.886691031134804
TNFAIP3,257.8258719405637,-0.9730344119202542,1.0731246697886518,-0.9067300746258027,0.36454955539958234,0.886691031134804
TF,8761.838682507145,-0.7203792518124275,0.7946063750894644,-0.9065862978148398,0.36462561036341457,0.886691031134804
YEATS2,249.42994977214016,-0.6245083375093984,0.690783910633874,-0.9040574453107049,0.36596494158083315,0.886691031134804
EBNA1BP2,196.06641652400208,-0.6984478930588229,0.7730465042468724,-0.9035004869975761,0.36626032990106805,0.886691031134804
CES2,442.39394549563366,-0.8998914224492274,0.9961070759421511,-0.9034083224417216,0.3663092246177091,0.886691031134804
EPHX2,236.3814284789305,-0.8728991345296779,0.9686697850704797,-0.9011317870993225,0.3675182537673719,0.886691031134804
CCL20,17.102973147970093,-1.3606180018138603,1.5111459521712307,-0.9003882119122311,0.3679136918583199,0.886691031134804
FKBP2,145.5395049550298,-0.9461854985099537,1.051200380450698,-0.900100034309615,0.36806701778140194,0.886691031134804
POFUT1,122.8256801168276,-0.8062957898723331,0.8964656025190602,-0.8994163162609354,0.3684309515438413,0.886691031134804
LMO7,491.70414335371436,-0.8475544190154776,0.9428986571763192,-0.8988817754324021,0.3687156362448787,0.886691031134804
LECT2,53.39070722854017,-1.1889487828237881,1.3228064139536615,-0.8988078454126982,0.3687550205195568,0.886691031134804
ATXN10,300.1513447601086,-0.8760626186007882,0.9754698353698571,-0.8980929874357644,0.3691359773097652,0.886691031134804
SAC3D1,32.21899489956824,-1.1779197997278896,1.31202381262414,-0.8977884306626777,0.3692983537597514,0.886691031134804
OIP5,11.1842542249561,1.5786441443002082,1.7585714988827836,0.8976855051404604,0.3693532392191282,0.886691031134804
SLC1A1,162.71614111067134,-0.9412388845572744,1.0488846674538712,-0.8973711922418479,0.3695208792589061,0.886691031134804
FAM149A,116.29678496742814,-1.0283081815303774,1.146525611202988,-0.8968907205233982,0.3697772321656474,0.886691031134804
PIR,31.08042118989672,1.0837942325693541,1.2089142892302922,0.8965021277558053,0.36998464441030765,0.886691031134804
ACTA2,345.47784933145874,-0.8368004692622542,0.9334522964856523,-0.8964576683915377,0.37000837930114994,0.886691031134804
NNMT,506.3299798932975,-0.9193934044414286,1.026016618097073,-0.8960804223099275,0.3702098123890445,0.886691031134804
COL6A1,1119.2634270971564,-0.6150188336259705,0.6866809404930887,-0.8956398777929392,0.37044513030692816,0.886691031134804
LTBP3,594.9280726672188,-0.7715020908140535,0.8624244228405391,-0.894573565383251,0.3710150880627343,0.886691031134804
HMGB3,1256.7519731828302,-0.41747083887144676,0.4679550168361745,-0.8921174554211443,0.37232997972779014,0.886691031134804
SGK1,341.78892879607764,-0.8078341853466593,0.905779055445099,-0.8918667090946262,0.3724643804075982,0.886691031134804
CDC20,70.50817774781781,1.128266071775703,1.26533967796482,0.8916705066819787,0.37256956637124095,0.886691031134804
GTF3C3,201.56701007635527,-0.9547696252626678,1.0715903879487354,-0.8909837527474573,0.3729378865722882,0.886691031134804
SNRPB,85.69895649133784,-0.9030009335151719,1.0149080706772307,-0.8897366762613435,0.37360729558867045,0.886691031134804
EPM2AIP1,123.00557747530218,-0.8847510048029371,0.995226736338627,-0.8889944095130294,0.37400608432180027,0.886691031134804
CCDC6,266.5844944623423,-0.48126858251163046,0.542186774364831,-0.887643530359873,0.37473253037113363,0.886691031134804
PYGB,167.02276871707016,-0.845038408623437,0.952399864358275,-0.8872727099691705,0.37493209447590725,0.886691031134804
SLC25A20,177.21083614604726,-0.8860080613558121,0.9987049377229424,-0.8871569849007852,0.3749943875863154,0.886691031134804
MAT1A,1184.846740392953,-0.8637145564216107,0.9739534779410858,-0.8868129494721683,0.3751796145905032,0.886691031134804
RPS4X,2179.2201681934453,-0.8791932086181995,0.9930543263262714,-0.8853425087736212,0.3759719297067615,0.886691031134804
YBX3,186.47435157351148,-0.8307114947013357,0.940259802972267,-0.8834914478693688,0.3769708012009735,0.886691031134804
RPRD1A,69.25704821559589,-0.9069824425118284,1.0288269189518566,-0.8815695097051305,0.3780096495342796,0.886691031134804
POR,810.7897635766975,-0.7201392530552537,0.8169044276008756,-0.8815465172225758,0.3780220881238072,0.886691031134804
ANPEP,1056.6138406469952,-0.8108440279192921,0.9206274784880635,-0.880751494894474,0.37845233839093195,0.886691031134804
SMARCC1,641.4527754629624,-0.796296529044723,0.9050725423471112,-0.8798151438554296,0.3789594594375538,0.886691031134804
FGL2,146.20101425283463,-0.9143839134437884,1.0397154324238516,-0.879455940470286,0.3791541123551976,0.886691031134804
UBD,1.6369575181020835,1.8846721266536184,2.1433002864635804,0.8793318129786213,0.3792213915500178,0.886691031134804
GSDMD,364.54685574371064,-0.8302606094225278,0.9449706088775882,-0.8786099817524378,0.37961278177338553,0.886691031134804
MCM7,236.93885140763572,-0.8434334292889228,0.9601002780847617,-0.8784847255449507,0.37968072328558944,0.886691031134804
IKBKE,86.07540218946477,-1.116572725142371,1.2714261981576966,-0.8782049062385933,0.37983252997013717,0.886691031134804
TRNP1,12.656016407770549,-1.2739869729232967,1.4529408955437777,-0.8768333087950521,0.3805771842777299,0.886691031134804
CBX3,298.0489940158555,-0.7430222612513061,0.8474963607501543,-0.8767261969049946,0.3806353741468397,0.886691031134804
PMP2,9.498050623127115,-1.6442847270801393,1.8831762609720484,-0.873144357836903,0.38258439871680583,0.886691031134804
PINK1,48.724702171978215,-0.9864407602256318,1.1298443343660884,-0.8730766975780652,0.382621274189722,0.886691031134804
PDGFA,56.3739800038434,-1.0395790391913968,1.1907996182480995,-0.8730092143637248,0.38265805534158526,0.886691031134804
EHHADH,348.2763217972393,-0.7784184949459175,0.892019867097156,-0.8726470380968933,0.3828554934569569,0.886691031134804
CAPG,106.57943838310723,-0.939312988685582,1.076469008609497,-0.8725871169286304,0.38288816512237833,0.886691031134804
PIM2,72.40031239029521,-1.023880492021941,1.1744988526158262,-0.8717594655299746,0.3833396119353427,0.886691031134804
MYO6,700.4504988492591,-0.7180798218250789,0.823968959420907,-0.8714889239635337,0.3834872509242667,0.886691031134804
UBR2,570.0605405708303,-0.7572260569629709,0.8694203544382612,-0.8709550599976694,0.3837786914118675,0.886691031134804
C5,2374.7950184603287,-0.7472084089376431,0.8584583720597916,-0.870407271053558,0.38407787454539466,0.886691031134804
MFAP3L,34.622120837294936,-1.1921891007523364,1.372109726053372,-0.8688730049173654,0.38491659637133,0.886691031134804
DSC3,96.8873086206272,0.9820057694581065,1.130750851837387,0.8684545917983784,0.3851455202442602,0.886691031134804
UBE2K,190.64249461995928,-0.8364896421824353,0.9632231702669471,-0.8684276583074835,0.38516025905469653,0.886691031134804
NFIB,236.4893431333994,-0.7455546716228828,0.8594390784298738,-0.867489843474364,0.38567367430121835,0.886691031134804
SLC46A3,68.32212683971655,-0.8894682020717626,1.0255133919252646,-0.8673394312305417,0.38575605773638455,0.886691031134804
PSME3,137.62243485463918,-0.8160265456923242,0.9410907752373849,-0.8671071560408039,0.38588330006372695,0.886691031134804
RHBG,83.70468129897746,-0.8330428384858034,0.9617636325219628,-0.8661617161603166,0.3864014845429501,0.886691031134804
DACH1,214.72858646046436,0.4064133789136733,0.46932886447857186,0.8659458424003004,0.3865198619475876,0.886691031134804
CD36,418.0177117453505,-0.8267922786697306,0.9561004438049956,-0.8647546228295252,0.38717348187426814,0.886691031134804
CSNK1D,233.09899536379672,-0.5981784982105078,0.69225743286631,-0.8640983394482803,0.38753387114377325,0.886691031134804
GNL3,266.4880221457373,-0.8381121714304897,0.9703232053913253,-0.8637453652285727,0.38772778677712416,0.886691031134804
SUB1,347.187959220631,-0.8971689939205066,1.0400955325511052,-0.8625832587896671,0.38836663816098493,0.886691031134804
VNN1,310.9788509796042,-0.9398542399315002,1.0896941460438476,-0.8624936119402462,0.38841594685562464,0.886691031134804
HMGCS2,1703.0725833707224,-0.9227766363391202,1.0717151458292307,-0.861027895267011,0.38922267958630963,0.886691031134804
CBR4,102.15954122584687,-0.8807429445302253,1.0229233238903737,-0.8610058290396496,0.3892348326573075,0.886691031134804
PKIA,5.013869753445185,1.768824317464137,2.0586913112902203,0.8591984178315601,0.39023105613662146,0.886691031134804
RACGAP1,164.84851452271198,-0.9832611702099816,1.1453280355434217,-0.8584974257994615,0.3906178513103514,0.886691031134804
MMS19,250.15751249951165,-0.8727025331438757,1.0169185710792537,-0.8581832980173411,0.3907912570926513,0.886691031134804
SPTBN1,5138.6452397106195,-0.6260854408144381,0.729796846956246,-0.8578900325832378,0.39095318857612904,0.886691031134804
ADAM8,105.54816249470075,-0.9812550575687629,1.144672161149527,-0.8572367625184019,0.39131404918962454,0.886691031134804
TRIM31,36.860172686793696,-1.117275928629459,1.3036370023266042,-0.8570452715253201,0.39141986543540297,0.886691031134804
KCNN2,86.1181080538753,-0.7909614348211106,0.924082965813907,-0.8559420139559152,0.3920298541540337,0.886691031134804
LPP,724.1663243308171,-0.5804619174840754,0.6783777154608676,-0.8556618300613377,0.39218485899299926,0.886691031134804
UBE2A,102.74437902955879,0.7593076257395298,0.8884981880159605,0.8545967070963684,0.3927744512058081,0.886691031134804
DYNLT1,79.02855397673004,-0.8268003139901403,0.9675340348157851,-0.8545439067138967,0.39280369249947833,0.886691031134804
HIST1H2BG,26.086396724516927,1.0204514535935114,1.1945779077192622,0.8542360000125901,0.3929742400879982,0.886691031134804
RAD21,244.78176992535148,-0.7568703061434845,0.8866076467987466,-0.8536699507119054,0.3932878882892915,0.886691031134804
NR5A2,163.3353656878902,-0.7213253580546056,0.8456112997952869,-0.853022373552991,0.39364689703777067,0.886691031134804
CNGA1,144.12774604583814,-1.1137961111938817,1.3063434615654275,-0.8526058758384942,0.3938779030307763,0.886691031134804
NMT1,211.94085986874762,-0.754171796513363,0.8850110686478866,-0.8521608635534706,0.3941248149891392,0.886691031134804
MYCBP2,936.1099203330269,-0.5362622623142768,0.629443329743077,-0.8519627375083403,0.3942347739717248,0.886691031134804
SRSF2,7.27681631895068,1.6237699003541355,1.9060359149225494,0.8519093935436765,0.3942643827820037,0.886691031134804
USF2,243.81981811841808,-0.7131732275695831,0.8376277307307994,-0.8514202687002324,0.39453593648279606,0.886691031134804
EIF2B1,181.12324839870664,-0.8866807807269534,1.0417101224519905,-0.851178040432086,0.39467045933100486,0.886691031134804
CORO1C,215.45148647261317,-0.7854804241954465,0.9257089332997855,-0.8485177099841956,0.3961497137702149,0.886691031134804
AKR1D1,150.51550183220124,-0.9686653783898825,1.1422684094702664,-0.8480190560807915,0.396427358208024,0.886691031134804
BUB3,126.18747287110662,-0.903969099651803,1.0673300886307517,-0.8469442670837473,0.397026186973489,0.886691031134804
HAT1,154.76929242114943,-0.8259268209988553,0.9754851746180642,-0.846683109584145,0.3971717756857752,0.886691031134804
PLD3,324.64836391510835,-0.7224792946891013,0.853749220018208,-0.8462429923785969,0.3974172027627756,0.886691031134804
MPDZ,486.43597692960617,-0.8124467300257988,0.9602355941727043,-0.8460910374039678,0.39750196020836426,0.886691031134804
STK32B,26.53164462228365,1.1869368343237556,1.4041317932782011,0.8453172558343941,0.397933729117411,0.886691031134804
AKR1C1,3269.6497894390272,-0.790968995931564,0.9385296868829114,-0.8427746154291262,0.3993545074882102,0.886691031134804
SERPINA6,903.280454312146,-0.9473679822385135,1.1244556807436195,-0.8425125137986808,0.3995011381454152,0.886691031134804
OSER1,43.5051580343878,-1.1556332761896382,1.3716518670041318,-0.8425120863311281,0.3995013773151638,0.886691031134804
MYO1B,1522.2034903015824,-0.687975712756402,0.8173189422030221,-0.8417469328460868,0.39992962170312985,0.886691031134804
PPOX,172.29000764047484,-0.9812400780290109,1.1657326175532643,-0.8417368299160388,0.39993527800011663,0.886691031134804
EP300,1085.8904161776854,-0.5268238742443202,0.6269900650836772,-0.8402427782871028,0.40077227762091716,0.886691031134804
TIAL1,319.40488468589854,-0.5779061520133734,0.6885209196427579,-0.8393443619886272,0.40127609585791557,0.886691031134804
C1QTNF4,8.538386058796748,1.6016689359236305,1.9100552071351529,0.8385458859725506,0.40172418810054356,0.886691031134804
MPC2,150.66450422535567,-0.9417053971572271,1.1232228718266228,-0.8383958524863316,0.4018084180420979,0.886691031134804
KDELR3,35.815118514051306,-1.0609907494806126,1.2656812653972398,-0.8382764116743213,0.40187548059865164,0.886691031134804
SELENOO,131.85533184686912,-1.063582518794829,1.2714987726309432,-0.8364793908484073,0.40288526609595754,0.886691031134804
FARSB,202.98679398353522,-0.9523364921498498,1.138954852838299,-0.8361494661325757,0.4030708231175668,0.886691031134804
CLDN15,62.479302136864526,-1.0397722651520789,1.243826009077672,-0.8359467140609931,0.40318488080525194,0.886691031134804
CXADR,212.81713549256668,-0.7168966887381805,0.857727275060522,-0.8358095977390897,0.4032620262190614,0.886691031134804
HPR,5406.138448082113,-0.7327835436851909,0.8770394797634974,-0.8355194499143794,0.40342530051466274,0.886691031134804
CRHBP,46.482063667684834,1.1385508033043223,1.3631844722541464,0.8352140348412476,0.403597208883577,0.886691031134804
SASS6,83.20975798899268,-0.9692044356034555,1.1612130061845913,-0.8346482776557762,0.4039157713589203,0.886691031134804
ARPC4,17.95917420523388,0.996895758320105,1.194681645292607,0.8344446926494302,0.4040304413509054,0.886691031134804
HCRT,4.700142460380201,1.8385713997990007,2.210709197470585,0.8316658753230091,0.4055975674171577,0.886691031134804
MED1,236.97740306447352,-0.8740060194291894,1.0511220687101683,-0.8314981156295976,0.4056922923168951,0.886691031134804
ITGA6,488.82250281869744,-0.7703568517181647,0.9267689747049027,-0.8312285723240336,0.4058445166346334,0.886691031134804
ALOX5AP,42.331616637272816,-1.1637328542222634,1.4014631154972907,-0.8303699479164159,0.4063296513010667,0.886691031134804
SDC1,566.7723698001379,-0.7612015734450879,0.9192391750416261,-0.8280778214338158,0.4076264289233984,0.886691031134804
IPO7,893.3225868945786,-0.7386231203591611,0.8933452361542975,-0.8268059093691602,0.4083470801003727,0.886691031134804
LPAR2,31.08327065075994,-1.1471228542046865,1.3880396135598445,-0.8264338013111244,0.40855805575451143,0.886691031134804
FGD6,245.76430065188464,-0.7473545748751823,0.905443610231304,-0.8254015671768489,0.40914364548003324,0.886691031134804
SLC8A1,134.4185705319358,0.8475320724251805,1.0280639565333205,0.824396251847111,0.40971444386755584,0.886691031134804
S100A10,128.2808716773253,-0.8542928813556406,1.0366426158879352,-0.8240958535395508,0.409885095997115,0.886691031134804
UBE2V2,124.07686036384251,-0.6315263679638011,0.767857942589919,-0.8224520877308592,0.4108196446691569,0.886691031134804
SCARB2,447.5812715094374,-0.606689489893251,0.7377978260833863,-0.8222977466792951,0.41090745886479607,0.886691031134804
SAA4,0.6493025811083988,-2.4447814297020214,2.974674732187489,-0.8218651280586232,0.4111536618296677,0.886691031134804
SGPL1,139.36070794893527,-0.7207011699285226,0.8770495316894196,-0.8217337150163796,0.41122846624110443,0.886691031134804
ALDH1L1,884.7454175113371,-0.7654382770355705,0.931515125035986,-0.821713202999254,0.41124014305131207,0.886691031134804
PROS1,437.34190380048756,-0.8148367804718106,0.9924531291520517,-0.8210330105644427,0.41162746548236195,0.886691031134804
HMGA2,79.77339531982328,-0.48935166885330716,0.5962368038695459,-0.8207337515521353,0.41179794128110436,0.886691031134804
CALU,334.539722756796,-0.7910103481714146,0.9643293515325894,-0.8202699076972796,0.412062257185172,0.886691031134804
ACTR2,395.19267766599194,-0.7902147616653383,0.9637446472632674,-0.8199420499084488,0.4122491437226744,0.886691031134804
FBP1,424.37047423064024,-0.9674347989259239,1.1803557367896846,-0.8196129088652033,0.4124368122867208,0.886691031134804
GOLT1B,114.76366429284914,-0.9887945246460806,1.2077884656968167,-0.8186818741273617,0.41296794079296373,0.886691031134804
AHCY,297.94725275787863,-0.851076949352234,1.0401615256129506,-0.8182161408543812,0.41323378018846324,0.886691031134804
FXR2,131.86065976939375,-0.7081288644859581,0.8656827878520631,-0.8180003974007285,0.4133569603564401,0.886691031134804
RNASE1,151.74556403544418,-0.9608092217316087,1.1768886645312,-0.8163977194175253,0.4142727005654775,0.886691031134804
UBE2L6,175.7647440616785,-0.8331960749038673,1.0244171257487933,-0.8133367296987017,0.4160250238884221,0.886691031134804
RPE,85.88871163797982,-0.7544066478931594,0.9276844202533308,-0.8132147435300758,0.4160949477949827,0.886691031134804
CLDN4,40.054872361077415,-0.9614233073988719,1.1833518572647317,-0.8124576823846474,0.4165290592492653,0.886691031134804
VPS41,337.046198276054,-0.7447366948563086,0.916942214869884,-0.8121958862609333,0.41667923965723397,0.886691031134804
CUL1,348.3512879603169,-0.8380831564062401,1.0319691146645276,-0.8121203866442109,0.4167225562517901,0.886691031134804
MGMT,64.32102853040202,-0.9568484488297875,1.1788587051184458,-0.8116735658610148,0.4169789662903597,0.886691031134804
PGM1,451.95365223902576,-0.6892126345241181,0.8491351798518337,-0.8116642095130003,0.4169843364653826,0.886691031134804
CCT5,430.98972345110207,-0.8307567643878486,1.0250656928512347,-0.8104424625480217,0.417685921367155,0.886691031134804
DDR2,294.58848470126895,-0.7695763718777973,0.949758076186867,-0.8102867363524071,0.41777539666306496,0.886691031134804
ANLN,359.5602213187636,-0.9077809475717485,1.1208085515460116,-0.809933994810783,0.4179781124341365,0.886691031134804
MEST,36.02388223411624,-1.0236550836431724,1.26653602435746,-0.8082321102256005,0.4189569761332941,0.886691031134804
LEAP2,180.6063141621258,-0.7437259791024383,0.9202063839507143,-0.8082164958575986,0.4189659632035079,0.886691031134804
HIC2,36.03914283802591,0.9634301794241833,1.1923374687955843,0.8080180356970355,0.4190801996356318,0.886691031134804
PTPN11,505.9882123596483,-0.7602345701369517,0.9418456628835163,-0.8071753155495227,0.41956548513323666,0.886691031134804
TOPBP1,249.65874632385052,-0.6709578950662042,0.831773050559915,-0.8066598149754229,0.4198625020458654,0.886691031134804
ACSL4,644.04324017396,-0.8225233643964852,1.0201032325027453,-0.8063138496076393,0.4200619068234852,0.886691031134804
FOXO1,201.63972797829618,-0.45718110716293753,0.5683993867975905,-0.8043307536602634,0.42120598110053153,0.886691031134804
ANGPTL3,586.4896939281576,-0.8352671332019296,1.0390702965191065,-0.8038600814594363,0.42147778634891875,0.886691031134804
TEAD4,55.476187513992336,-1.0718068436627435,1.3340299384680274,-0.8034353748414255,0.4217231355310862,0.886691031134804
KIF18B,70.39290598266024,-0.898378825098462,1.1204259049889786,-0.8018190414004209,0.422657642370879,0.886691031134804
GOT2,266.20199490452273,-0.7342306287773666,0.9160331878076274,-0.8015327812899716,0.42282327419320775,0.886691031134804
HSPA4,591.4785799909064,-0.7690493311875386,0.9613133887999306,-0.7999985646175098,0.42371162880363555,0.886691031134804
LARP4B,224.80200023872305,-0.6844010588087112,0.8569442412411795,-0.7986529646519819,0.4244916671220975,0.886691031134804
TIMM8A,25.833021289141104,-1.0784268848100638,1.3515470112997694,-0.7979203651769028,0.42491670444062957,0.886691031134804
GPLD1,294.8304246714001,-0.7326712198814761,0.9195801001968091,-0.7967454055657244,0.4255989078133615,0.886691031134804
FAM118A,99.03349710483259,0.8242016465560053,1.035388705012797,0.7960311355200832,0.42601393856045533,0.886691031134804
CYP3A7,21.89593602479388,-1.2234210092022864,1.53750862716982,-0.7957165166964346,0.4261968245397566,0.886691031134804
SRGN,141.8655765611066,-0.8628127410488007,1.0843333253656877,-0.7957080363252877,0.42620175476093114,0.886691031134804
KLF3,183.69475468304068,-0.6877195884122632,0.8653515979848287,-0.7947285126805997,0.4267714428262753,0.886691031134804
SYF2,172.30203742619463,-0.7565935266310257,0.9527167444054259,-0.7941432026611465,0.4271120691769713,0.886691031134804
CCT2,295.299315193181,-0.7556827743980058,0.9518382535519447,-0.7939193151547002,0.42724240437115846,0.886691031134804
ADH6,292.28047908084176,-0.9014477791818049,1.1358307211513414,-0.7936462382951283,0.4274014063090825,0.886691031134804
PLD1,236.1257494354743,-0.6722088010848349,0.8475241839224796,-0.7931440940997617,0.4276938751162438,0.886691031134804
TAP1,251.20960507118798,0.7571259265760423,0.9548917960867258,0.7928918540078002,0.42784083376887583,0.886691031134804
ATG16L1,142.0833374646769,-0.8229321128692246,1.0381982271426586,-0.7926541303524549,0.4279793618455816,0.886691031134804
ACAA1,346.3738587798082,-0.8327536127021505,1.051044255744914,-0.7923107025706992,0.42817953270572207,0.886691031134804
NUSAP1,17.18500859924872,-0.9390055104164919,1.1854718178454573,-0.7920943343242802,0.4283056734160051,0.886691031134804
CCL19,81.33849435631431,-0.9769829584790232,1.2343911861480665,-0.7914694866930402,0.4286700752412873,0.886691031134804
SCCPDH,372.9034380267645,-0.8760752215636461,1.1085793848127767,-0.7902683682969649,0.42937105582808666,0.886691031134804
PLCB3,211.43810103894378,-0.9364870519474903,1.1861964256998263,-0.7894873325005901,0.4298272306472196,0.886691031134804
SKA2,69.8294930027613,-0.8250735359552176,1.0450993956066343,-0.7894689628791706,0.4298379630671961,0.886691031134804
PLBD1,68.75713317626197,-0.9451376120174461,1.1973023865269197,-0.7893892325388729,0.42988454718632074,0.886691031134804
SH3YL1,103.52997047911047,0.710065182854534,0.9001765147360747,0.788806607627083,0.43022504696703234,0.886691031134804
MDK,189.30141034932421,-0.8824648311541476,1.1198335721942012,-0.7880321264391517,0.43067791440851244,0.886691031134804
BTD,125.39142559831099,-0.9144557695080793,1.1604574141023742,-0.7880132078913213,0.43068898023420676,0.886691031134804
GMFB,172.63722984903958,-0.8827675151616483,1.120837324219836,-0.7875964656834591,0.43093278267738633,0.886691031134804
APOF,105.3514475372286,1.0121691531071242,1.2856337404943659,0.7872919955553702,0.4311109543286463,0.886691031134804
ZNF189,73.46732306251478,-0.943268132935303,1.1996939522395957,-0.7862573043520011,0.4317167603041735,0.886691031134804
PEX19,288.4871497533455,-0.8060305490592715,1.025687185245749,-0.7858444179217771,0.4319586406667236,0.886691031134804
CYP4F2,332.6339371830065,-0.8404527820641288,1.0704861804970087,-0.7851131545424722,0.432387227718414,0.886691031134804
FAM129A,175.09432401077143,-0.6828797127509602,0.8701553079735178,-0.7847791152838004,0.4325830870988948,0.886691031134804
LIMA1,295.39261992985575,-0.7084108437350082,0.9027766990307569,-0.7847021799472399,0.43262820436390115,0.886691031134804
FLVCR1,151.1154326236128,0.7775730806751145,0.9915883291858355,0.7841692543049165,0.43294080324925344,0.886691031134804
ENPP1,509.14638788992244,-0.6439524667767177,0.8212606844617276,-0.7841023915552202,0.43298003224493853,0.886691031134804
PRMT2,110.31626568196205,-0.6309354534005492,0.8053536012969165,-0.7834266245094208,0.4333766264672134,0.886691031134804
SLC39A6,91.74592324857642,-0.9432977235222488,1.2040696599160947,-0.783424543383962,0.4333778481627254,0.886691031134804
MRPS18B,177.9820991948474,-0.820960176858382,1.0489734101261718,-0.7826320180600534,0.4338432338294904,0.886691031134804
PICALM,709.2383198986623,-0.739863643061861,0.9459254387800183,-0.7821585219402494,0.4341214173891529,0.886691031134804
WDR45B,196.12984656456445,-0.9305398025419929,1.1897536849477146,-0.7821281113181731,0.43413928744619557,0.886691031134804
TRIM55,125.92101341009845,-1.0379621812272235,1.329113623243062,-0.7809431511916765,0.43483593112415453,0.886691031134804
ITGBL1,153.00695953199764,-0.7631618000037067,0.9774122943356132,-0.7807982408513275,0.4349211688675899,0.886691031134804
TMX1,106.63175541896933,-0.7826737184819872,1.0024378443502082,-0.7807703219637774,0.4349375921507552,0.886691031134804
BAG3,229.37088349225195,-0.7743509331231619,0.9940542991785091,-0.7789825301928567,0.4359900057434003,0.886691031134804
FDCSP,7.729206398124979,1.6179084143439535,2.080222568368252,0.7777573606525467,0.4367120693627047,0.886691031134804
UNKL,172.556070412624,-0.6077627812840516,0.7815634206927446,-0.7776243938660237,0.4367904758341915,0.886691031134804
CDK4,88.1982788314374,-0.8956742779689207,1.152782828881325,-0.7769670535759926,0.437178208520286,0.886691031134804
THADA,408.15282673258235,-0.7055204129033189,0.910448324262821,-0.7749153841043864,0.438389660990272,0.886691031134804
HDAC9,150.84324044190947,0.7736018640644644,0.9997986637323238,0.773757649541709,0.43907412120212397,0.886691031134804
SOCS2,60.42834787853544,-0.9237549075503418,1.196493787161944,-0.7720515705655835,0.440083884123067,0.886691031134804
CYP4A22,380.5067007796767,-0.6924751104210186,0.8981858104872595,-0.7709708863529648,0.4407241883958284,0.886691031134804
SLC38A4,967.085498014057,-0.7624603553265767,0.9895750052851832,-0.7704927380485376,0.4410076610966115,0.886691031134804
ZMIZ1,548.2359818066858,-0.6813455596721261,0.8845679284309585,-0.7702580409858323,0.4411468406866288,0.886691031134804
MRPL24,138.23431058831213,-0.8026661496489488,1.0439271350027386,-0.7688909721144888,0.44195803723013993,0.886691031134804
CLTRN,1.2237748977274199,1.8710538432527934,2.435045053354372,0.7683857186442369,0.44225806241319654,0.886691031134804
KMT2A,802.4741935381853,-0.5169654015549199,0.6728881512977334,-0.768278354371227,0.44232183153323157,0.886691031134804
OGDHL,190.33884232637772,-0.8521828547579754,1.1107822704608838,-0.7671916246956203,0.4429675917721939,0.886691031134804
TACO1,105.4588280326753,-0.7857589700190015,1.0259715167795425,-0.7658682109279676,0.44375472256369686,0.886691031134804
ZBTB17,84.56271855333243,-0.8272178912285617,1.0801346465662405,-0.765847011627945,0.44376733783225053,0.886691031134804
HLA-DOA,94.51535392881658,-0.8913216882798867,1.164627530398992,-0.765327682039705,0.4440764441772542,0.886691031134804
EPHX1,1800.0069973844643,-0.6666030184965849,0.8714169362581804,-0.7649644972003229,0.4442926857726669,0.886691031134804
RHAG,65.26852513658791,1.0791843353424013,1.4129365750961578,0.7637882367571647,0.44499344795696205,0.886691031134804
ADH4,950.0104420168244,-0.869100554084285,1.1379049048540357,-0.7637725704291332,0.4450027854900379,0.886691031134804
TBC1D1,289.1140866147038,-0.6019755997314932,0.7882543208483994,-0.7636819536664079,0.44505679759550687,0.886691031134804
KRT19,34.938415071975136,-1.0251668695384963,1.3449002067967983,-0.7622624075433645,0.4459034056194814,0.886691031134804
GNPAT,316.6013295260342,-0.8432788806469067,1.1063038114856332,-0.7622489156161222,0.4459114565149619,0.886691031134804
ETV4,43.287060840004386,-0.8001369333726008,1.0508022800285026,-0.7614533662326061,0.446386322667533,0.886691031134804
SNRPE,92.6715819130353,-0.9412546211380716,1.2365384506090766,-0.7612012555488604,0.4465368684471419,0.886691031134804
ACSL1,1260.1507497052412,-0.6861397918457275,0.9014214817456814,-0.7611753277911216,0.4465523526287568,0.886691031134804
CPSF6,317.54597127394374,-0.6518766595900743,0.8566565511005655,-0.7609545024229303,0.44668424298514164,0.886691031134804
TSC1,351.1056742392092,0.6813121050271119,0.8963706425915726,0.7600785575231616,0.44720762892510535,0.886691031134804
CDHR5,310.33924682998065,-0.7307137271932042,0.9614841702955631,-0.7599851872429482,0.44726343917371036,0.886691031134804
AASS,545.545528177177,-0.7209136504712772,0.949085669679163,-0.7595875414650197,0.4475011684635456,0.886691031134804
MLYCD,82.7805906376637,-0.7378886320145537,0.9721875231497612,-0.7589982533656577,0.4478536016232112,0.886691031134804
RBM3,345.2384173845053,-0.5598403443904997,0.7379606295409872,-0.7586317236716563,0.4480728900959371,0.886691031134804
SYNJ2,239.38118078681381,-0.6669755743032487,0.8800408111203362,-0.7578916407912439,0.4485158549491459,0.88675407802503
SORBS2,420.29629981017035,-0.5742884556174898,0.758758081320422,-0.7568795242590225,0.4491220435513954,0.8871394211908058
CYP2B6,1253.262043304826,-0.6570317703796534,0.8698232431260791,-0.7553623975583026,0.45003156870032934,0.8872686153287771
TIA1,170.1898413870766,-0.8380516192683625,1.1104674391211407,-0.7546836491951743,0.4504388195019421,0.8872686153287771
CAT,923.3706486767411,-0.6856653934202398,0.9098811770811543,-0.753576852331218,0.4511033480389133,0.8872686153287771
DCN,1340.2157989743714,-0.6385826353207005,0.8477757139816317,-0.753244784899012,0.4513028317874238,0.8872686153287771
CTSS,335.9706374686812,-0.7102933933702327,0.9432120658495668,-0.7530580015751385,0.4514150605583229,0.8872686153287771
PKD2,279.912901126365,-0.6454566251416399,0.8589119377436777,-0.7514817256321119,0.4523627946552302,0.8872686153287771
SOD1,956.369680856123,-0.6471029137244124,0.8616185495710015,-0.7510317808809989,0.45263352954863156,0.8872686153287771
MAOA,235.92389021252163,-0.7321194796743264,0.9758111073336935,-0.7502676226700984,0.45309353852328305,0.8872686153287771
ACSM3,113.19687826060232,-0.8655336847165733,1.1538197417411813,-0.7501463646396208,0.4531665578487686,0.8872686153287771
COL6A2,1230.2620977344636,-0.6087006599559838,0.8129491210031404,-0.7487561573409124,0.45400418926519426,0.8872686153287771
OTC,218.36767036873977,-0.9666732562653542,1.293995803859771,-0.7470451243983413,0.45503632290790275,0.8872686153287771
ADRA1A,115.5142280382809,-0.6991289763345115,0.937142659662471,-0.7460219307339137,0.4556541672378758,0.8872686153287771
RPS5,600.8095470001439,-0.7396718071214535,0.9918842125682336,-0.7457239441348303,0.4558341919160195,0.8872686153287771
SPCS1,126.18706181972091,-0.9937471080390233,1.3341250922117318,-0.7448680141316996,0.45635151323401646,0.8872686153287771
SMYD2,117.37711705149233,0.7226257633605639,0.9703900349380131,0.7446755813055357,0.456467864441668,0.8872686153287771
HJURP,107.56348817068198,0.7678848711997829,1.0323936537049936,0.7437907705496278,0.45700306465624174,0.8872686153287771
NDC1,102.52384398074028,-1.018468067588111,1.3751885843915885,-0.7406024738335811,0.4589345076206297,0.8872686153287771
AZGP1,1100.2370324367243,-0.6988160447412185,0.9444573605682672,-0.7399127519327611,0.4593529362958143,0.8872686153287771
IFNGR1,144.07115273117634,-0.7737011197978971,1.04596555485707,-0.7397003813415466,0.45948181666311716,0.8872686153287771
KRT7,98.91283698695281,0.8075733407372141,1.0937558495800281,0.7383488198461291,0.4603025069496318,0.8872686153287771
GPX7,17.004189775574527,-1.197665470942087,1.6223720915712498,-0.7382187336458439,0.46038154066113746,0.8872686153287771
EIF3D,489.38035166650286,-0.6972787496854546,0.9445545609608132,-0.738209076007397,0.46038740845020754,0.8872686153287771
RBBP4,345.0423189701811,-0.5739516107954167,0.7794426594528636,-0.7363615576267111,0.4615106930659585,0.8872686153287771
NF1,1059.7326204910694,-0.5982652486919302,0.8129344380776872,-0.735932961711677,0.4617714964490466,0.8872686153287771
CCDC86,73.07582022022099,-0.8333658749098413,1.1342692412514157,-0.7347161014349697,0.4625124121185189,0.8872686153287771
TBCEL,40.614788078732985,-0.859344931524815,1.1704524042473219,-0.7341989545294073,0.4628274905813583,0.8872686153287771
MCUB,17.665444125019203,1.1259997556183854,1.5351608126560752,0.7334734878167094,0.46326969224334946,0.8872686153287771
PLA2G2A,173.15246648369114,-0.8869494841595633,1.2100536876705599,-0.7329835801475922,0.46356844416758625,0.8872686153287771
DNM2,397.4367254059398,-0.5944309085288823,0.8116850331413129,-0.7323418373606908,0.463959949406491,0.8872686153287771
APLNR,49.33700857106415,-0.8861246534137228,1.2102602137940774,-0.7321769676587043,0.46406056046805766,0.8872686153287771
LTF,51.95389309554206,0.9164491161815395,1.252027243272907,0.7319721843958144,0.4641855455292586,0.8872686153287771
METTL5,44.70993954590168,-0.91841776820313,1.2556091516973837,-0.7314519545844146,0.4645031408591026,0.8872686153287771
SLC25A10,2.5772890489233955,1.6512374272607395,2.2574807098523055,0.7314514006938163,0.464503479068445,0.8872686153287771
EIF3E,973.2339997441283,-0.6912998134100773,0.9451533881021869,-0.7314154740514311,0.4645254164117554,0.8872686153287771
SLC4A7,319.6495021473442,-0.724503696655693,0.9912876029825048,-0.7308713379203631,0.46485774451976836,0.8872686153287771
GPNMB,513.0975456167039,-0.6782725426351609,0.9282503585362389,-0.7307000060896622,0.4649624118465553,0.8872686153287771
FMNL2,259.9122415060335,-0.4431253981505253,0.6066711163764129,-0.7304211230580251,0.46513281067329837,0.8872686153287771
RRN3P1,241.59498324709935,-0.6775824024727265,0.9277826483408944,-0.7303245040036176,0.4651918534609891,0.8872686153287771
SLC39A10,150.2577063480696,-0.7789462741946082,1.066666398160205,-0.7302623158825863,0.4652298581070222,0.8872686153287771
C6orf106,138.28136481849498,-0.6716933793055357,0.9219214593591785,-0.7285798291021726,0.4662587207551946,0.8876879147189563
METTL26,60.79121200741757,-0.8693155616619934,1.1968056031990841,-0.7263632116513294,0.4676161375902256,0.8876879147189563
MTHFD2,52.50855304042649,-0.7976023903250075,1.0987316295919964,-0.725930126013747,0.467881607005438,0.8876879147189563
SMC4,539.646027188851,-0.8122959497872457,1.1191289282779815,-0.7258287488262288,0.46794376045119424,0.8876879147189563
ACSM1,67.23653386712132,-1.0324975973158879,1.4230116296640558,-0.7255721427657198,0.4681011037678071,0.8876879147189563
CD37,122.97518762563061,-0.6255347952803344,0.8626870022219024,-0.7251005215903704,0.4683903644552819,0.8876879147189563
HPGD,206.80256550203228,-0.9349377003604936,1.2917680930956092,-0.7237659029957902,0.46920946570776945,0.8876879147189563
DSG2,274.0379115631285,-0.5922302150102804,0.8190439904267288,-0.7230749775744322,0.46963382138311527,0.8876879147189563
CPT2,89.62452530226447,-0.6734549871659873,0.9320252500111582,-0.7225716118291052,0.46994311434312475,0.8876879147189563
STARD10,264.4271911953574,-0.7329957500854616,1.0149453853994619,-0.7222021604610472,0.4701701952459698,0.8876879147189563
PTGES3,480.6517820528574,-0.6784177084002596,0.9397143925594614,-0.7219403190712885,0.4703311710625592,0.8876879147189563
PRR11,55.671494462893506,0.7944410735536921,1.101915721302157,0.7209635530155467,0.4709319393721302,0.8876879147189563
HEATR1,380.92644598153703,-0.6961364646400361,0.9656539956587816,-0.7208963746534521,0.4709732735555744,0.8876879147189563
BAIAP2,212.0322400335413,-0.8291389471778052,1.1507672720997635,-0.7205096697483457,0.4712112481934191,0.8876879147189563
CYP1A2,306.490047206811,-0.6193361166248857,0.8611572351961566,-0.7191905163333057,0.47202354190763995,0.8882204106066832
PCCA,322.53282041977695,-0.6037011563250897,0.8401179785450281,-0.7185909262061256,0.47239300579653687,0.8882204106066832
CXCL10,18.274127015618483,-1.0859923653162753,1.5136369393243185,-0.7174721606629512,0.47308280816651305,0.8882204106066832
PIGH,25.7564536546993,0.8685179836348307,1.2106843295476748,0.7173777362422116,0.47314105321607747,0.8882204106066832
SBDS,127.77453494602557,-0.748689871452506,1.0450452388018316,-0.7164186234759522,0.4737328988124302,0.8885581415116625
CD14,179.40601621768207,-0.6880199143879157,0.9618763860325715,-0.7152893286275327,0.4744302811814495,0.8886751465818128
SLIT3,305.4407635808128,-0.6335843686131251,0.886610417655966,-0.7146141709999357,0.47484748581182745,0.8886751465818128
ATP6AP2,282.24137557130916,-0.708440854276886,0.9919942708352695,-0.7141582114989147,0.4751293537959763,0.8886751465818128
GAMT,194.89911898243034,-0.7192433270790324,1.0093877106228806,-0.7125540756140138,0.47612173826525184,0.8886751465818128
KIF1B,813.9018923181617,-0.4902203464132972,0.6881585086777373,-0.7123654510284723,0.47623850379552024,0.8886751465818128
DLGAP5,148.0177645729606,-0.8944174455498881,1.2573905745429774,-0.7113282568345808,0.4768808453055222,0.8886751465818128
RARRES2,669.9289687484219,-0.7189493181027159,1.0112011920005703,-0.710985433749677,0.47709326226695825,0.8886751465818128
PODXL,243.01978292357873,-0.6070097207921594,0.854522455396826,-0.7103496426086009,0.47748734252098557,0.8886751465818128
RETREG3,143.8590074903904,-0.649709820998973,0.9146668631646824,-0.710323995723452,0.4775032428782202,0.8886751465818128
SH3GL2,69.41645774977323,-1.1996548433707086,1.6920185125199942,-0.7090081074727795,0.4783194456766098,0.889134758206172
FUNDC1,32.28258649774755,-0.982708768204323,1.3878088917287124,-0.7081009309431792,0.4788825815506359,0.889134758206172
DENND5B,292.51153697901657,-0.5874199603339368,0.830659008656558,-0.7071734059490709,0.479458722993063,0.889134758206172
MPZL2,44.73673897455329,-0.797835435423369,1.1283311662664957,-0.7070933244388745,0.4795084841571683,0.889134758206172
PABPC1,4684.281292464022,-0.6549550230252125,0.9273672033269865,-0.7062520872805521,0.48003138355617003,0.889134758206172
UGT3A1,115.06644547990854,0.8620513906573274,1.2211341930453934,0.7059432088355929,0.4802234554057443,0.889134758206172
RPS3,1076.445645605332,-0.6552911477123122,0.929645999609883,-0.7048824477137522,0.4808833941134302,0.8894179826402421
ARID3A,110.59901216723676,-0.651784671996603,0.9253414727354944,-0.7043720520488477,0.48120110604597244,0.8894179826402421
SLC34A1,102.43484364068148,-1.339914510771856,1.9059525825686252,-0.7030156589552045,0.4820459909468314,0.8902167829386262
LAPTM5,410.8533752671508,-0.7423454531899589,1.0599962986367415,-0.7003283446788329,0.4837222741780107,0.892548285202711
LDLRAD3,43.92345743515057,-0.7794007118412032,1.1165025699438786,-0.6980733702031514,0.4851313108695907,0.8943831090134249
BDH2,65.8411522025504,-0.8519371436790284,1.2229630705798344,-0.6966172275955199,0.4860423715811307,0.8952975196417583
MAP4K3,327.35031722577617,-0.5820640487804111,0.8371706093939264,-0.6952753026074328,0.48688278877429014,0.8955063108421183
TNFRSF21,189.70461325152863,-0.44566371711304215,0.6411408093432104,-0.6951105133513238,0.48698604664710465,0.8955063108421183
ZBTB20,283.46400489434575,-0.5231408920610421,0.7536565328906385,-0.6941370096727523,0.4875962908107817,0.8958647353312233
ACSL6,25.45078946579385,-0.667807208946254,0.966975576581363,-0.6906143496480166,0.48980792729112443,0.896640204517846
FGG,8311.527717759689,-0.6935693073574111,1.0057927570571423,-0.6895747682521909,0.4904616392213237,0.896640204517846
LUM,339.862116873822,-0.7389172465237944,1.075567825307218,-0.6870019994440937,0.49208146844913225,0.896640204517846
ANXA1,220.52917902720728,-0.6532197763504592,0.952840845650023,-0.685549721480334,0.4929970962349186,0.896640204517846
CDCA7L,46.51990284504073,-0.8743690008525724,1.2771908731679904,-0.6846032329402386,0.4935943264151712,0.896640204517846
NTS,8.274951325046526,1.4133342359858951,2.0653218534109032,0.6843167003979341,0.49377520355909676,0.896640204517846
ICAM3,7.035780098719193,1.2570884807012643,1.8375158670909446,0.6841238779022999,0.4938969450656866,0.896640204517846
SNX10,43.81357668840111,-0.7335145745425509,1.0722820041836256,-0.6840687167001437,0.4939317749102613,0.896640204517846
ITIH3,2956.2396907672787,-0.6577685678414223,0.9618449498915069,-0.6838613312006436,0.49406273386442867,0.896640204517846
KNG1,2283.5574527146377,-0.5734038303028153,0.8391367353703015,-0.6833258587467019,0.49440095772584247,0.896640204517846
KIF14,174.64947328756372,-0.8022180293792993,1.174533746583514,-0.6830097744852309,0.49460066613341946,0.896640204517846
DUSP3,181.1312134639998,-0.5006049803963439,0.732945100699546,-0.6830047433546532,0.49460384525178647,0.896640204517846
CCL21,57.56335690519542,-0.7982546051758713,1.1701335991693025,-0.6821909957483193,0.49511818753210834,0.896640204517846
RFC2,122.85833590744143,-0.5854990169930587,0.8584135830436505,-0.6820710069813585,0.49519405253061277,0.896640204517846
ALCAM,196.26190218521864,-0.6131303504442177,0.8995585834230683,-0.6815902396385212,0.4954980883742396,0.896640204517846
CENPE,278.6228241211203,-0.7255599702332081,1.0650658690335935,-0.68123483375874,0.4957229100603112,0.896640204517846
COX5B,300.19340024012405,-0.7198132111803874,1.0568186621331683,-0.6811132666104308,0.49579982317274773,0.896640204517846
DDX18,288.9665701160494,-0.6251477761190206,0.9182663963693849,-0.6807913026009792,0.4960035541542598,0.896640204517846
RPS19,609.9808047609702,-0.528431875352515,0.7772285456565057,-0.6798925210681264,0.4965725175290808,0.896640204517846
DHRS7,141.99351755896606,-0.7069211432249471,1.0423172652352453,-0.6782206980572264,0.4976317709069421,0.896640204517846
RAPGEF2,387.31907333528795,-0.5558221266396417,0.8196437002159116,-0.6781265158180638,0.4976914797746068,0.896640204517846
FOXQ1,53.08788294203717,-0.9123837565725819,1.3469371062094335,-0.6773766587663644,0.4981670039003271,0.896640204517846
TMEM51,42.73775071716683,-0.9508099112507238,1.403809020176138,-0.677307167560032,0.4982110841941527,0.896640204517846
ALDH8A1,142.21163159492238,-0.7445060601237671,1.099295744140588,-0.6772572932189511,0.49824272221855925,0.896640204517846
KCNJ3,46.86776333534395,-0.8293954256856588,1.2255194477421,-0.6767705132821342,0.4985515694862078,0.896640204517846
LSP1,193.30780219300667,-0.5959298361778401,0.8816593922699458,-0.6759184344915126,0.49909243286213256,0.896640204517846
CDC25B,146.24838685750512,-0.6540138416297848,0.9679300341763868,-0.6756829714311803,0.49924194975703895,0.896640204517846
PPIC,46.208212728187384,-0.6476874690697196,0.9600707793994103,-0.6746247078521567,0.4999142311411744,0.8966566111626016
CRY1,129.38879788778775,-0.7230899599201889,1.0722610734199478,-0.6743599836315171,0.5000824771574455,0.8966566111626016
AOX1,2620.3772175949,-0.6556375370548125,0.9733390440796768,-0.6735962571754623,0.5005680333700494,0.8967817674245819
FILIP1L,293.1210611413118,-0.5927964955042853,0.8823847039331181,-0.6718118444959097,0.5017034873289317,0.8980700598908761
SLC2A2,615.1032428127829,-0.6526850340165238,0.9741917221170405,-0.6699759597609365,0.5028731153480539,0.8982864097740894
IGFBP5,287.81589744087773,-0.625353517780051,0.9352417497799081,-0.668654407191741,0.5037159575152654,0.8982864097740894
PGRMC1,265.9657013702467,-0.6407750046971893,0.9637261420106797,-0.6648932479514376,0.5061187746854787,0.8982864097740894
RB1,422.7228843692959,-0.402680995146199,0.6059570484676083,-0.6645371914800401,0.5063465534503889,0.8982864097740894
PHKA2,424.825639412319,-0.5287536703148902,0.7972163184686177,-0.6632499336322912,0.5071704960056347,0.8982864097740894
EPS8L3,69.10765505650838,-0.8465542056488234,1.2764257410505309,-0.6632224487670453,0.5071880960781666,0.8982864097740894
NFE2L2,344.5765126608595,-0.6052251781340339,0.9147409220394206,-0.6616356211381476,0.5082047729060257,0.8982864097740894
NEK2,60.582166702608056,-0.7808594588268767,1.1803972869466242,-0.6615225801194051,0.5082772387942891,0.8982864097740894
IL13RA1,301.9487259665214,-0.5932916777913735,0.8983618303744921,-0.660415055194468,0.5089875134518527,0.8982864097740894
GPR37,55.6494178140257,-0.9594004232661986,1.453226129325183,-0.6601866040708364,0.5091340877331928,0.8982864097740894
GSTA2,315.9953583230167,0.725739186776275,1.0995695914703227,0.6600211504629107,0.5092402566014445,0.8982864097740894
MSRA,70.83450008741875,-0.7197201695942269,1.0908847105184087,-0.6597582335279064,0.5094089899397201,0.8982864097740894
NUP133,204.69253108560682,-0.6532334783070268,0.9905112055720736,-0.6594912552551582,0.5095803596932753,0.8982864097740894
EIF3H,539.25808153493,-0.5495397311461255,0.8340632442085221,-0.6588705772157687,0.5099788811699288,0.8982864097740894
MAP3K20,190.38327362136786,-0.46508600329438865,0.7063343181597441,-0.658450242805851,0.5102488597125012,0.8982864097740894
LDLR,549.2351342919187,-0.5252913312974677,0.7997472464973664,-0.6568216815976216,0.5112955813041011,0.8982864097740894
WNK3,148.64065889577415,-0.6160260500381137,0.9382466630523357,-0.6565715331552974,0.5114564579569129,0.8982864097740894
CENPK,94.04551505160985,-0.6198452996272003,0.9463017716086759,-0.6550186401674887,0.5124557528329113,0.8982864097740894
TTR,1156.0034892200167,-0.5677823737632985,0.867086103579815,-0.6548165994347923,0.5125858419102504,0.8982864097740894
GPC3,1237.3527763851578,-0.8513933776948647,1.3025260379716914,-0.6536478756468196,0.5133386921757523,0.8982864097740894
ACADSB,486.8482808986951,-0.5895504097348241,0.9028176485454633,-0.6530116139008286,0.5137487912557198,0.8982864097740894
FMOD,77.57942288485984,-0.742322574450531,1.136768994679964,-0.6530109265159172,0.5137492343981371,0.8982864097740894
RCC1,59.68775580074008,-0.8372241023034684,1.2825819011594506,-0.6527646316750767,0.51390802824147,0.8982864097740894
GAB1,242.37456732499797,-0.6032775676547593,0.9244407244149668,-0.6525865333729689,0.5140228695897245,0.8982864097740894
PHF21A,218.46442138446693,-0.5725287679940351,0.8809892744620046,-0.6498703044298267,0.5157760013115228,0.8982864097740894
PBX1,220.2456655312524,-0.5221856057724794,0.8045212148164148,-0.6490638110663594,0.516297131853539,0.8982864097740894
FMO4,111.84802533439252,-0.8330827073708775,1.283524997864991,-0.6490584201761735,0.5163006161948094,0.8982864097740894
CDH13,76.8983725716674,-0.7732908961487084,1.1916828261573207,-0.6489066378863984,0.5163987239753056,0.8982864097740894
C6,884.8520229678842,-0.6068537737011614,0.9360306960130045,-0.6483267870231579,0.5167736121413211,0.8982864097740894
PTPN2,325.55157336378767,-0.5046640764234059,0.7785181621463783,-0.6482367412367679,0.5168318416531863,0.8982864097740894
NCEH1,63.31432858414311,-0.7617110543439137,1.175522088631622,-0.647976811078549,0.5169999486095356,0.8982864097740894
IQGAP1,867.4553611019794,-0.5464998616460371,0.8434918591929066,-0.6479017618130357,0.5170484911608098,0.8982864097740894
ACTL6A,120.43829454722457,-0.7801979916654023,1.2046316678631321,-0.6476651847027873,0.5172015268465365,0.8982864097740894
NECAB2,54.283245323788655,-0.8547692440418689,1.3218438851134844,-0.6466491646012225,0.517859030835536,0.8982864097740894
ECHDC3,61.11474760135161,-0.7431658630582274,1.1495198835108607,-0.6465010946904651,0.5179548884089828,0.8982864097740894
TUBA4A,105.40556585685157,-0.6834332870118986,1.0592673305880018,-0.6451943407265502,0.5188012531643914,0.8982864097740894
PCLAF,16.419890047477356,0.7639517720273968,1.185703128970757,0.6443027376427192,0.5193791407428845,0.8982864097740894
RDH16,200.70910750398076,-0.6428125091553893,0.9978022800773965,-0.6442283426186682,0.5194273744774107,0.8982864097740894
XK,9.411913733130417,1.1469429543020808,1.781180433135881,0.6439229473696918,0.5196254005620824,0.8982864097740894
SYBU,110.1186189416203,-0.5677562223091401,0.8826722257153078,-0.6432242975007363,0.5200785694357883,0.8982864097740894
CLK2,165.4380849929536,-0.6282507539495552,0.97815059635284,-0.6422842824939929,0.5206886176091969,0.8982864097740894
RNF44,112.03725215760679,-0.5022126233391836,0.7820482623031453,-0.6421759980134206,0.5207589154239637,0.8982864097740894
PRG4,3239.864831904766,-0.48411154646606613,0.7557343567788504,-0.6405842769005288,0.5217928176747408,0.8982864097740894
CENPF,745.235421685872,-0.6731924859136945,1.052471809309982,-0.6396299453902244,0.5224132094501204,0.8982864097740894
MYRIP,149.2072936316168,-0.7904120867081883,1.236097575861777,-0.639441498910094,0.5225357595246418,0.8982864097740894
RPL31,2285.890917259556,-0.6303722130808077,0.9867410670670458,-0.6388425840575418,0.5229253424725476,0.8982864097740894
SSR3,273.1708612572115,-0.4761849810584972,0.7472129102138557,-0.6372815225077025,0.5239414844345154,0.8982864097740894
CCND2,79.42739811747624,-0.6653512424757229,1.0450631339520413,-0.6366612895046935,0.5243454936024212,0.8982864097740894
GYS2,11.69708384922477,1.0466749496354921,1.6447455543867942,0.6363749984572665,0.52453203252421,0.8982864097740894
NARS,478.54440015904777,-0.6117701213429558,0.9621553393196814,-0.6358330056927449,0.524885272322333,0.8982864097740894
ERO1B,122.10684054475078,-0.6748533200207013,1.0621014049626074,-0.6353944330244629,0.5251711979576639,0.8982864097740894
SMG8,73.86256391123153,-0.6532796081286932,1.029542915167879,-0.634533634785072,0.5257326234721407,0.8982864097740894
C1S,2809.1338691864275,-0.505629845047735,0.8000920158147736,-0.6319646178856402,0.527409997599091,0.8982864097740894
SLC22A18,159.0990025629075,-0.6446698815855345,1.0204857474819122,-0.6317284520399057,0.5275643329623924,0.8982864097740894
PIGF,15.547426043634472,0.8681682611500343,1.3809213738338746,0.6286876846143126,0.5295535422892632,0.8982864097740894
DPYS,630.0995965677888,-0.6386676141671955,1.0182108502211813,-0.6272449503248377,0.5304986823709807,0.8982864097740894
FDX1,40.326060304542715,-0.7027670448348904,1.1213040667482537,-0.6267408329953645,0.5308291331222493,0.8982864097740894
ACVR1B,86.85708541144174,-0.45620057200214315,0.728022589846226,-0.626629693040847,0.5309019998187288,0.8982864097740894
CPB2,1037.2273452493864,-0.642685521810887,1.0272086090031978,-0.6256621256655437,0.5315365804355661,0.8982864097740894
IL2RG,5.653409039726447,-0.9439917666730917,1.5092883974598181,-0.6254548622131203,0.5316725644900833,0.8982864097740894
CHRNA5,20.170091242154037,-0.8860432280031613,1.4169964625014146,-0.625296711354547,0.5317763379847367,0.8982864097740894
SLC4A4,341.0185125401732,0.49275196570377133,0.7888494361789135,0.6246464066585372,0.5322031548046383,0.8982864097740894
IMPA1,149.07756848790564,-0.6484312479076527,1.0394347180134114,-0.6238306616763268,0.5327388008292047,0.8982864097740894
RDH5,8.706216546805566,-1.072729360457234,1.7202762832265923,-0.623579695259878,0.5329036488069332,0.8982864097740894
ZBTB18,87.81083145962154,-0.6037631201935667,0.968699110721001,-0.6232720909015669,0.5331057347624306,0.8982864097740894
MID1IP1,90.17470461228356,-0.6279516602645515,1.007555041281251,-0.6232430334188201,0.5331248265769635,0.8982864097740894
CYBB,150.29748352452387,-0.6796623968929449,1.0909367607979878,-0.6230080618016687,0.5332792241086037,0.8982864097740894
AIF1,38.10961408242191,-0.743565281361972,1.1954792121865285,-0.6219809376710055,0.533954402533554,0.8982864097740894
IGKC,7328.902969687857,-0.5921569135113214,0.9531006610442607,-0.6212952500342693,0.5344053784147011,0.8982864097740894
CD48,31.67367047952029,-0.9297039924133301,1.4970958027026748,-0.6210050089880391,0.5345963274716892,0.8982864097740894
LDHD,118.05436410127142,-0.829602028676081,1.337982491160727,-0.6200395252978119,0.5352317650686473,0.8982864097740894
GHR,234.8862803743303,-0.4903526449717149,0.7921134665065599,-0.6190434397414123,0.5358877422156794,0.8982864097740894
TCIM,96.19248825635795,0.6162774516438999,0.9990219233046926,0.6168808083863649,0.5373133462871612,0.8982864097740894
SPPL3,199.48521957902062,-0.4582195916138333,0.7429089295127691,-0.6167910673981977,0.5373725445958445,0.8982864097740894
STMN1,141.28794003152203,-0.6436941779806786,1.0442197560006585,-0.6164355484385919,0.5376070975168573,0.8982864097740894
DPAGT1,171.95311190694935,-0.7056505647718571,1.1456174353640671,-0.6159565514535029,0.5379231961068751,0.8982864097740894
BLOC1S1,23.903726749940954,-0.8783208953932478,1.4276976716034093,-0.6152009020276883,0.5384220521654308,0.8982864097740894
CBR1,38.86755698282098,0.6466839623555358,1.0516945153312005,0.6148971520992306,0.5386226437154774,0.8982864097740894
CD302,31.90125979057482,0.7458136117885843,1.2139127500993954,0.6143881524660787,0.5389588628526903,0.8982864097740894
LAPTM4B,174.50543757238344,-0.5792624273302148,0.9432857447384675,-0.6140900894148669,0.5391557968909649,0.8982864097740894
F7,313.98099348662106,-0.7130327363958324,1.162239851822816,-0.6134987845043662,0.5395465862301105,0.8982864097740894
ENOPH1,55.406549949937165,-0.7613333228640744,1.2412520016358617,-0.6133591904469871,0.5396388636714717,0.8982864097740894
DHX15,337.1567722885286,-0.5221988621846418,0.8525385595733471,-0.6125222798672898,0.5401922618009083,0.8982864097740894
NR1I2,116.9673827144956,-0.7048228813591559,1.1510839220754898,-0.6123123326128194,0.5403311316973094,0.8982864097740894
TMX2,98.3246351445553,-0.6741148703517091,1.1034027604263645,-0.6109418016058119,0.5412381097969021,0.8982864097740894
AFM,586.4208517247578,-0.7138996662927909,1.1687792522750384,-0.6108079561672397,0.5413267256064291,0.8982864097740894
CYP2D6,454.5853839993869,-0.5821662064546367,0.9556725694307181,-0.6091691077849243,0.5424123544102164,0.8982864097740894
AGA,106.36972321160677,0.7421285985369422,1.2196717148756282,0.6084658596945639,0.5428785424175848,0.8982864097740894
SHCBP1,90.1312943352147,0.8075064052864194,1.3287122697313132,0.6077360943236492,0.5433625198638593,0.8982864097740894
EPG5,422.4182511607417,-0.506810347333806,0.8359026255183054,-0.6063030930421541,0.5443135050847872,0.8982864097740894
C9orf72,77.77072447811864,-0.7192521412728786,1.1865103115790854,-0.6061912267038378,0.5443877779432451,0.8982864097740894
ITPR3,276.24932054176236,-0.6008366350532105,0.9920614245783786,-0.6056445903121,0.5447507857111415,0.8982864097740894
FCGBP,962.4946076029527,-0.6323072720192856,1.0480262504012403,-0.603331521302262,0.5462881674801329,0.8982864097740894
GRN,706.2971292974825,-0.5699002782880438,0.9447961538763678,-0.6031991937624024,0.5463761839815281,0.8982864097740894
CYP2B7P,521.6288971887562,-0.4981210340639206,0.8266200100334703,-0.6025997774282665,0.5467749684725753,0.8982864097740894
ZNF160,141.36501299101195,-0.5251784608544384,0.8715648888878291,-0.6025695476611026,0.5467950837906115,0.8982864097740894
RMI2,4.090732478948496,1.1034570959806944,1.8319117598210721,0.6023527552923575,0.5469393512589926,0.8982864097740894
TAX1BP3,1.6066846361521319,1.475178373940351,2.4508986695872337,0.6018928453654887,0.5472454670301615,0.8982864097740894
PKLR,258.19769984968735,-0.6230573907752444,1.037115796113673,-0.6007597156556607,0.5480000390318891,0.8982864097740894
CBX1,48.23383111864774,-0.5980198704181121,0.9958280293919156,-0.600525244085851,0.5481562421648588,0.8982864097740894
HSPE1,47.6752226943292,0.6508199929767567,1.084261132606855,0.6002428505502274,0.5483443997362725,0.8982864097740894
STK26,64.60977221937699,-0.7927929026586922,1.3217680144799193,-0.5997973123677344,0.5486413247248759,0.8982864097740894
CXCL1,19.274085085340403,-0.8570264084516737,1.4290226759995022,-0.5997290475829875,0.548686826200109,0.8982864097740894
SMC1A,664.4767660235843,-0.540297459526522,0.9019438719398708,-0.5990366765999177,0.5491484270893114,0.8982864097740894
PLPP3,126.46827425620343,-0.58922181596777,0.9843229673331206,-0.598606184679588,0.549435530838277,0.8982864097740894
ACP5,93.08202010234984,-0.6108639863607752,1.0208487497898355,-0.5983883376323232,0.549580845628854,0.8982864097740894
TMEM127,147.47975421675946,-0.47826830976711937,0.7999502967293199,-0.5978725324842921,0.5499249887792327,0.8982864097740894
ABAT,389.58318997867667,-0.5208642178242336,0.8740140862263719,-0.5959448778143931,0.5512120514383019,0.8982864097740894
RGN,80.22283457866385,-0.7051737399060648,1.1833236974934505,-0.5959263229493195,0.5512244474037207,0.8982864097740894
ABHD6,33.47983105842824,0.6439256066851805,1.0822358193565575,0.5949956517499356,0.5518463775465916,0.8982864097740894
TACC3,88.84180214599662,-0.6343858699516852,1.0669189740417357,-0.594596108407825,0.5521134820081801,0.8982864097740894
DUSP5,56.49494945153294,-0.6350646187129622,1.0680610408319855,-0.5945958090731097,0.5521136821445265,0.8982864097740894
CTNNAL1,190.27584515802204,-0.8648269375685641,1.4545221587168233,-0.5945780422702619,0.5521255611613164,0.8982864097740894
ITIH4,30.509525202102527,-0.7402422479218721,1.2457985915555936,-0.5941909494355363,0.552384405462224,0.8982864097740894
DBN1,151.00926249502234,-0.5641530489084741,0.9508776295056426,-0.5932972144920214,0.5529822626182066,0.8982864097740894
PGC,71.82614933585111,-0.8177949681787394,1.3825385035905615,-0.5915169567103278,0.5541740970495355,0.8982864097740894
KLKB1,309.4689979712394,-0.6346711233533052,1.0734542806079665,-0.5912418766394503,0.5543583677841917,0.8982864097740894
RPS24,1079.0990671639224,-0.5085423504418053,0.8606317311590048,-0.5908942606112791,0.5545912717993309,0.8982864097740894
PXMP4,69.23107862492593,-0.5930837538853291,1.004062894384595,-0.5906838677161144,0.5547322590547299,0.8982864097740894
SPAM1,34.184186981953985,-0.8895373672033063,1.5074332471186735,-0.5901006687384526,0.5551231605314924,0.8982864097740894
PLEKHF2,47.14738248548942,-0.7427588377445195,1.2595430844116424,-0.589704986623365,0.5553884514738048,0.8982864097740894
FANCI,289.15101851024804,-0.662557157672918,1.1245337043066377,-0.5891839036353614,0.5557379137355796,0.8982864097740894
TENM1,195.7699043518802,0.5552839288498668,0.9431495399291712,0.588754916735227,0.556025692654274,0.8982864097740894
CDO1,188.26418702374824,-0.6201244891166297,1.05335180013554,-0.588715459580394,0.5560521654990419,0.8982864097740894
RHOA,382.8987064817309,-0.5288434155798082,0.8990624181759436,-0.5882165741648376,0.5563869339010019,0.8982864097740894
RALY,227.5206576930746,-0.36878123948763386,0.6269608696330468,-0.5882045552595291,0.5563950001911343,0.8982864097740894
MRPL3,155.17019550604743,-0.6238946097506339,1.061749917168057,-0.5876097559910448,0.5567942611401286,0.8982864097740894
CA2,150.6163270951761,-0.6050955728571515,1.0300604519867296,-0.5874369525497976,0.5569102821821545,0.8982864097740894
MECOM,111.97458945804074,-0.29200389453338815,0.49713852742936365,-0.5873692711834284,0.5569557269794481,0.8982864097740894
DOCK4,514.6885325795943,-0.533384064126154,0.9107599015105045,-0.5856472855705782,0.55811256522926,0.8982864097740894
CENPU,128.37709488165044,-0.8690684469985666,1.4839885864439253,-0.5856301422648479,0.5581240880566315,0.8982864097740894
MID1,138.66268793380328,-0.6399257445694371,1.0936819341607544,-0.5851113788950799,0.5584728281827651,0.8982864097740894
SNRPG,323.783025878338,-0.6112156721517822,1.045238492744334,-0.5847619240916015,0.5587078098352423,0.8982864097740894
IL15RA,85.48084892795352,-0.7103158475801066,1.2157835699105999,-0.5842453090827162,0.5590552819215395,0.8982864097740894
CPEB3,68.04513075489264,0.6503220052781524,1.113301260421274,0.5841383894886368,0.559127208487651,0.8982864097740894
ASL,327.70539732313375,-0.6133548841835549,1.0505045479333086,-0.5838669479253827,0.5593098318616213,0.8982864097740894
RRP1B,148.92277207154382,-0.5938527205565199,1.018002909715781,-0.5833507103848252,0.5596572315708348,0.8982864097740894
SNRPD2,74.84914904662561,0.5838110034323074,1.00123754819799,0.5830894021933559,0.5598331176221041,0.8982864097740894
CYP4A11,705.0608689771485,-0.5082207625429479,0.872173134704616,-0.5827062796597949,0.5600910451293626,0.8982864097740894
HABP2,570.8198359329313,-0.573262848162589,0.9838854949629267,-0.5826519966982437,0.5601275944117525,0.8982864097740894
SUCLG1,146.06641349382713,-0.6004632783418307,1.0327273194609152,-0.5814344861674359,0.5609476605090911,0.8985195416493068
HCLS1,218.76663649527777,-0.6240400224441085,1.075044457355002,-0.5804783403836828,0.5615920889848829,0.8985195416493068
STK39,126.28819573581825,-0.4576268312685646,0.7889163208139238,-0.5800701787946683,0.5618672929962338,0.8985195416493068
GGCX,526.7060483677965,-0.4225109218001509,0.7285128989506346,-0.5799635427303271,0.5619392033773365,0.8985195416493068
PRMT3,87.45771616316752,-0.6680799577278403,1.154693625157065,-0.5785776791111721,0.5628741693632029,0.8988947901633054
TRAF6,77.26490531975885,0.5204885902539257,0.9005221291853731,0.5779853413760838,0.5632740159161005,0.8988947901633054
CD164,412.7606360744212,-0.5034158029078915,0.8716437513199028,-0.5775476530928888,0.5635695572054574,0.8988947901633054
DCAF8,9.011350584718056,-0.8573309324664758,1.4854662567607018,-0.5771460163194982,0.5638408210899176,0.8988947901633054
SRPX,35.42556337926119,-0.8397489533055643,1.4585947495790228,-0.575724651105409,0.5648013103987133,0.8993037978269294
NRG2,50.70044777480454,0.7436674671510918,1.2921381097941398,0.5755324926292678,0.5649312220934118,0.8993037978269294
PIP4K2B,131.38531259663029,-0.36952342074811917,0.6427721022622176,-0.5748902596232667,0.5653655178408723,0.8993314321406796
GLYATL1,160.7806987448755,-0.5795087005568712,1.012525755342641,-0.5723397133347627,0.5670918498921782,0.9014127636090112
ACBD4,118.01605381778721,-0.49073635520157244,0.85921851686138,-0.5711426669366627,0.5679029383167582,0.9015600963188828
ALDH1B1,258.4302298858181,-0.48814190830568305,0.8553617688014103,-0.5706847396157299,0.5682133650459764,0.9015600963188828
RTP3,12.655983110306165,0.9642585058458883,1.6906352245690686,0.5703527832810128,0.5684384473776916,0.9015600963188828
SDAD1,310.34708382448196,-0.6161417096914711,1.085685511659912,-0.5675139836299813,0.5703650287596096,0.9027129570826943
EFNB1,51.26195774109842,-0.5746942058691132,1.0136145491060349,-0.566975095588327,0.5707311019509309,0.9027129570826943
RAD50,19.247721476264765,0.6623721027865462,1.1700828837053385,0.5660899001351011,0.5713326687367355,0.9027129570826943
DDX1,385.04465530146086,-0.5944186489938863,1.0512045966570165,-0.5654642786801201,0.5717580144420347,0.9027129570826943
EXOC7,213.61879930982607,-0.5039233470397245,0.8912584709817413,-0.5654065161194392,0.5717972934756084,0.9027129570826943
HNF4A,383.0665257622277,-0.5187082549870127,0.918062579218164,-0.5650031563521002,0.5720716173072731,0.9027129570826943
HRG,3603.6508535945436,0.4978900851142384,0.8819809710217356,0.5645134095551461,0.5724047767552399,0.9027129570826943
RAB11FIP2,114.09390461051663,-0.7331125307216527,1.2990299892782278,-0.5643538153641762,0.57251336360182,0.9027129570826943
ALDH9A1,173.23378658409382,-0.5203264657766903,0.923558050344837,-0.5633933520285069,0.5731670630727648,0.9030003571313965
TFF3,9.852006961349057,-0.9770472409090201,1.73661444951879,-0.5626160954607722,0.5736963295112791,0.9030003571313965
VSIG2,16.473673606783453,0.8872909861019285,1.5781316771870897,0.5622414142801209,0.5739515482740587,0.9030003571313965
TINAGL1,89.66213081965326,0.5890381856706283,1.0491994640809754,0.5614167809231433,0.5745134469446942,0.903225586778211
GPD1L,78.97066674055051,0.712954961141079,1.2715846040519014,0.5606822848194684,0.575014145900394,0.9033543428311361
KIF4A,231.98858686165184,-0.7024984298260305,1.2561087548467786,-0.5592656106530536,0.5759804614589668,0.9038677641151752
RELB,96.1034252214177,-0.5670516492664454,1.0154115812738305,-0.5584451268076742,0.5765404650454098,0.9038677641151752
SRRT,348.59855154450815,-0.4974290592710505,0.8908739810883018,-0.558360744426934,0.5765980729821424,0.9038677641151752
FGB,12638.080728168969,-0.5332818160135969,0.9580429904653692,-0.5566366241608379,0.5777757255410525,0.9050560929499276
HMMR,109.49085524866722,0.6864846398824483,1.2387258209716248,0.5541861066107328,0.5794514856003807,0.9051247546610762
LRRCC1,401.13436540422236,-0.28223306172487106,0.5105324036938227,-0.5528210544185798,0.5803859499056689,0.9051247546610762
ACSM2A,928.4160194400787,-0.44621776723044165,0.8078934963328119,-0.5523225143610045,0.5807274079430509,0.9051247546610762
F13B,199.79691506400687,-0.6444797956247322,1.168119647221865,-0.5517241295936562,0.5811373753796769,0.9051247546610762
PEG10,164.6442754817632,-0.46577979570810424,0.8442843076552556,-0.5516859563594955,0.5811635333520182,0.9051247546610762
LPGAT1,231.2704576286759,-0.40480402331041127,0.7343257379857914,-0.5512594784172524,0.5814558121722823,0.9051247546610762
MOGAT1,15.60074364225736,-1.0624308740872506,1.9298350957580914,-0.5505293568463677,0.5819563470879675,0.9051247546610762
GCHFR,3.725378580090509,1.0140711224487498,1.8461750197403406,0.5492822249276106,0.5828117838246896,0.9051247546610762
UGT2B4,1005.7050536080883,-0.5250272072685832,0.9559677319550628,-0.549210176995036,0.5828612210940523,0.9051247546610762
ME2,244.79562785236334,-0.49996361732940436,0.9106337798697135,-0.5490281915535082,0.5829861031075321,0.9051247546610762
NUP107,225.92379715061776,-0.5008527170072409,0.9135307590962858,-0.5482603754937727,0.5835131310422401,0.9051247546610762
HMGCL,174.89182655878884,-0.49585369844321703,0.9046385681121575,-0.5481235444979844,0.5836070749606186,0.9051247546610762
BCL2A1,14.747187542105511,-0.7455568145635606,1.3603746662762743,-0.5480525571711491,0.5836558154338429,0.9051247546610762
AK1,5.567021714107365,-0.9528688310216376,1.73882266006479,-0.5479965570417243,0.5836942669140274,0.9051247546610762
SHMT1,427.67106619394457,-0.486465361688256,0.8903163648275674,-0.5463960687530128,0.5847937118329607,0.9056616723850185
DMD,662.551214421249,-0.4715912640349674,0.8644316314192917,-0.5455506796537186,0.5853748346698331,0.9056616723850185
ASAP1,517.7807364440908,-0.5295096309682726,0.9712106098101054,-0.5452057726920881,0.5856120016956766,0.9056616723850185
C8B,599.3508728206713,-0.5356331983020426,0.9875256394355337,-0.5423992825221315,0.5875434738269947,0.9056616723850185
MMP12,51.04972609747818,0.7529619264793704,1.3886490318584017,0.5422262279416249,0.5876626692222204,0.9056616723850185
SYNGR2,78.76154391371463,-0.49447029951653343,0.9144740524956978,-0.5407155054504509,0.5887036894679314,0.9056616723850185
SPP1,1169.3572452603728,-0.5994777569171348,1.108938273120014,-0.5405871286509892,0.588792191579294,0.9056616723850185
SULT2A1,782.1957107352404,-0.43952911365682124,0.8133174983639065,-0.5404151694030818,0.5889107487643401,0.9056616723850185
RNF216,232.8323640329356,-0.5069746309100616,0.9393730190709778,-0.5396946906261476,0.5894076021218759,0.9056616723850185
MED24,231.18092852428975,-0.3836817143837364,0.7112281963889607,-0.5394635875402024,0.589567015340866,0.9056616723850185
NET1,159.6865194652817,-0.5304453870091027,0.9864060060989517,-0.5377556338154443,0.5907457651658374,0.9056616723850185
PPP4R1,304.95548977734364,-0.5758254561124485,1.0737023177379224,-0.5362989784036216,0.5917519365454749,0.9056616723850185
RPL6,616.9736452450385,-0.5216849089404785,0.9747805108320273,-0.5351819236673008,0.5925240646661583,0.9056616723850185
FEN1,30.99089939346662,-0.7805930576137244,1.459308455273986,-0.5349061432438338,0.5927147601000075,0.9056616723850185
MUT,345.0354096100181,-0.53654663626557,1.0082866625259044,-0.5321369965575492,0.5946311152131564,0.9056616723850185
TMEM11,32.608184876068755,-0.709633353139053,1.3348697129137326,-0.5316124459742789,0.594994442899294,0.9056616723850185
LPIN1,290.88075763365066,-0.4269128349598061,0.8037524071980306,-0.5311496813403909,0.5953150589483125,0.9056616723850185
DUSP12,33.456104757098835,0.7954221641442829,1.4983826018077584,0.5308538441280801,0.5955200643960994,0.9056616723850185
GLUD1,657.1963678846533,-0.540116815537257,1.0192339919006872,-0.5299242566763661,0.5961644473746286,0.9056616723850185
DUSP9,29.214301149093327,0.6508230960766856,1.2281643503933184,0.5299153129369536,0.5961706486497691,0.9056616723850185
TOP2A,423.7564723210076,-0.5702154168056676,1.0767656470816835,-0.529563158288993,0.5964148436859663,0.9056616723850185
KIF11,109.33819312329686,-0.6175568843511424,1.1666049160147722,-0.5293624909971857,0.5965540130276008,0.9056616723850185
EGF,163.31368210958752,0.5325434648076159,1.0064891696949991,0.5291099803577568,0.5967291584358236,0.9056616723850185
CDH11,202.26247968495738,-0.47994066063555557,0.9072144324147031,-0.5290267035965391,0.5967869256580424,0.9056616723850185
GNAZ,22.50241685457267,0.8262056539179049,1.562418924969666,0.5287990568431865,0.5969448520938538,0.9056616723850185
NRAS,92.81202369325547,0.548804988265752,1.03784247492415,0.5287941104027961,0.5969482838219031,0.9056616723850185
COCH,65.12910722500322,-0.7777535931947377,1.471845162753353,-0.5284207964782169,0.5972073064460466,0.9056616723850185
SLC27A2,137.27541376581698,-0.5953040790281444,1.1273486733690936,-0.5280567521750584,0.5974599465884649,0.9056616723850185
UBE2D1,48.19352659568381,-0.7406323988701417,1.4031389988142553,-0.5278396505948625,0.5976106342683614,0.9056616723850185
RPS10,475.1120655742708,-0.6980662276541922,1.323037619260438,-0.5276238691114488,0.5977604227962854,0.9056616723850185
PRC1,1.4579624572656484,1.02992580570745,1.953343804043222,0.5272629444829983,0.5980110031195367,0.9056616723850185
LGALS4,240.71265218904816,0.5027549709022395,0.9541798773975525,0.5268974779403885,0.5982647853668078,0.9056616723850185
TERF2,132.41659610098137,-0.43859835493917443,0.8332221714985338,-0.5263882430665087,0.5986184827296313,0.9056616723850185
TMPRSS6,364.63029553078354,-0.487582912079698,0.9272803746243785,-0.5258203725892586,0.5990130182305877,0.9056616723850185
DEPDC7,84.33954747344386,0.662769062486565,1.2637591554829928,0.5244425408204169,0.5999707745935435,0.9056616723850185
RAP1GAP,125.60445378368148,0.5127728949464188,0.9827734707373658,0.5217610265381808,0.6018367284197612,0.9056616723850185
RPF1,93.00091572419275,-0.6243548830803703,1.1979337469117717,-0.5211931667255671,0.602232213884885,0.9056616723850185
CCT3,461.4816336448844,-0.45176028597316453,0.8699520471079131,-0.5192933190685692,0.6035562115899878,0.9056616723850185
CBFB,138.87738527697542,-0.33656129820672365,0.6484606232746324,-0.5190157831128399,0.6037497349862431,0.9056616723850185
CPN2,204.57580057800058,-0.5826203070437314,1.1226931248498615,-0.5189488508907057,0.6037964104125064,0.9056616723850185
HSPA1A,5957.573216530647,-0.41560811654695534,0.801779895368112,-0.5183568694450015,0.604209301370833,0.9056616723850185
CTR9,285.67977671339514,-0.51539137515816,0.9948932176388936,-0.5180368767427124,0.604432540345909,0.9056616723850185
PCCB,387.95256443324143,-0.47293194717896514,0.9133683783103681,-0.5177888335195462,0.6046056101146404,0.9056616723850185
INTS8,298.25436502272345,-0.5227888277496806,1.0097507152991472,-0.5177404876557081,0.6046393455641049,0.9056616723850185
KLK3,31.252434554325745,-0.8027101381825054,1.550801644878825,-0.5176098057628941,0.6047305388193815,0.9056616723850185
CSNK2A1,454.29790611432287,-0.32836271715156373,0.6358254014770289,-0.5164353553487699,0.605550377848751,0.9056616723850185
CCR7,31.574216912511165,-0.8042518349526735,1.559028339974212,-0.5158673606702856,0.6059470517656307,0.9056616723850185
ATIC,266.9417514938149,-0.5539470327692573,1.0742360674092448,-0.5156660156693693,0.6060876942174325,0.9056616723850185
A1CF,373.77362572263587,-0.5194077046155966,1.008137009311932,-0.5152153921718436,0.606402514283047,0.9056616723850185
LOXL2,98.76721982359234,-0.4761075778701316,0.9253303077874794,-0.5145271627474663,0.6068834745514808,0.9056616723850185
NFE2L3,67.08857614807098,-0.5424980642446771,1.0567180551562931,-0.5133801410863934,0.6076854343104743,0.9056616723850185
POLD4,44.83797423594666,-0.4155199659796954,0.8093893490292527,-0.5133746403730818,0.6076892813667478,0.9056616723850185
APOA5,165.5320748598253,-0.5739254094103279,1.1204555261648308,-0.5122250691866349,0.608493499893515,0.9056616723850185
DECR1,356.2006231047166,-0.49966749464821275,0.976186878849157,-0.5118563929452515,0.6087515192616311,0.9056616723850185
GNS,557.0855048453814,-0.4176263501791824,0.8167500524764464,-0.5113269952207637,0.6091221052849579,0.9056616723850185
KLHL21,91.58076816357905,-0.45810111515211654,0.8974399036611043,-0.5104532496084629,0.6097339591902097,0.9056616723850185
TSKU,145.6426599085838,-0.577784927771458,1.1319894517784168,-0.5104154697411063,0.6097604212865064,0.9056616723850185
SLCO1B3,9.679524834503043,0.7815699587179136,1.5324934789146338,0.5099988805638828,0.6100522460540236,0.9056616723850185
CCL3,1.825121610637596,1.3013397928490569,2.5537582197268756,0.5095783080781372,0.6103469240676183,0.9056616723850185
PHB,99.78005997497776,-0.5672899077469603,1.1138876412042316,-0.5092882681898323,0.6105501800063048,0.9056616723850185
SLC12A8,72.05868750890555,0.5377593273246576,1.0590150887760892,0.5077919408552994,0.6115992622426791,0.9056616723850185
PPP4C,255.05078304621875,-0.2534069309771662,0.49907957547909865,-0.5077485503867887,0.6116296954127264,0.9056616723850185
ABCC2,1315.1117196268517,-0.39759744900813226,0.7839620948974488,-0.507164123872778,0.6120396653028248,0.9056616723850185
EML4,540.9253980465827,-0.44208787951824885,0.8717549364108446,-0.5071240334335196,0.612067792837337,0.9056616723850185
PSMD2,360.8686832547864,-0.4996860836608324,0.9857352265716658,-0.5069171418360626,0.6122129574967364,0.9056616723850185
U2AF2,351.2706936340528,-0.443985817732866,0.8761976775491072,-0.5067187794594245,0.6123521519592767,0.9056616723850185
RPA2,59.29971607553657,0.623523977388691,1.2307559182945742,0.5066187114116759,0.6124223768256603,0.9056616723850185
VPS37C,37.74058750273959,-0.4678198919145105,0.9238561873544088,-0.506377397605766,0.6125917385302466,0.9056616723850185
MAPK6,195.36213385834236,-0.45825270546689445,0.9070152314023472,-0.5052315436405455,0.6133962176280924,0.9062298913861612
ZWINT,45.813975970464554,0.6374350270143273,1.2631717679016294,0.5046305207352989,0.6138183690241839,0.9062328692574706
PLOD2,508.5580613418476,-0.4475527090572198,0.8895674212247546,-0.5031127471384127,0.6148850050406753,0.9071867003233492
CD2AP,420.44740776998054,-0.4119143592704621,0.8236141655964512,-0.5001302508828983,0.6169833667993161,0.9072389682676038
ARHGAP12,295.5369855390524,-0.507907369874133,1.0157184634005871,-0.5000473932251642,0.6170417068247656,0.9072389682676038
DRAM1,75.17331164995655,-0.4491374034334944,0.8991495083651122,-0.4995135950751317,0.6174176117069937,0.9072389682676038
CXCL12,447.59853261507493,-0.4780275223977879,0.9570817962859244,-0.4994636030617587,0.617452821613474,0.9072389682676038
CRCT1,0.24701577702280542,1.5020581557437644,3.0103276770649896,0.498968324009246,0.6178016994061865,0.9072389682676038
MORN1,60.377366603302555,-0.5547008265453888,1.1117458113749588,-0.4989457310024483,0.6178176161243609,0.9072389682676038
AMACR,13.517084448563047,0.7722586646423758,1.552598273780724,0.4973976061185825,0.6189086933764341,0.9072389682676038
PBLD,273.5662986993684,-0.4375128502012139,0.8813073617250086,-0.49643616881272523,0.6195867120164509,0.9072389682676038
PLAT,64.8022951601064,-0.5126949193786289,1.0345271061685009,-0.49558384340209116,0.6201880541538336,0.9072389682676038
PPP2R3C,44.641722059377535,0.6358039638795807,1.2830910963613527,0.4955251935600069,0.6202294427914494,0.9072389682676038
CDCA8,25.43128241583909,0.7083868113635541,1.4302150899939097,0.49530089307516023,0.6203877406132983,0.9072389682676038
CASP6,39.10125592854277,-0.5823282298047934,1.176841228340443,-0.4948231042397967,0.62072499392568,0.9072389682676038
COL2A1,359.80183517127756,-0.7329012991710382,1.4858117458336737,-0.4932665939855085,0.6218242291787045,0.9072389682676038
UGCG,130.88342327386025,-0.4822288276990982,0.9779544189453209,-0.4930994925296825,0.6219422894227882,0.9072389682676038
HAGH,223.69500135161766,-0.4177276432564268,0.8480386921792663,-0.4925808776283095,0.6223087623028165,0.9072389682676038
KLF5,63.04072408278346,0.562185198553572,1.144178224148361,0.49134408144502123,0.6231831069667804,0.9072389682676038
TAF1D,144.5818431362013,0.5514316590739943,1.122806555888751,0.4911190232920503,0.6233422674868576,0.9072389682676038
POLD3,68.93014867499222,0.6178940566263184,1.2586480449970723,0.49091885462528617,0.6234838410116316,0.9072389682676038
GNAI1,130.65637840123742,0.37957183043932613,0.7734436696975541,0.49075562359667796,0.6235992999089898,0.9072389682676038
LPIN2,565.9348364253789,-0.4369388225896645,0.8907116082680052,-0.4905502729882403,0.6237445645648416,0.9072389682676038
RASGRP1,80.64725466696876,-0.39206961719892375,0.7999583773152988,-0.49011252124732957,0.6240542782114291,0.9072389682676038
PPP1CC,223.8452648500753,-0.3821374330489239,0.7799617976196908,-0.4899437821379734,0.6241736805327418,0.9072389682676038
RBM47,211.31175717867353,-0.380103844840766,0.7769769840425598,-0.4892086286302985,0.6246940013258457,0.9073838120268345
C9,1340.4891291013028,-0.5215697668822536,1.0688605324217357,-0.48796802862626437,0.6255724871199682,0.9080483544534128
RHEB,432.62853845028343,0.5362030460358358,1.1004771332342946,0.48724596799202796,0.6260840330901849,0.9081797305820638
SERPINC1,1407.9116475621272,-0.46654240693765103,0.9609055025943773,-0.4855237124545747,0.6273048963973684,0.9093391542534434
KLC1,99.53972686430683,-0.3876249826806426,0.799707195009311,-0.4847086347349038,0.6278830405551492,0.9095659627115225
SLC40A1,481.27045309018183,-0.4153434502585166,0.8587936788619722,-0.48363589588701644,0.6286442949158874,0.9100575463983686
IL2RB,47.08273465411407,0.5509649588209796,1.140669113583123,0.4830190913912474,0.629082180657845,0.9100806597444479
BAMBI,49.593246880098235,0.5405189191407608,1.121656299703467,0.481893534840983,0.629881579072797,0.9101514917594387
INSM1,21.41373147121145,-0.47368971765690626,0.9836155403907844,-0.48158014814275124,0.6301042313673995,0.9101514917594387
APBA1,99.98793326303712,-0.4415696530799828,0.9184656216231647,-0.4807688417336904,0.6306807974602213,0.9101514917594387
CHKA,132.6528834805785,-0.3716731792260394,0.7742044790974952,-0.48007107845630886,0.6311768524880677,0.9101514917594387
GCGR,78.25069162097067,0.6390362071151622,1.3313781376415899,0.4799809979208117,0.6312409048085861,0.9101514917594387
SLC30A10,89.57163504214516,-0.516824009548354,1.082109891201964,-0.47760769377524753,0.6329294538286097,0.9111783032853354
FETUB,122.65744662495332,-0.6307133877243699,1.3224717771292753,-0.4769201117421774,0.6334190100739157,0.9111783032853354
SEPHS1,78.13442430449824,0.405669735741665,0.8515352836827234,0.47639803483799614,0.6337908344388667,0.9111783032853354
SERPINE2,136.1592286037168,-0.4368537796118745,0.9182123050775737,-0.4757655470266951,0.6342414175959264,0.9111783032853354
CD3D,52.123058181442694,0.5459882773840286,1.1498707486468356,0.47482578196423025,0.6349111548952955,0.9111783032853354
ACAA2,265.00086796033753,-0.48815303613503463,1.0298007572282597,-0.4740266820631531,0.6354808802851266,0.9111783032853354
IMPAD1,262.68389163861565,-0.308830105333987,0.6523903414313773,-0.4733823996480362,0.6359403843558086,0.9111783032853354
ZBTB5,58.017142695257824,-0.5895425876602182,1.2453933763378877,-0.4733786118196516,0.6359430862604987,0.9111783032853354
DKK1,14.072701433545602,0.8326030086362669,1.7613262146072566,0.4727136868407548,0.6364174604900243,0.9111783032853354
PARN,234.0622124646177,-0.34587112951320675,0.734067054962112,-0.47117102882523243,0.6375186056452101,0.9111783032853354
MUC13,78.83576213569174,0.5214007631162322,1.107264419585319,0.47089092171091507,0.6377186313007717,0.9111783032853354
FAH,258.696253678187,-0.48434164739307084,1.0293134032637858,-0.4705482760229314,0.6379633518898039,0.9111783032853354
GNB5,118.09837741006733,-0.38650927852419475,0.8218766409516094,-0.4702765102031312,0.638157477509556,0.9111783032853354
CPED1,228.4128367834743,0.4661766384953994,0.991572017329929,0.4701389615155779,0.6382557396622889,0.9111783032853354
PSMC6,173.7033664538154,-0.4321577658436892,0.9193051905960852,-0.4700917282578101,0.6382894836644144,0.9111783032853354
PUS7,88.08584784577769,-0.5056439091355751,1.0807976314919996,-0.4678432801870162,0.639896667464607,0.9115133677898632
LGR5,41.62503028036047,0.676820606970728,1.4489845457520294,0.46709994868817256,0.6404283709002301,0.9115133677898632
SMAD3,270.87878410948184,-0.44848304536821687,0.9610939100630758,-0.46663810962945684,0.6407588164080993,0.9115133677898632
ASAP2,189.74003829547223,-0.4700424821609952,1.00903679973973,-0.4658328440372417,0.6413351536723203,0.9115133677898632
MAN1C1,186.60519920577914,-0.36233849157475284,0.7781665542511537,-0.4656310266681134,0.6414796304379942,0.9115133677898632
NOS2,64.19234282642763,0.6215302735333647,1.338377510985527,0.46439085267929753,0.6423677425368163,0.9115133677898632
ABHD3,121.46170264310206,-0.5572892289194283,1.2003684012645277,-0.46426516087257225,0.6424577813945896,0.9115133677898632
CYP2C18,49.540642731305574,0.534123921106094,1.1537109909186765,0.4629616301746263,0.6433918703593242,0.9115133677898632
MOBP,28.168644823040186,0.26365336067906736,0.5695274782539095,0.46293352076249455,0.6434120193236748,0.9115133677898632
PKM,439.9121864403293,-0.37353143251793985,0.8079531570393302,-0.4623181792948384,0.6438531647747416,0.9115133677898632
ATM,956.0978426135085,-0.32420396897107706,0.701876950252705,-0.46190998130705113,0.6441458759143772,0.9115133677898632
PLA2G16,55.86110759124768,-0.45477635973484243,0.987066250564851,-0.46073539590133444,0.6449884569216822,0.9115133677898632
ETS2,421.64484123920437,-0.40479301943127816,0.8799404199080871,-0.4600232132461425,0.6454995585723281,0.9115133677898632
PRL,19.176146038985898,0.7479414279362293,1.6266486584474686,0.45980514848860554,0.6456560873992356,0.9115133677898632
CHERP,126.10795728613829,-0.4406193535267836,0.9602151017734304,-0.45887567557831527,0.6463234472949868,0.9115133677898632
FH,299.8251720736505,-0.4885664446394588,1.0652033467575823,-0.4586602606221873,0.6464781555036624,0.9115133677898632
AGXT2,223.12458797999193,-0.48077013890224823,1.0493863615129804,-0.45814407022508397,0.6468489388982454,0.9115133677898632
SYNGR1,44.734902829966146,0.6125257309631706,1.342949372657108,0.4561048565451509,0.6483145780161917,0.9115133677898632
KDM3A,335.57292203203656,-0.37552247878737766,0.826910494199957,-0.4541271170475335,0.6497373367569586,0.9115133677898632
NDUFS2,406.68416065121716,-0.4032276497410404,0.8881754070182055,-0.4539955132227335,0.6498320561620237,0.9115133677898632
PHGDH,344.57551020494833,-0.39570211883663825,0.8728147980512825,-0.4533632102939995,0.6502872233280834,0.9115133677898632
GABARAPL1,101.28472114316835,-0.4379135357064915,0.9662952345020488,-0.453188135541367,0.6504132750443283,0.9115133677898632
HELZ,766.8048241942656,0.3597311196882913,0.7958449603384667,0.4520115570441011,0.6512606567235819,0.9115133677898632
NRCAM,115.59533015980232,0.5163973483189667,1.144753487263738,0.45109917031420643,0.6519180756447518,0.9115133677898632
TCEA2,35.41076759572705,0.5697574590131753,1.2648695619765458,0.4504476004014557,0.6523877290617461,0.9115133677898632
PAK1IP1,77.49788484169005,-0.6122958218454002,1.3619711983633038,-0.44956591048415934,0.6530234730881087,0.9115133677898632
SSUH2,51.304710034169496,-0.6829017715256226,1.5193872274754352,-0.44945867595603667,0.6531008119278155,0.9115133677898632
MCM6,134.96523582051455,-0.5458910972089294,1.215780270395075,-0.4490047342448968,0.6534282414650052,0.9115133677898632
ABCB10,130.26289724254127,-0.4721088935537809,1.0534534215922235,-0.4481535527600453,0.6540423811275939,0.9115133677898632
OSBPL1A,113.7355999234074,-0.48043717458719243,1.072120785849122,-0.44811851512298134,0.6540676663093616,0.9115133677898632
ELOVL7,43.45944486098491,-0.5026736678088738,1.122897910697869,-0.4476574967500541,0.6544004007525908,0.9115133677898632
HNRNPR,341.9703209462654,-0.43757915527928976,0.9786343976970381,-0.4471324084959804,0.654779460511476,0.9115133677898632
POLR2E,133.53744263725147,-0.3739359749403723,0.8365308424533442,-0.447007995358196,0.6548692870578303,0.9115133677898632
TCF7L1,292.4816972216772,0.17214795697947582,0.3851832822413309,0.4469247885779712,0.6549293653155048,0.9115133677898632
NT5E,141.37381336766228,-0.461481779860324,1.0333532531625527,-0.4465866618680206,0.6551735278213757,0.9115133677898632
SOAT1,303.31500245227824,-0.3588999014040777,0.8036624987841801,-0.44658037664696193,0.6551780667511029,0.9115133677898632
CP,4293.781232222892,0.4272891604551205,0.9592419935492201,0.44544459409469717,0.6559984915072474,0.9115133677898632
GSTA1,1403.3731200958462,-0.4565249036724535,1.0250795697333135,-0.4453555774126138,0.6560628096545578,0.9115133677898632
SALL2,61.98507097625476,-0.536530591416054,1.2050140136425296,-0.44524842478323007,0.6561402351381496,0.9115133677898632
CCNB1,45.33704943422061,0.5512247520933423,1.2392419846870717,0.4448080027183192,0.6564585105525376,0.9115133677898632
CCT4,262.71427572156165,-0.5225464314020815,1.1754931606386585,-0.4445337913477746,0.6566567036461706,0.9115133677898632
CRYL1,146.20945833914146,-0.42598121069954686,0.9593152377165222,-0.44404716400994393,0.6570084851430138,0.9115133677898632
PHLPP1,209.47472458524024,-0.3793462223258359,0.8555638589395242,-0.4433873852456057,0.6574855587046026,0.9115133677898632
BUB1,125.32233300951533,-0.5351905318317665,1.2076436221596936,-0.4431692612052691,0.6576433107871946,0.9115133677898632
ATP11B,442.69713164614245,-0.4466310504801127,1.0084230906357967,-0.4429004597648771,0.6578377348508049,0.9115133677898632
ATP2B2,639.5019732658889,0.44372424769205315,1.004102812507717,0.441911169020496,0.658553488060833,0.9115133677898632
ANXA10,22.80349095630729,0.6677755157256223,1.511375624855544,0.4418329267348398,0.658610109824733,0.9115133677898632
PMM1,75.91385006321913,0.5571912256753396,1.262168465190106,0.441455511718411,0.6588832620538783,0.9115133677898632
CERS2,1040.4617097644077,-0.34756262870383925,0.7887369414899893,-0.44065722095793397,0.6594611709051126,0.9115133677898632
LEF1,60.767767358096705,-0.5406446029299874,1.2298032660089446,-0.43961877307785197,0.6602132416064623,0.9115133677898632
GTF2IRD1,159.37993442251374,-0.41292165388947727,0.9415376139924362,-0.4385609748914338,0.6609796793667655,0.9115133677898632
APCS,552.8425077199157,-0.4758894165456954,1.086436201434514,-0.4380279448690481,0.6613660261509513,0.9115133677898632
CABIN1,541.9274045883752,-0.393991600088536,0.900140590418053,-0.43770007072512324,0.6616037182242425,0.9115133677898632
DGKA,118.30092566340294,-0.3307726346216305,0.7573091534464598,-0.43677358594744026,0.6622755568772981,0.9115133677898632
ESR1,115.68555031244237,-0.5540917873880054,1.2707565273970445,-0.43603300509734927,0.6628127832313055,0.9115133677898632
NAAA,77.15185817969659,-0.4806699940812299,1.1028553766721723,-0.4358413661922154,0.6629518286913112,0.9115133677898632
PGK1,459.05999747917804,-0.3540682774743459,0.8135267478995745,-0.43522635044085084,0.663398137738588,0.9115133677898632
NDRG1,701.9543908595211,-0.3611999796519356,0.8323598243717002,-0.43394691703745364,0.6643269888201404,0.9115133677898632
GLIS2,37.08757646841294,0.5490856364205895,1.2662589889501286,0.43362822393532885,0.6645584359329793,0.9115133677898632
IGF2,199.20022559870384,0.43661101184560347,1.008449259898971,0.43295288043480173,0.6650490018864668,0.9115133677898632
FHL3,28.669772345337805,-0.5429171835536262,1.2543130383606422,-0.43284026152132343,0.665130821631675,0.9115133677898632
CDK5,52.43943266563703,-0.5369034552716954,1.240680679550086,-0.43274910629413144,0.6651970505284241,0.9115133677898632
MTR,462.3577191073292,-0.3374400417393122,0.7800829136736993,-0.4325694561750905,0.6653275831012258,0.9115133677898632
HYAL1,150.72758557093948,-0.46012012718770684,1.0670953020785623,-0.43118934765381584,0.6663306987533906,0.9115133677898632
CTNND2,254.7666710623507,0.36980913656827363,0.8577358267312746,0.43114572697466846,0.6663624136740991,0.9115133677898632
URB2,75.226939037596,-0.5803951360692609,1.3463940042803832,-0.43107376757776683,0.6664147338918007,0.9115133677898632
AARS,449.5123748996465,-0.3836258952797759,0.895052892705758,-0.4286069554169801,0.6682092829447103,0.9119467640337345
RWDD3,5.346671087396586,0.7923545877467437,1.8493762814750028,0.4284442250523443,0.6683277323822538,0.9119467640337345
BIRC5,55.06097602516071,0.4799406036895433,1.1230267460644976,0.42736346696232597,0.6691146123877113,0.9119467640337345
OLFML3,86.26625179517859,-0.49428793127206155,1.1593714156035015,-0.42634131273174775,0.669859158509571,0.9119467640337345
KCNK1,52.061397423606145,0.5244353030353178,1.2350846749580677,0.4246148573199023,0.6711174604641859,0.9119467640337345
SMARCD1,77.60329030502528,-0.4899928885719888,1.1547768861252663,-0.4243182336426121,0.6713337432999091,0.9119467640337345
DYRK3,48.60277751816444,-0.501283343515098,1.1845253719560538,-0.4231934202365871,0.672154147005701,0.9119467640337345
NSMAF,262.6298292749713,-0.46491842567201924,1.098883078668708,-0.42308270524582636,0.672234920186151,0.9119467640337345
HDDC2,43.57601137845689,0.4758556285497502,1.1255015189670194,0.4227943015007999,0.6724453456599129,0.9119467640337345
THRB,156.90265881131563,-0.3305386261573996,0.7827800381547244,-0.4222624620533122,0.6728334542509711,0.9119467640337345
SOBP,237.14448365064254,0.19697427260688513,0.4673547735342291,0.42146626879902555,0.6734146373154468,0.9119467640337345
C1QB,270.9900871238137,-0.41944770770681555,0.9961971630685286,-0.421048887967935,0.6737193833440875,0.9119467640337345
BDH1,304.29953950732096,-0.20681721971583997,0.4914632018412353,-0.42081933894747875,0.6738870088710113,0.9119467640337345
ALAS1,551.1347084393902,-0.45075013303958605,1.071440290663171,-0.420695522622724,0.6739774310386462,0.9119467640337345
ALPL,136.8867229165093,-0.41272890359752723,0.9817902284744674,-0.42038400019405037,0.6742049544491391,0.9119467640337345
EIF4A2,538.7518449715977,-0.3906542209307405,0.9292966672163411,-0.42037622076158365,0.6742106366141074,0.9119467640337345
MAP4K1,153.81898150457806,0.3646138486946606,0.8677804635458043,0.42016830755191936,0.6743625051102244,0.9119467640337345
PELI1,75.43321515347348,-0.42792856659823525,1.0187874410839772,-0.4200371435114322,0.6744583196316427,0.9119467640337345
SMC2,206.88429125311015,-0.448931727850354,1.0719296014059636,-0.41880710007590655,0.6753571154595537,0.9119467640337345
RCBTB1,60.45247322202926,0.43947824273859637,1.0494348834944807,0.418776095259185,0.6753797767457969,0.9119467640337345
CREB1,99.73383961582864,-0.376557158230838,0.901595902137885,-0.41765624415321434,0.6761984681657935,0.9119467640337345
MRPL46,13.000522765343739,-0.6824927763114205,1.6393986025402385,-0.41630679399988624,0.6771855217082925,0.9119467640337345
PRUNE1,96.18055462883143,-0.5127904263350884,1.2326380877850114,-0.41601053173405267,0.6774022966592967,0.9119467640337345
HSD11B1,237.05970606488947,0.4909922107656811,1.1806620169508175,0.4158617823869015,0.6775111465581809,0.9119467640337345
SHB,5.732805848959667,0.7674554744078923,1.8460386432385,0.41573099090794086,0.677606861040799,0.9119467640337345
PRKAR1A,609.6559909267814,-0.3841847212028737,0.9244744700313647,-0.4155709364151932,0.6777239975642451,0.9119467640337345
MAML2,260.84565520346536,-0.3480777058453205,0.839815955494701,-0.4144690316585879,0.6785306423218482,0.9124351444259932
LIPC,202.71506904303914,-0.4186177992295045,1.012285508186448,-0.4135372835470853,0.6792130121778224,0.9124351444259932
MAD2L1,13.07081026094577,0.6219001043067895,1.5045650543486262,0.4133421167195923,0.6793559767956165,0.9124351444259932
LONP1,252.48573046343574,-0.3641437273040664,0.8846321872211448,-0.4116329165547714,0.680608501267068,0.9126112958235063
CPA3,33.74920923247067,0.5759987018085033,1.3997957166194848,0.411487687074471,0.6807149680266431,0.9126112958235063
SDHB,140.86343278813249,0.4205725020508155,1.02221839987824,0.411431160015229,0.6807564093555964,0.9126112958235063
SLC23A2,272.04328412304176,-0.33703547240405823,0.8210470489593353,-0.4104947126126884,0.6814430813321412,0.9129644263561667
PIGK,75.96089173527972,-0.5390922545850131,1.3158174285134083,-0.4097014091035956,0.682024996280082,0.9131768572167205
NGRN,61.82280484534644,-0.4084736053611323,1.0011087836066324,-0.4080211981454701,0.6832581120620616,0.9142603894031432
PAK1,117.79791717127382,-0.37864008716109426,0.9334287901170595,-0.405644320348861,0.6850039589843698,0.9160282328141882
MPV17,128.9581305050634,-0.3718444933733037,0.9181660982750027,-0.40498608484009985,0.685487739444423,0.9161072205586247
UGT2B15,492.79712775328727,0.37778151532927146,0.9363591581996273,0.40345791678445914,0.6866113874293324,0.9165365359753008
TAF1C,100.7050288237872,-0.40014536931050293,0.991948108747207,-0.4033934494979495,0.6866588048846018,0.9165365359753008
PIGC,17.51056156183151,-0.5405059713883793,1.3431726529021786,-0.402409898846968,0.6873823861564781,0.9165975401641528
MTTP,506.59804423077367,-0.46493183244045894,1.1576749129558572,-0.40160828159725964,0.6879723340516862,0.9165975401641528
TRIM24,534.6115734152323,-0.2694926474908248,0.671049475263776,-0.40159877538819727,0.6879793312590465,0.9165975401641528
PKMYT1,18.696941609404277,0.6043922204825766,1.511806009600529,0.3997815967422154,0.6893173866016432,0.917813335123299
FBN1,1062.2485998934376,-0.3172542959295269,0.7968112164000478,-0.3981549072098477,0.6905160027833888,0.9188420839011533
ACADL,54.67126348511582,0.563797490489347,1.4185122017028655,0.3974569198717722,0.6910305487122168,0.9189598604021281
CYP2J2,200.91714118426404,-0.4680027847207074,1.1800800396549713,-0.3965856289354244,0.6916730517991232,0.9192475494335851
BCAT1,84.02104055619219,-0.4179607400785029,1.0580722224341574,-0.395020993100981,0.6928273950105232,0.9197889880943377
PSMB3,144.28262440077268,-0.4441424165912175,1.1250075744951908,-0.39479060111262937,0.6929974319163574,0.9197889880943377
PAH,1371.6991936809413,-0.3768144210345091,0.9556546058051266,-0.3942998011473484,0.6933597100794591,0.9197889880943377
SPC25,35.089551049774144,-0.5787738684571331,1.4718198117972954,-0.3932369056442923,0.6941445140120763,0.9202641159951128
PPFIBP2,260.69777538527666,-0.358903446619999,0.9145944340343264,-0.3924181399583378,0.6947492849900636,0.9205001275943288
CES3,71.54249861761362,-0.4512711668209217,1.1536430337573607,-0.39117053856005435,0.6956711836422702,0.9211332907908228
USH1C,185.40898841841928,0.4986202436053709,1.2764979255976232,0.39061578840555483,0.6960812535878727,0.9211332907908228
NCAPH,59.94673630596422,0.5525778543010447,1.4181935475361531,0.38963500804318685,0.6968064613941491,0.9215276132600734
HSPA1B,1919.8455147182685,-0.34905719058672474,0.8978485329243563,-0.3887706865765217,0.6974457870513693,0.9218079428123797
RUNDC3B,48.85139668617427,0.3808811030250959,0.9839736032755004,0.38708467560227217,0.6986935221322296,0.9219935632285194
TDO2,319.05842470131626,-0.4246467880610376,1.098903474928969,-0.386427741607138,0.6991799078655363,0.9219935632285194
AMDHD1,183.9297124829885,-0.44296027313060504,1.1463604432376078,-0.38640575548784184,0.6991961882505324,0.9219935632285194
RBM34,18.45315338553042,0.41617339413554505,1.077413080035879,0.3862709687185959,0.6992959988140277,0.9219935632285194
WDR12,118.42083934775572,-0.3703254189125354,0.966835994311701,-0.3830281672293069,0.701698879353275,0.9235408216536368
TGM1,78.62710788107445,0.5519756891834074,1.441311311969339,0.38296770766977073,0.7017437076534938,0.9235408216536368
ANP32E,347.7485220309579,-0.3749271748343697,0.9806933662868081,-0.3823082603831141,0.702232728323331,0.9235408216536368
ETNK2,141.06828144735167,-0.40315820841966454,1.054613405738133,-0.3822805648269668,0.7022532689786968,0.9235408216536368
KHK,174.22008343712406,-0.4392687435752899,1.150944263845973,-0.3816594403168038,0.7027139885964322,0.9235408216536368
RALA,131.4585587926237,-0.40038627121517156,1.0502705104102734,-0.3812220444604945,0.7030384928860787,0.9235408216536368
ATP6V0E2,67.68984368079225,0.3968869309388877,1.045811231718348,0.3795014997943482,0.7043154907573448,0.9243045565654621
PEMT,42.57905466222575,0.45598483824209923,1.2022250407647486,0.3792840963885116,0.7044769082028834,0.9243045565654621
ADAM9,482.44333480725976,-0.34198364797290115,0.903424281089279,-0.3785415724719772,0.7050283168831027,0.9244657018339529
HLA-DQA2,100.02162226373615,-0.4213115265741799,1.1147548068791344,-0.3779409821552444,0.7054744370888449,0.9244886760635714
ZFAS1,0.24447100969442465,1.132384717656242,3.0032378614971034,0.3770546223374236,0.7061330126796563,0.9246980033956251
ETNPPL,95.98790122266637,0.44005259882925957,1.1685743778043145,0.37657217819210925,0.7064915668038898,0.9246980033956251
NREP,42.74918219207063,-0.36167102238332466,0.9635970994583678,-0.37533427880451053,0.7074118756880525,0.9250200970283011
NBEAL1,495.6400329400104,-0.29675418594238806,0.7927041087923004,-0.3743568156780449,0.7081388670457638,0.9250200970283011
BAAT,764.5052294167307,-0.36651956811629766,0.9817673359261866,-0.37332630115517934,0.7089056036616125,0.9250200970283011
PCYT2,243.80728760306786,-0.4144770578915655,1.1130697460072836,-0.37237294372463636,0.709615195611173,0.9250200970283011
ARID5B,366.45590810377354,-0.3374670890973486,0.9092427680185169,-0.3711517990214865,0.7105244718512744,0.9250200970283011
LGALS9,118.67956307359324,-0.3491609137493591,0.9433950327851476,-0.3701110368564749,0.7112997589100125,0.9250200970283011
MPHOSPH9,185.7479018597129,0.30746412960668623,0.8323075147400503,0.3694116947901338,0.7118208823193137,0.9250200970283011
HLA-DQB1,107.96426602318085,0.36985345199417835,1.0012573501109159,0.3693890006931857,0.711837795363731,0.9250200970283011
RNASE4,0.2719946040939673,-1.1066448155671598,2.9989763753290877,-0.36900751358727324,0.7121221243634352,0.9250200970283011
LRRC20,18.354541672518295,-0.5540597350883448,1.5033186121834803,-0.36855775655142475,0.7124573875452433,0.9250200970283011
PWP1,162.47675670965475,-0.4198429222543942,1.1393287463825688,-0.36850024506747375,0.7125002624414123,0.9250200970283011
FXR1,864.2785309575473,-0.37715927610240496,1.023564324451738,-0.3684763791512825,0.712518054783938,0.9250200970283011
CCDC85A,23.712316267950353,0.6195377996569665,1.6815508853085221,0.36843238290900543,0.7125508549493792,0.9250200970283011
NAP1L3,17.59882302922985,0.5536269395425305,1.5040533884043803,0.3680899519995511,0.7128061628863429,0.9250200970283011
NUP153,465.75910711539484,-0.3082104245716891,0.8384360791376226,-0.36760157660283466,0.713170339062617,0.9250200970283011
NEDD4,267.64401471505727,0.3131882801639218,0.8553457244242387,0.3661540254669995,0.7142501458971173,0.925631631548718
PDE9A,97.5902571996918,-0.4669665764851526,1.2765524684006255,-0.3658028855407788,0.7145121665483587,0.925631631548718
NLRP2,123.39374651043808,0.4466143801913491,1.2244389206818131,0.3647502318389696,0.7152978584359437,0.925631631548718
CENPM,31.762885974383888,-0.5597308528114541,1.5349001728180498,-0.36466922261387075,0.7153583355548042,0.925631631548718
ECHDC2,393.89282432821466,-0.27613038564307074,0.7617430594978707,-0.3624980657192881,0.7169798687206896,0.9267115561282948
ELOC,74.10310510780961,0.34459751840657576,0.9519579470960176,0.3619881733828506,0.7173608682720222,0.9267115561282948
ZCCHC10,38.379714541622754,-0.43985775423598994,1.2156599337045393,-0.3618263151073756,0.7174818260242245,0.9267115561282948
RIOK2,84.41168961390252,-0.4146928304617043,1.1511249978865483,-0.3602500434123795,0.7186601542142392,0.927678008761289
CLRN1,56.39111083683981,0.3833149552021176,1.0698841724659294,0.358277059392917,0.7201359841262991,0.9286546125570899
FANCA,286.8365604453434,0.41675070913829937,1.166125252216623,0.35738074306007955,0.7208067909870423,0.9286546125570899
UCK2,46.02343812221933,-0.4184160276616443,1.1710961377430884,-0.3572858061576455,0.7208778547538828,0.9286546125570899
DDX28,35.55502928763583,-0.5004917192243161,1.4021843482162673,-0.3569371743886577,0.7211388391437763,0.9286546125570899
CYP2C8,887.1583545942221,0.3580190363491073,1.0054558541582372,0.3560763357918276,0.7217833986284177,0.9286809608381608
COIL,132.19838994273243,-0.412232126171868,1.1587369216829886,-0.3557598955016711,0.7220203854082501,0.9286809608381608
SLC6A2,75.59413553299221,0.5689349847558953,1.6025103188366592,0.35502734557672816,0.7225691051434138,0.9288328723446624
ALDH3A2,287.7854912088353,-0.31334177848729994,0.8889323861499863,-0.3524922517947624,0.7244691282485978,0.9290189304917723
SPRR1A,7.606751054686493,0.7153124624866168,2.030443380804962,0.35229372522716385,0.7246179934443173,0.9290189304917723
CYP21A2,207.3721807534684,-0.37494302461082757,1.0643025575899816,-0.35228988405313305,0.7246208738523053,0.9290189304917723
TP53BP2,487.6195966990902,-0.34359188402523705,0.9762313443005147,-0.35195743921890366,0.7248701813440047,0.9290189304917723
HAO1,325.10075077363047,0.3340828905397734,0.9531530743285674,0.3505028725581276,0.7259613347282627,0.9290189304917723
GRM5,71.20161617263771,-0.48049324840731794,1.3723409905182165,-0.350126719034951,0.7262435995686389,0.9290189304917723
ADA2,177.7056763937588,-0.2576312239989842,0.7358410377805698,-0.3501180428534494,0.7262501105964083,0.9290189304917723
NKAPD1,140.97122147486203,-0.3122345416750089,0.8919615664071346,-0.3500538066149029,0.7262983172033259,0.9290189304917723
DEPDC1,94.47217575821378,-0.45519600363973073,1.301806115643452,-0.3496649755825875,0.7265901417429856,0.9290189304917723
C3AR1,45.03521983962436,-0.4506238363451274,1.2948492963314648,-0.34801257383529016,0.727830740505456,0.9296847803859174
WIPF1,245.1898536335504,-0.3031980802857397,0.8717015737929454,-0.347823256721294,0.7279729226109478,0.9296847803859174
BCL2,29.387356258779846,0.3758829965648784,1.0830450969589231,0.34706126053321174,0.7285452963212296,0.9297927323090038
CCNA2,53.310842876829156,-0.4897965473807953,1.4143785289826494,-0.3462980647288968,0.7291187228708035,0.9297927323090038
PDK4,467.20885349166645,-0.3549662583069188,1.025945260415118,-0.34598947137130137,0.7293506272910684,0.9297927323090038
WWC1,240.09858996961668,-0.31732759934316823,0.9199396249319728,-0.3449439406054868,0.7301365157951845,0.9299933412210626
CDCA5,38.93836085437504,-0.4672961469798443,1.355923966335432,-0.344633001983714,0.7303702920855262,0.9299933412210626
CENPA,24.70130248905327,-0.4657471827351429,1.3544182601158021,-0.34387249230922334,0.7309421796932019,0.9299937707183312
RPL12,1576.0152249810697,-0.29680054991306587,0.864083601920771,-0.34348591878529816,0.7312329323775104,0.9299937707183312
ZNF652,245.20760224984994,-0.2531443890937733,0.7382792381065022,-0.3428843397289947,0.7316854734723244,0.9300209583263428
MTMR2,146.97004116097358,0.31654851821633356,0.927261686071917,0.3413799178496226,0.7328175912954643,0.9309113924760403
MELK,106.86629910001089,-0.420233803537916,1.2386595689319257,-0.33926497165018166,0.7344101280276327,0.9323853126283719
C5orf22,109.5664287343356,-0.3542648964412085,1.0498427984469545,-0.33744566040294505,0.7357809689440894,0.9324475004172638
ABCC3,577.3910329967265,-0.2802352633479285,0.830531667910993,-0.3374167104943685,0.7358027893545384,0.9324475004172638
DAO,113.42154608198572,0.3972146866372968,1.1793558262565318,0.3368064818046655,0.7362627865108512,0.9324475004172638
HIST2H4B,342.5526013030718,-0.3729932951658168,1.1080463240173863,-0.33662247424229913,0.7364015120139549,0.9324475004172638
RCC2,91.93699361996278,-0.30154531212446367,0.8965705134189708,-0.3363319533837384,0.7366205566578662,0.9324475004172638
SERPINA3,0.9889131863310697,0.8162839440256561,2.4332359119838287,0.33547258611687014,0.7372686209028331,0.9327204781744346
GCH1,73.51928652813615,-0.38674514980593755,1.1579233227897432,-0.3339989291123063,0.7383803667588327,0.9335793968926155
DHRS3,244.65099264446164,-0.3385590497558158,1.0161381883762455,-0.33318209435354623,0.7389968333491549,0.933583433903527
SIX1,11.336944847210601,0.4502847326469559,1.3528248127602407,0.33284777777561303,0.7392491910557368,0.933583433903527
COL11A1,519.56105281057,-0.32019780526352853,0.9729524497278872,-0.3290991305413545,0.7420807613998459,0.9366110019540478
SPATS2L,846.5303493963924,-0.2509897920063453,0.7655775217311196,-0.32784373219162516,0.7430298195382166,0.9370517714152828
TPX2,142.15634675015704,0.37314455264193724,1.1394144959519474,0.32748798086001696,0.7432988321240376,0.9370517714152828
MGP,180.74305229599852,-0.3117802155320139,0.9563024207431399,-0.32602679734903356,0.7444040805212104,0.9374498081739824
TFRC,491.2036173224015,-0.2722610534375392,0.8355885110833414,-0.32583149460079636,0.7445518486948703,0.9374498081739824
SPINK2,7.416603341132411,0.6590286475744505,2.0269449285192493,0.32513396802343947,0.7450796815871651,0.9374498081739824
F8,297.9288540016191,0.34740264264112863,1.069678856763788,0.3247728422829282,0.745353000008521,0.9374498081739824
ADK,158.92124927487518,-0.3902831911370141,1.205363826401287,-0.32378870394861337,0.7460980088396412,0.9378399796428357
SLC28A1,168.30919742447932,-0.34563798346339103,1.0705783980461758,-0.322851632439237,0.7468076079985624,0.9379260179362484
PAPSS2,197.64269220849098,-0.330173111554994,1.023634096297074,-0.3225499353229563,0.7470361144248839,0.9379260179362484
ATP2B1,295.1741456503842,-0.2778992846239676,0.8634344599812609,-0.32185336294082917,0.7475637856385502,0.9380425163597166
XPNPEP1,146.13811157567275,-0.3053943896254946,0.9513511069892883,-0.32101123064014386,0.748201880136798,0.938297357822717
PRPS1,83.75405420464988,-0.3288576643553202,1.0378918286327874,-0.31685157863563074,0.7513562249155394,0.9414550390667766
UCHL1,62.104422662116065,0.37190997183828134,1.1749229424092542,0.3165398839481815,0.7515927571965644,0.9414550390667766
CD151,102.39740173039827,-0.27090255675017194,0.859735399639025,-0.31509992128265873,0.7526857882835333,0.9422769851001633
DUSP18,20.736605110178917,0.3722032854320412,1.1846382855349769,0.31419150467854073,0.7533755945207398,0.9425934787594175
AGFG1,340.5907605451635,-0.312530581010302,1.000630642295853,-0.3123336102252775,0.7547869994821701,0.943811917613357
ANXA3,89.50491885273526,-0.37694843895283037,1.2133965275344236,-0.3106556104283366,0.7560624463251826,0.9444224527261762
SLC23A1,74.52075999196315,0.35615193265987644,1.1468822922202708,0.3105392201761135,0.7561509392017183,0.9444224527261762
PDHX,136.83804970711915,-0.30011438287175657,0.9692555107839429,-0.309633919572994,0.7568393589993097,0.9447352415286521
TTC1,93.15809919184693,-0.3631631782269598,1.1773406051261384,-0.3084605904576366,0.757731883421972,0.9449764361748759
TXN,439.0761362474149,-0.4610730654111908,1.498703009638882,-0.3076480546484577,0.7583501500959676,0.9449764361748759
VIPR1,40.17532096134533,0.41437159866260853,1.3490553580079676,0.30715685327729986,0.7587239851515113,0.9449764361748759
F9,305.98390982068184,-0.34087642690208625,1.1126664582209662,-0.3063599377724668,0.7593306077951996,0.9449764361748759
PPP1R1A,51.71040301384668,0.3825339867736391,1.2504767989051402,0.3059105031845199,0.7596727887054804,0.9449764361748759
RRM1,137.85715665095802,-0.34518445354269106,1.1309782771368482,-0.30520873877131405,0.7602071771729967,0.9449764361748759
EPHA4,59.2948198403229,0.40759408024228566,1.3372627049645378,0.3047973137432966,0.7605205275655789,0.9449764361748759
CD24P4,10.447658369775551,-0.4659948368753282,1.5289788078301605,-0.3047752097601938,0.7605373635603081,0.9449764361748759
SLC6A8,142.03202808298946,0.19284776395619324,0.6354933516959133,0.3034614971841151,0.7615381856501449,0.9451783973062358
UGT2B10,748.3596270599056,-0.2707496725327054,0.8938980796691591,-0.3028865132285692,0.7619763497656538,0.9451783973062358
SGCE,270.21966103419896,-0.24609914592823545,0.8126469593551702,-0.30283648156822424,0.7620144797939472,0.9451783973062358
MMP9,176.7582818854869,0.3537242233456046,1.1740861948837893,0.3012761966600042,0.7632038904973389,0.9455458524832475
GBA,379.2219491684517,-0.2719760154543907,0.9032017375427129,-0.3011243271014288,0.7633196911073294,0.9455458524832475
ATP5PF,108.07230870104705,-0.38139184699011724,1.2682501318754795,-0.3007228916476576,0.7636258113239764,0.9455458524832475
ABCB11,533.4348164312311,-0.20858540282624385,0.6957632435078546,-0.2997936507462098,0.7643345586751777,0.9458780361248031
RFC3,58.770432536310715,-0.41664360398900685,1.3950966586383278,-0.2986485570079913,0.7652082120871382,0.9458780361248031
SLC7A6,65.58312406439023,-0.3253304358062678,1.091962951334483,-0.2979317525458926,0.765755252787574,0.9458780361248031
NDRG2,348.1541926488051,-0.24122159530853965,0.8126223047131489,-0.29684343379386996,0.7665860437943771,0.9458780361248031
KPNA2,304.22036571815835,-0.3025008427278963,1.0198991245316864,-0.29659878653861727,0.7667728374076583,0.9458780361248031
IFI30,0.14249346946175936,0.8950677819528896,3.0190092500280983,0.2964773234611848,0.7668655822011373,0.9458780361248031
ECHS1,480.2210389576521,-0.25614665871165543,0.8644820374731788,-0.29630072992650536,0.7670004285665126,0.9458780361248031
H2AFY2,47.47226079005165,-0.39502659011436714,1.335566226414533,-0.29577461776257796,0.767402208260735,0.9458780361248031
GRHPR,462.055335226861,-0.27643693777422407,0.9371674248444303,-0.2949707068831512,0.7680162571409834,0.9460518226881429
GLA,55.73600473149534,-0.3825825939987039,1.2993491604689649,-0.2944417140813953,0.7684203956187419,0.9460518226881429
EXT1,371.0398617614285,-0.22841530077262862,0.7813198190565406,-0.2923454585453172,0.7700225052124671,0.9471110907022754
E2F8,82.28657657255623,-0.4062762015202896,1.3949832069679362,-0.29124092640753046,0.7708670637810692,0.9471110907022754
CDK6,147.92289127582313,-0.1740987808975242,0.5988117150282833,-0.29074043898640345,0.7712498410646078,0.9471110907022754
KLF9,164.32891085789436,-0.26919748979588304,0.9299706619168816,-0.2894687981242393,0.7722226538011246,0.9471110907022754
ATF2,241.04476830883766,-0.3127118226029451,1.0824310182129826,-0.2888976917154595,0.7726596701944646,0.9471110907022754
HIST1H2BN,169.48292093644457,0.2300238439644759,0.7974676988037829,0.28844283512613256,0.7730077826445255,0.9471110907022754
ICK,207.59694405531667,-0.2689933029387653,0.9333885884439947,-0.28819004889184524,0.7732012656472433,0.9471110907022754
LAMA3,744.8978535526722,-0.2998316029447775,1.040451840676815,-0.2881744173278955,0.7732132305350892,0.9471110907022754
SLC1A5,113.50872128912968,-0.2401465879536108,0.8349550414642909,-0.28761619012738343,0.7736405504001853,0.9471110907022754
TARBP1,336.71856352355127,-0.28495200340049426,0.9911668979402378,-0.28749144467259574,0.7737360517467183,0.9471110907022754
SMAD1,77.9826811397373,-0.2723626722534688,0.9526185711897076,-0.28590947152470486,0.7749474592034284,0.9471110907022754
OXT,6.414028954586123,0.606990837663168,2.1276997711573373,0.28528030405953486,0.7754294012511305,0.9471110907022754
PRMT5,77.54510029572164,-0.33624719226083627,1.179085258085307,-0.2851763177896578,0.7755090630311152,0.9471110907022754
SLC7A2,320.40845394924696,-0.27237935405310326,0.9553474364651039,-0.2851102579611648,0.7755596713578943,0.9471110907022754
PTP4A1,0.9299025692632293,-0.8332924117429992,2.929262576644318,-0.2844717364660412,0.7760488907363825,0.9471110907022754
NLE1,61.18438402584953,0.3502232886075105,1.2325903984479363,0.28413598633293563,0.776306169847762,0.9471110907022754
DEPDC1B,65.88617311130345,0.3897344059577577,1.374664916287103,0.283512295498462,0.7767841577146,0.9471585235672088
ASPM,902.778356894001,-0.3387352581339056,1.213705047039581,-0.2790919086644112,0.7801742924738039,0.9507547733706186
DDX11,442.33749929655545,-0.2661655141131555,0.9615114552299634,-0.27681990959691377,0.7819183927045719,0.9508532305316689
KMO,99.10784052255164,0.31207149370238196,1.1348568838779283,0.27498753202782716,0.7833258171902446,0.9508532305316689
TPRG1,41.9033800139172,0.3400186473676215,1.2370556988961041,0.27486122708220795,0.7834228564974952,0.9508532305316689
NAGS,79.03989427936637,-0.2706250527335767,0.9876973223956361,-0.2739959364040616,0.784087744487144,0.9508532305316689
GPN1,88.12514813368573,0.34029938965791917,1.2476487262511968,0.2727525644821639,0.7850434254220232,0.9508532305316689
PTGR1,599.6185832504972,-0.24118412292525385,0.8850778863302574,-0.2725004506950912,0.7852372447759989,0.9508532305316689
AP3S1,287.105671601579,-0.28412038984937577,1.0446913134487912,-0.2719658775676254,0.7856482564937065,0.9508532305316689
MKI67,524.3572758657876,-0.2701765686853978,0.9936099330228945,-0.27191411811215505,0.7856880554264284,0.9508532305316689
ACVR1,230.06240091018213,0.2548056224454381,0.9412330580395851,0.27071469735258896,0.786610471926307,0.9508532305316689
ABCA6,476.1079087629768,0.2210104093201567,0.8174039912932006,0.2703808785793913,0.7868672491411847,0.9508532305316689
ZNF200,58.56766095577581,0.25341965421995677,0.93738526376604,0.2703473843847488,0.7868930145383113,0.9508532305316689
PRSS3,34.63676451220303,-0.3693275955213017,1.3684860716608622,-0.2698804198080492,0.787252251158589,0.9508532305316689
ECM1,163.12209584393779,-0.2891354526998845,1.0714581402802283,-0.269852308578536,0.78727387861945,0.9508532305316689
NENF,56.91804824697553,-0.33572243382229355,1.249804565675402,-0.2686199451038708,0.7882221622742112,0.9508532305316689
ORC6,59.397022614134585,-0.2572651821025171,0.9581576779873779,-0.26849983881870654,0.7883145989200018,0.9508532305316689
NOL11,257.71503635525033,-0.25136886904252975,0.9376256575011332,-0.26809086017596095,0.7886293809339506,0.9508532305316689
ECT2,262.45751784838234,-0.27810602223963626,1.0394923082996241,-0.26754024057624365,0.7890532354357508,0.9508532305316689
SAMM50,117.21365087745913,-0.28045144227186863,1.048413349889398,-0.26750083094750254,0.7890835744717304,0.9508532305316689
REX1BD,72.53303214556205,-0.2464412303537863,0.9219192433089812,-0.26731325128788047,0.7892279848347112,0.9508532305316689
PARVB,132.16952590026534,-0.25455891084070364,0.953196515328642,-0.26705816350255657,0.78942437872478,0.9508532305316689
AKR7A3,126.3429320249196,-0.2871565186388447,1.0771339856853084,-0.2665931281113057,0.7897824471819495,0.9508532305316689
PLG,3487.877867053153,-0.23070135398755162,0.8679173033016298,-0.26581029449458426,0.7903853144944335,0.9508532305316689
CA8,48.30864894326958,-0.3679949454566532,1.3844856764285025,-0.26579902683136003,0.7903939927414383,0.9508532305316689
ANKRD46,57.640450433398144,-0.3156892060278057,1.198061266412464,-0.26350005202415205,0.792165183456471,0.9524527874668941
CKAP2L,75.62796900528848,0.3209945675380674,1.2231421332706094,0.262434396466866,0.7929865571366028,0.9529091942861574
SLC25A15,127.84276237702517,-0.29553040184206686,1.1296260937913771,-0.2616178959271158,0.7936160454851808,0.9531346381467344
C8A,357.7685345208495,0.2756479917380923,1.0696926972863376,0.2576889535072765,0.7966469720881866,0.955868121388452
ERRFI1,863.244714827249,-0.25288936522355243,0.982068129487488,-0.25750694644324507,0.7967874535862659,0.955868121388452
NSMCE3,32.70403355863407,-0.31335822570355226,1.225375445535474,-0.25572425728395315,0.7981637632052488,0.955868121388452
FOXM1,56.82226318006014,0.27121584764263534,1.06165940921263,0.25546408319762376,0.7983646809159133,0.955868121388452
CSAG2,35.58938717167004,-0.3626004015459603,1.4242060023217658,-0.2545982820988275,0.7990333861593105,0.955868121388452
ZNF37BP,60.64433927104274,-0.24209889050492167,0.9524993669859678,-0.2541722324404319,0.7993625016152801,0.955868121388452
DTL,112.22816339677871,0.3160812026953838,1.2460643639103544,0.2536636243279353,0.79975543861132,0.955868121388452
HGF,276.5606378709567,0.2195783574306644,0.8662342376401885,0.25348612175483143,0.7998925842809862,0.955868121388452
CCNB2,50.09260215510457,0.3515134405854575,1.3907724439121696,0.25274691206612404,0.800463793909622,0.955868121388452
NCAPD2,247.3376084420571,0.259067350046457,1.0250895010497723,0.2527265665887239,0.8004795169843938,0.955868121388452
TGFBR3,513.641030173044,-0.21374548469491536,0.8484137227293203,-0.2519354401851291,0.8010909655945306,0.955868121388452
FAS,110.61909806911275,-0.27752523057763573,1.1022454877363939,-0.251781688984339,0.8012098115300517,0.955868121388452
GADD45A,89.61441890795861,-0.2515445180540278,1.0039601097473732,-0.25055230343496815,0.802160261883524,0.9561144626522827
CXCR4,205.7816338104474,-0.2684098453725677,1.0742268271780693,-0.24986328639516903,0.8026930760248522,0.9561144626522827
TIGD2,25.512732527210552,0.33225799517709936,1.3301240041391065,0.24979475157441883,0.802746078749784,0.9561144626522827
PNPLA4,7.893906271292386,0.329454091429904,1.3268255799227069,0.2483024870903499,0.8039003748338331,0.9569608766647781
SLC6A5,106.0612325836514,0.36864844104781264,1.4896656466386062,0.24747059306875926,0.804544047173138,0.9571988470780247
GLYAT,78.97018004177147,-0.3066689793343336,1.2466214646556886,-0.24600007943793448,0.8056821710084363,0.9580244999256876
BHMT,560.222392695194,-0.241751216898104,0.9872635225314965,-0.244869998111767,0.8065570926216062,0.9585364456114627
TGIF1,145.01444556309812,-0.22981790439967523,0.9444429521336174,-0.24333698915375163,0.8077443521580479,0.958938054074505
SSB,279.2596420757439,-0.24598604852988035,1.013282980613994,-0.2427614528577459,0.8081901985443107,0.958938054074505
AURKA,50.19930091198976,0.2697337574951564,1.1113339258806716,0.24271170996728733,0.8082287354230181,0.958938054074505
PLAUR,64.81874113923949,-0.24840149481498966,1.0314466973674274,-0.24082824197216152,0.8096882397898535,0.9601415795638889
ISG20L2,144.75927595151796,-0.20197857408351255,0.8433682865204699,-0.23949035944525074,0.8107253710442979,0.9608432007376652
THAP11,19.321661735822243,0.3306689987927405,1.3979634359878186,0.23653622854526637,0.813016598397744,0.9624519100245469
PDGFRA,214.96041824359563,0.20232321606977685,0.8598478064184845,0.23530119465270458,0.8139749679525344,0.9624519100245469
LXN,43.07005017738528,-0.2734417264642776,1.1627943034488348,-0.23515915553873332,0.8140852062649749,0.9624519100245469
ZGPAT,0.8183731895795974,0.6898813986785609,2.9347025956648247,0.23507710788059458,0.8141488861448027,0.9624519100245469
CEP55,41.92760869462203,0.30743745427207064,1.3089980687877978,0.23486471187598784,0.8143137393578108,0.9624519100245469
SKA1,27.63741500451859,0.3128900199156594,1.3395729330076989,0.2335744566091954,0.8153153599245185,0.9624822619743673
TUFT1,100.46433878612162,-0.2341271768536029,1.0025702685164781,-0.23352694988656028,0.8153522449963566,0.9624822619743673
ABCB1,505.18862491625015,-0.23651350620877234,1.014612031931607,-0.2331073343950994,0.8156780597538913,0.9624822619743673
MNS1,67.93526211319448,-0.29152898793952353,1.2562250999600435,-0.23206747576433245,0.8164856059039008,0.9629083936220417
SMURF2,188.31595449656578,-0.1762899745541166,0.7615822512653773,-0.23147857537542252,0.8169430278755244,0.9629213722008231
TIPIN,40.283462740401504,-0.3070691861828992,1.33641793903328,-0.22977032649309,0.8182702438737666,0.9632085713344013
PLCB1,307.1157511008371,-0.2011892199763824,0.8763840309696822,-0.22956741892452667,0.8184279266545433,0.9632085713344013
PLCG2,202.93469765341754,-0.19699881590845786,0.8593037351732464,-0.22925399698017188,0.8186715063924768,0.9632085713344013
IGSF3,94.86119233245199,-0.23376090816746947,1.0213866315822142,-0.22886623041595333,0.8189728881906778,0.9632085713344013
EFEMP1,391.6345385086523,-0.22660074961349866,0.9957826925963739,-0.22756044195010727,0.8199879758405493,0.9638768740534412
IFI16,352.7321987800694,-0.2102857811072392,0.9313301435934284,-0.2257908031365506,0.8213641304163593,0.9641836738767299
GNG13,14.207716220581046,-0.3892152167765796,1.731441292916386,-0.22479261547528276,0.822140611069477,0.9641836738767299
FRZB,74.52233710051652,0.26268114828306666,1.1701729196622646,0.22448062493095614,0.8223833413132151,0.9641836738767299
PAPSS1,152.83480870010007,0.2532610899311894,1.1292586374973563,0.2242719971506813,0.8225456642827556,0.9641836738767299
CPOX,76.20645999772599,0.24968172341870684,1.1139758539196833,0.2241356691351666,0.8226517384804861,0.9641836738767299
SLC2A5,67.53718587271261,-0.2412714274767734,1.0871515082346856,-0.22192990181152344,0.8243684526272971,0.9641836738767299
KIF2A,279.1410075464803,0.2461903665136495,1.109353321666524,0.22192241345057725,0.8243742821374728,0.9641836738767299
DYRK2,103.34378959724835,-0.22519635380389502,1.0168150216132155,-0.22147229242012229,0.8247247083922763,0.9641836738767299
SLC22A1,162.56754321641435,0.256886920317055,1.1607113698759184,0.2213185180950856,0.8248444321164035,0.9641836738767299
HPD,1158.259961588598,0.2160988954456645,0.9777249775062065,0.22102216923704676,0.8250751712586806,0.9641836738767299
FMO1,43.17698570372996,0.30192710225159497,1.3670151493622176,0.22086595191901084,0.8251968091600188,0.9641836738767299
F10,272.6137620527868,0.23159225061905786,1.0582729313290689,0.21883981321170587,0.8267748320163625,0.9641836738767299
SLC52A2,19.57613066059282,-0.3282702609905842,1.5001814861979321,-0.21882036540962393,0.8267899819992668,0.9641836738767299
MCM2,106.04172896192469,0.2726800858306525,1.249044105243176,0.2183110145478526,0.8271867930606859,0.9641836738767299
CYP4F11,158.7481076302438,-0.21500741444498292,0.9864522109891909,-0.21796029452798182,0.8274600480269141,0.9641836738767299
SEL1L3,218.35686683506736,-0.15334843165365417,0.7046260872018719,-0.21763093141018008,0.8277166823032687,0.9641836738767299
HSD17B10,126.11662179146141,-0.24357777781692114,1.120091507479156,-0.21746239141220694,0.8278480129901269,0.9641836738767299
SLC7A7,143.56464316148558,0.20151665426125306,0.929723692072956,0.21674897174228397,0.8284039811539429,0.9642042968597659
UAP1L1,55.36716602409131,-0.2521784161970674,1.1666591989181754,-0.21615431175694533,0.8288674655716542,0.9642042968597659
MMD,80.06854973391366,0.24221809676786515,1.1228405768277414,0.21571904486403734,0.8292067550648428,0.9642042968597659
RAB17,47.569878920893224,-0.23114207654038432,1.0751685493460323,-0.21498217807894002,0.8297812135348724,0.9642198618124883
SPAG8,23.513231687616205,-0.34765483224955473,1.6226332384882494,-0.21425348871409328,0.8303493864207313,0.9642198618124883
SLC38A1,218.07416259079778,-0.18473539506590225,0.8633226615506242,-0.21398186714350437,0.8305611976113136,0.9642198618124883
SCLY,22.424145726941006,0.22489538078534643,1.0613354524106102,0.21189849097619587,0.8321862278921215,0.9655867098242636
RAB32,32.65728670765714,-0.3116520756490112,1.4754931854569204,-0.2112189190168987,0.8327164485282449,0.9656824620835615
TOMM20,215.09443616789346,-0.22983330996247664,1.094409582623939,-0.21000666808073076,0.8336624687100709,0.9662600456784648
NOP56,170.9411134401382,0.20964510515954154,1.004026486298549,0.20880435727589283,0.8346009696993593,0.9665090245895804
CYFIP2,271.6798286167713,-0.20944336082312773,1.004122683400232,-0.20858343734840812,0.8347734412658268,0.9665090245895804
PTS,80.34084141480012,-0.20140466785697023,0.9733259839448991,-0.2069241663935399,0.8360690828944662,0.9672907710218425
CLDN10,37.52303483193569,-0.32082804784804897,1.56368990004493,-0.20517370345541688,0.8374364139872239,0.9672907710218425
NRG1,163.28712384166764,-0.2060629892086376,1.00687369438269,-0.20465624472886243,0.8378407083890116,0.9672907710218425
F11,276.05128577836405,-0.22100981702525624,1.0861208350069393,-0.20348547776808296,0.838755595305848,0.9672907710218425
ZNF138,33.57375402632454,-0.2796588094387443,1.3834682522079724,-0.2021432793939561,0.8398047141194613,0.9672907710218425
DUSP6,91.74647873150849,-0.21679820363383778,1.074301177762525,-0.20180393368400565,0.8400700061854781,0.9672907710218425
LOX,44.00745483227748,-0.2248881154135876,1.123941602786851,-0.20008879007234004,0.8414111403202802,0.9672907710218425
CTBP2,215.89603437531417,0.08297385383644454,0.41486562583390335,0.2000017563992254,0.8414792074678656,0.9672907710218425
CKS2,35.52316465426013,-0.287699842752457,1.4423576605838917,-0.1994649805763094,0.8418990343630314,0.9672907710218425
BICC1,252.93353104884605,-0.2147176841347235,1.0843672823139812,-0.19801195373262054,0.843035711180349,0.9672907710218425
ZWILCH,83.1914434068772,-0.218366465290991,1.103291863664099,-0.1979226644215274,0.8431055712965989,0.9672907710218425
LPA,4261.483300865607,0.2002475725130244,1.0169901152125176,0.1969021817593372,0.8439040863070915,0.9672907710218425
DHX32,62.9557994138086,0.24812694613324224,1.2636939450000355,0.19635050647744873,0.8443358322375537,0.9672907710218425
MAOB,183.24780025298946,-0.1994316353545187,1.017033441881174,-0.19609152181430378,0.8445385320535637,0.9672907710218425
ELF4,60.43182389467077,-0.20957006648581772,1.070550922768236,-0.19575908257022506,0.8447987377347425,0.9672907710218425
CANT1,131.73945097540187,-0.1987765739129434,1.0154451153919841,-0.19575314401528365,0.844803386093711,0.9672907710218425
PEA15,98.13157297287879,-0.20882357866650353,1.067753466532717,-0.19557284074629125,0.8449445196858297,0.9672907710218425
PC,632.7361466855751,-0.2006210892154584,1.0266163518754932,-0.19541972894640733,0.8450643728810235,0.9672907710218425
CSRP3,49.799623094232295,0.2955084474382658,1.515011793982271,0.19505356236304253,0.845351016111687,0.9672907710218425
SLC7A1,92.08008639729869,-0.1989672633826192,1.0204946667928527,-0.1949713897162453,0.8454153454755575,0.9672907710218425
CDC7,76.397686864996,-0.2495612572327955,1.281131690946526,-0.19479750520293085,0.8455514754378444,0.9672907710218425
SLAMF8,25.313820603292843,-0.3017194643002165,1.5549496769019362,-0.19403808932348143,0.8461460576784916,0.9672907710218425
ZP3,58.563835811250264,0.1815451303679175,0.9363232189648636,0.1938915181112583,0.846260825239526,0.9672907710218425
MSH2,192.53634996504522,-0.19258382089866008,0.9939646559145243,-0.19375318805623737,0.8463691428367749,0.9672907710218425
GSS,134.28872452525113,0.16820997309368105,0.8698319953353133,0.19338214045441898,0.8466597012931102,0.9672907710218425
PNMA1,20.492928373248795,-0.27774207678357055,1.443808990341576,-0.1923676044695236,0.8474542663582392,0.9676859992243101
ZSWIM4,28.53795545311013,0.29801408585459255,1.559332304360045,0.19111647018490935,0.8484343441291771,0.9678190399987117
BZW2,106.92446259598923,-0.236063572052432,1.2366045460410182,-0.19089657466341045,0.848606623848481,0.9678190399987117
MRPL9,95.69551141868939,0.23127145265988397,1.214019280180062,0.19050064231729666,0.8489168399061485,0.9678190399987117
COPS5,143.4522381683803,-0.1432973664188229,0.7563338501289165,-0.18946311393361276,0.8497298623022198,0.9682341854125136
NUP62,167.42555140262468,-0.1411721040252564,0.7535829814530782,-0.18733451723265393,0.8513983611775864,0.969623160010588
ZNF681,62.75321230310386,0.18150790807893494,0.9777185545838293,0.1856443321321591,0.8527236858027617,0.9698570857071747
PRIM1,31.923763805360686,0.26750845543121443,1.4439220870814162,0.18526515926626366,0.853021063822095,0.9698570857071747
MAFB,38.80111582303708,-0.19503472571397537,1.0530716177477812,-0.18520556667465676,0.8530678030514851,0.9698570857071747
CD47,128.82234796246578,0.142263542962503,0.7741334880444122,0.18377133292849013,0.8541928461022912,0.9698570857071747
UBE2C,49.831130234426915,-0.25724958077053584,1.4021494254428262,-0.18346802138387738,0.8544308081096654,0.9698570857071747
CSNK1E,137.27168809894235,0.10688061125831914,0.5859371003773866,0.1824097009550687,0.8552612132629004,0.9698570857071747
GTSE1,66.4092279001742,0.2208547345111646,1.2180337150594707,0.18132070712047682,0.8561158534826321,0.9698570857071747
MASP1,414.3442776002925,0.16487617050071862,0.9095056509244838,0.18128108421660405,0.8561469526476833,0.9698570857071747
GBA3,49.21785690401483,-0.2530991377711307,1.3963210423169867,-0.18126142205172988,0.8561623851409359,0.9698570857071747
CA5A,190.48129125489316,0.13370703928819697,0.7425983521852356,0.18005297061963416,0.8571109831246956,0.9698570857071747
GINS1,37.61011206978207,0.22183184655627905,1.2342859307632223,0.17972484416079265,0.8573685882042601,0.9698570857071747
LRRC31,43.13541918667375,-0.24620238700247812,1.3740375684096098,-0.17918169973143233,0.8577950326770534,0.9698570857071747
UBAP2L,1167.7462620805306,-0.13252834184263945,0.739657350645343,-0.1791753191217662,0.8578000425964676,0.9698570857071747
INAVA,94.22804832930537,-0.17480791188524114,0.9817938762056785,-0.1780495031816843,0.8586840988813952,0.9698570857071747
RBP5,42.97121599521533,0.19955458939618598,1.1264982360817688,0.17714594040580545,0.8593937572813336,0.9698570857071747
FMO3,446.2520005073468,-0.17507689671830876,0.9887941387346781,-0.17706101792062393,0.8594604612684024,0.9698570857071747
CPA4,30.336087140516717,0.1232258539274131,0.6969433348282399,0.17680899977009154,0.8596584196385787,0.9698570857071747
CSE1L,319.3964083275051,-0.18380996349322337,1.0398861668293156,-0.17675969674033898,0.8596971478313018,0.9698570857071747
ZCCHC24,81.4637013567735,-0.15238462751118753,0.8787462926316121,-0.17341140302832572,0.8623280625724494,0.970039340756349
SRD5A2,23.056371184361517,0.2708877797985256,1.5642267902990765,0.17317679346658707,0.8625124641591773,0.970039340756349
EGLN2,14.533168636969073,-0.25426212534735965,1.468787319338738,-0.1731102399916081,0.8625647761213957,0.970039340756349
DSG1,119.02388512541059,-0.2045910961753387,1.18434740942364,-0.17274584682454153,0.8628512049251824,0.970039340756349
C7,1487.6547485684337,-0.1398536718638854,0.8119328867181675,-0.17224782263614652,0.8632427026505038,0.970039340756349
CES1,2850.68332522191,-0.15312853341578736,0.8895385489693148,-0.17214378577883263,0.8633244904582573,0.970039340756349
GIMAP5,6.110854435570563,-0.34846105498145,2.026099093088176,-0.17198618575477786,0.8634483893441669,0.970039340756349
TMEM165,197.40985922143284,-0.17574150989119963,1.0257550317252244,-0.17132892791724239,0.8639651355518527,0.970039340756349
TAF2,524.4569760064606,-0.17778086431961726,1.0510173247877788,-0.16915122151341772,0.8656776964107612,0.970039340756349
ATP4B,9.069493205729605,-0.3089681966586419,1.8289543369343584,-0.16893160776038052,0.8658504370856521,0.970039340756349
GTF3C2,134.92643697399083,-0.16006356136618174,0.9492205795477182,-0.16862630753586103,0.8660905864570233,0.970039340756349
ANK3,651.3379300532443,-0.13890533029526428,0.8264552786183222,-0.16807361981822883,0.8665253624396446,0.970039340756349
MRTO4,81.76417245565689,-0.16105956871521163,0.9584218414270957,-0.1680466384983391,0.8665465885345061,0.970039340756349
PGD,237.90068530127405,0.1720054885701883,1.0248551767683984,0.16783394617038547,0.8667139160941628,0.970039340756349
TEK,161.69262134534458,0.19714963780255182,1.1776378072562652,0.16741109752741673,0.8670465938369939,0.970039340756349
FCGR2A,124.1653034069904,-0.16287324527411623,0.9767267981324911,-0.16675414822807266,0.8675634978387445,0.970039340756349
KIF20A,77.22145979690022,0.2273669612260469,1.3648130613762228,0.16659201736886894,0.8676910751406134,0.970039340756349
KIF23,111.64207288495582,0.19091302407068983,1.1482910281938048,0.16625839563597825,0.8679536057764272,0.970039340756349
IGF2BP3,106.44378416062152,0.1980445640404958,1.2049759091107033,0.1643556211730878,0.869451197592135,0.971209856657812
RBM28,302.38674566856014,-0.12446933495064098,0.7619885583124903,-0.1633480366506977,0.870244413997361,0.9715927541368051
BCL2L14,30.186911229920128,0.18158874760763602,1.1178185325796905,0.16244921900567108,0.8709521143723787,0.9718798296436735
MYH2,316.05076843250146,0.22214289090689124,1.3901669150050027,0.15979584070743894,0.8730419006148591,0.9727689931103075
FAM13A,162.00164811091142,-0.15898690505576166,0.996476523474462,-0.15954907246727143,0.8732362991964039,0.9727689931103075
NUP155,389.1082154785857,-0.13278713078561766,0.8325076026734203,-0.15950260437165997,0.8732729065947993,0.9727689931103075
HSD17B6,837.5633063270017,-0.1582309894487965,1.0039090707923457,-0.1576148617961097,0.8747602919412026,0.9727689931103075
KIF15,90.11944546743123,-0.2168784321091434,1.3772922380635975,-0.15746725793943586,0.8748766103221517,0.9727689931103075
ACOX2,159.9902767080333,0.16697985756533068,1.0764687522364744,0.15511816503582931,0.8767281618890256,0.9727689931103075
NBAS,616.1621782062955,-0.15336954672585962,0.9897771202782089,-0.15495361893468518,0.8768578822888197,0.9727689931103075
TMPO,258.9124452294393,0.11811427421528022,0.7654804806501715,0.15430083091727986,0.8773725421858909,0.9727689931103075
NR1I3,125.84387971811095,-0.1460415461396069,0.9464939380789316,-0.15429739194740408,0.8773752536168136,0.9727689931103075
GPR88,18.202782959910785,0.20920262502683645,1.3577431556608928,0.15408114867278072,0.8775457519507829,0.9727689931103075
S100A8,6.702875799962201,0.2586210336612283,1.6861130138835192,0.1533829770197684,0.8780962684063208,0.9727689931103075
RGS2,168.27493727785125,-0.1660302833787355,1.088760104441015,-0.1524948266394991,0.878796670463261,0.9727689931103075
CELF2,138.92961545709628,-0.14082688032566767,0.9237737232857761,-0.1524473762089267,0.8788340929033971,0.9727689931103075
SRI,58.16501854311079,0.16924230417626715,1.1169442944389436,0.1515226005619912,0.8795634839902295,0.9727689931103075
TRIM26,218.05925977890712,-0.13256270394131553,0.8801404847766316,-0.15061539178595817,0.8802791190183418,0.9727689931103075
HS1BP3,48.306913829275125,-0.17882974281925418,1.1906870951912043,-0.15019037624703335,0.8806144184158748,0.9727689931103075
PAG1,106.837980985736,-0.13380900586937244,0.8928974230258901,-0.14985932585169146,0.8808756025179243,0.9727689931103075
VNN2,102.52227572244477,-0.1982986157129783,1.3266722041618093,-0.1494706944872364,0.8811822319873501,0.9727689931103075
NME2,0.07848428819980947,0.45117691190589776,3.0274139506676385,0.14903046602080938,0.8815295929945253,0.9727689931103075
SLPI,41.83510863397783,-0.2166390069735463,1.4598267672945155,-0.1484004895834603,0.882026713718593,0.9727689931103075
PNP,69.1187313790406,-0.18607492425051306,1.2609247356942426,-0.1475702069942054,0.8826819689981136,0.9727689931103075
NUF2,86.01500221376847,-0.19428205656606023,1.3174554153877966,-0.14746765188169406,0.8827629106110472,0.9727689931103075
CASC3,333.6689729841953,-0.07331687812142053,0.49898238513496396,-0.14693279824214617,0.8831850636167573,0.9727689931103075
BCLAF1,607.157880302704,-0.12201703916479782,0.8367916054196267,-0.14581532411956957,0.8840671783082282,0.9727689931103075
RNASE6,19.258207120985524,-0.1968699458673271,1.3564548928780622,-0.14513563768391716,0.8846037813671411,0.9727689931103075
DKC1,213.61047493351623,-0.14321463259904157,0.9888232684409389,-0.14483339659355476,0.8848424135541164,0.9727689931103075
EIF2D,120.45687959139487,-0.1281221128374623,0.8873555525823645,-0.14438644404106546,0.8851953207309122,0.9727689931103075
GNPDA1,66.3028261601499,-0.1606075773663084,1.1225259421189604,-0.14307694044302802,0.8862294164157245,0.9727689931103075
CCNE1,27.920687642219164,0.1797668750297822,1.268005230200856,0.14177139868840016,0.8872605763805445,0.9727689931103075
OASL,45.754251223504234,0.19035333249366013,1.3532517519999554,0.14066365124769956,0.888135661623633,0.9727689931103075
VCP,608.4512822450032,-0.12746942679163026,0.9075371199676767,-0.14045643311666445,0.888299372528061,0.9727689931103075
IGFALS,50.204626196094935,-0.1800447039035545,1.282578363543461,-0.1403771566878249,0.8883620054502266,0.9727689931103075
RBX1,63.78505957525943,-0.17394810643213374,1.2443511489552057,-0.13979020839751363,0.8888257498967554,0.9727689931103075
FABP5,56.47997169605619,-0.18260473591140647,1.3125983834190427,-0.13911698979527884,0.8893577028598387,0.9727689931103075
PPARG,97.64063392782236,-0.15245278776165802,1.10597281578415,-0.13784496832642934,0.8903629439799575,0.9727689931103075
UGT1A10,6.169864924363019,0.22193566190597463,1.6150401649583315,0.1374180449015029,0.8907003685835254,0.9727689931103075
SERPING1,4986.359501505061,-0.11815079844107529,0.8603575364910272,-0.13732755677709751,0.8907718896200727,0.9727689931103075
SAR1B,413.9511628616156,-0.08730883145012854,0.6361477161050708,-0.13724616034887716,0.8908362254173408,0.9727689931103075
CCL14,0.03633479558239186,-0.41762935471926765,3.046075075975411,-0.13710409110173846,0.890948518777448,0.9727689931103075
PSD3,293.74910397550764,0.1095550171078346,0.8002643536967148,0.13689853434275784,0.8911109973547355,0.9727689931103075
DNASE1L3,88.42053480715204,-0.16078371687587373,1.1757046207116837,-0.13675519687806217,0.8912242985360038,0.9727689931103075
EZH2,210.91090567607546,-0.14560812549492708,1.0669971259881277,-0.13646533992308732,0.891453422916823,0.9727689931103075
RBM41,56.77197174530605,-0.15464882543693576,1.1356693329605714,-0.13617416702957225,0.8916835966378945,0.9727689931103075
QDPR,147.79905894158375,-0.15996238077800318,1.1769845543092472,-0.13590864909173125,0.891893497936378,0.9727689931103075
BARD1,157.7654249331979,0.15980459087826857,1.1851059609882415,0.1348441372660129,0.8927351080091737,0.9727689931103075
ARG1,634.781603194502,-0.14473032100761593,1.0774240690976253,-0.13432994970015089,0.893141671421791,0.9727689931103075
TSPYL2,285.9364153331449,0.09256218089866362,0.6982140169251518,0.1325699264908717,0.8945335176306242,0.9727689931103075
IDH3A,101.3206439341675,0.124791452267138,0.9415911435876083,0.13253252552022018,0.8945630982794268,0.9727689931103075
OAT,123.43443630953507,-0.14824174643774823,1.122932151837858,-0.1320130928615116,0.8949739357811158,0.9727689931103075
SCGN,37.565199703931945,-0.17108372862249852,1.304429942565779,-0.13115593489519364,0.8956519536219414,0.9727689931103075
HAO2,82.29809514363748,-0.1609481048708434,1.22827050801372,-0.13103636684326023,0.8957465388420216,0.9727689931103075
CD8A,126.65721730295019,-0.14105705837776622,1.0789813212567163,-0.13073169627577386,0.8959875575157804,0.9727689931103075
CDK1,28.287728051768404,-0.18230143479522332,1.4004570840852657,-0.13017281062510877,0.8964297054995931,0.9727689931103075
PMVK,64.3112055592365,0.15896623899590398,1.2322728334661464,0.12900246980919194,0.8973556945352412,0.9727689931103075
ST3GAL6,104.63766372221305,-0.12188314728214239,0.948123669199992,-0.12855195080720322,0.8977121884285094,0.9727689931103075
PRKCD,106.80778788709338,-0.11839633175033229,0.9316804013479758,-0.12707826801876895,0.8988784516073081,0.9727689931103075
FLT4,268.57656923821423,-0.12087160534964243,0.9541203796610477,-0.12668381047743912,0.899190659956206,0.9727689931103075
CKLF,0.0016146066641600212,-0.38857956398374977,3.074686691390169,-0.12638021463190446,0.8994309630049478,0.9727689931103075
SPATS2,275.77654287932313,-0.08780285720563183,0.6955993500808424,-0.12622619212543457,0.8995528788649192,0.9727689931103075
PTBP2,128.89274656943257,0.10319933110132751,0.8182378262241621,0.12612388207173314,0.8996338632631523,0.9727689931103075
AFP,118.28060945860044,-0.15753876662554575,1.2556830795215042,-0.1254606111962408,0.9001589063092127,0.9727689931103075
GLRA2,158.35200875422555,-0.05529423177164766,0.4459802521485985,-0.12398358785003756,0.9013282697893992,0.9727689931103075
ZNF384,176.95850322959464,-0.11492800369214921,0.927080258505647,-0.12396769604111807,0.9013408525476194,0.9727689931103075
SLCO1B1,382.8053800180212,-0.14120650839616378,1.1401467004204289,-0.1238494207316426,0.9014345009172395,0.9727689931103075
SRD5A1,86.8128964878162,0.12739770791243724,1.0287240647640512,0.12384050522008276,0.9014415601226108,0.9727689931103075
IGLL1,171.29676769049414,-0.13601944485057257,1.1039324780234818,-0.12321355477656243,0.9019379921982295,0.9727689931103075
ATP2C1,560.4016123426763,-0.12230614455165942,0.993839285020995,-0.12306430868153465,0.9020561739414248,0.9727689931103075
KIZ,109.4116996270173,0.1390122450222858,1.1345729412402399,0.12252385013723915,0.9024841586116593,0.9727689931103075
PRAP1,26.128766309503984,0.15249429181969615,1.2506304811317934,0.12193393182108606,0.9029513424144804,0.9727689931103075
IGFBP3,515.4687367752504,-0.11465001320453332,0.9438440745047402,-0.12147134924239811,0.9033177066295531,0.9727689931103075
GCNT2,75.54073544903792,0.13290322793549703,1.1074714099840335,0.12000601255919836,0.9044783850491092,0.9734116376614652
SPACA3,15.862393320284403,-0.2184482739167117,1.835060353828626,-0.1190414655632151,0.9052425045593507,0.9734116376614652
ABCB4,557.7538219095536,0.10907480341463859,0.9165264932716498,0.11900889304932491,0.905268310222021,0.9734116376614652
CMBL,216.42222258903695,-0.09816231014495813,0.8469643548605814,-0.11589898628156152,0.9077325991129499,0.9754746474091495
PARD3,297.7091695274708,-0.11474912684643647,0.993960963667503,-0.11544631131492003,0.9080913732023977,0.9754746474091495
PSMD11,146.5907362773731,-0.08689366267110599,0.7574450295651415,-0.11471943082258089,0.9086675120412753,0.9755758453763971
MLLT11,25.25173984126966,-0.13978380645774036,1.2241736723432834,-0.11418625446352688,0.9090901479863506,0.9755758453763971
FBL,192.36298342525046,-0.09779600193829102,0.8738589563238994,-0.11191279923443677,0.9108925480376058,0.9770239811621659
BUB1B,232.65308947913834,0.1209305751032055,1.0879125264554106,0.11115836260955304,0.9114907687735722,0.9771797158273334
NUDT7,13.255476651894954,-0.1751309532736132,1.5845171072282271,-0.11052638843386628,0.9119919231282834,0.9772312857365659
SALL1,354.0360705037593,-0.10501077529709908,0.9639012266674378,-0.10894350208491804,0.9132473022910806,0.978090581450775
ASPA,80.4008397018458,0.1177043925931098,1.1174862961554521,0.10532960717107183,0.9161142705136676,0.9806741843662437
UBE2T,31.178423198879567,0.14584426956622007,1.3991825233705348,0.10423534251620811,0.9169825874509085,0.980845343845671
NCS1,37.14287685968423,-0.12441325405706835,1.1964881184585425,-0.1039820221678024,0.9171836154551315,0.980845343845671
TMOD1,100.02177514211505,-0.13560870095812266,1.3192382510638274,-0.10279318451293272,0.9181271145816162,0.9811635612559302
KATNB1,70.08528658254625,-0.11773207399953907,1.1549062425939556,-0.10194080667111916,0.9188036596202407,0.9811635612559302
ALDH1A1,1451.6806699493886,-0.09063114515699047,0.8895198544371717,-0.10188771470911771,0.9188458014543249,0.9811635612559302
ZNF185,50.79492686442345,-0.13672668834662047,1.3588176844602857,-0.10062180519892738,0.9198506865097773,0.9817505842660017
GRK4,99.89334361353377,0.09004426342609292,0.9014645938396524,0.09988663342013575,0.9204343282612656,0.9818876587831601
IGFBP6,39.56984848096072,0.12321217991423748,1.2478877602644618,0.09873658820736045,0.9213474176028832,0.9819748624817154
CDC6,146.36454300215917,-0.10998421575771078,1.1282296149216449,-0.09748389361801067,0.9223421243374281,0.9819748624817154
C1R,1105.0518863731445,-0.07622131577714122,0.7826011316454797,-0.09739484482584375,0.9224128385004025,0.9819748624817154
SPP2,88.85489909967703,-0.1302208193029993,1.362731075977296,-0.09555870677537032,0.9238710622778952,0.9819748624817154
CNOT6,210.14223882162364,-0.05978111383744258,0.6260686290021888,-0.09548651867882295,0.9239283978666954,0.9819748624817154
TRIP10,178.68622159469876,0.06949977507919458,0.7295260672939544,0.09526702087149741,0.9241027370139546,0.9819748624817154
UGT2B7,717.8162887074511,-0.09408286646916082,0.9908575394037415,-0.09495095180461172,0.9243537856123231,0.9819748624817154
KCNJ8,109.64704128764288,-0.11105322198968484,1.186555407171993,-0.09359295092200233,0.9254325093843946,0.9819748624817154
KIF2C,110.96120832990854,-0.12281975345840636,1.3196333671551892,-0.0930711184752596,0.9258470619381549,0.9819748624817154
FHOD3,179.65461682584424,0.10605184446150387,1.1421191146617518,0.09285532752239421,0.9260184958250728,0.9819748624817154
SLC16A2,131.05909431940094,-0.08905386252678894,0.9592962052360692,-0.09283249745043456,0.9260366332460949,0.9819748624817154
LPCAT1,151.18315874343446,-0.10665556322432299,1.1537699857984907,-0.09244092369980467,0.9263477261948994,0.9819748624817154
STAM2,208.06369603002275,0.09136113244718232,0.9894858897304156,0.09233192044009193,0.9264343278397268,0.9819748624817154
CSTA,32.901909412609726,-0.1252567523691127,1.3820750125144616,-0.09062948916298569,0.9277869993862152,0.9828446619019833
PROCR,45.09700650946359,-0.09169346503046535,1.0211363178342947,-0.08979551841318893,0.9284497095926394,0.9828446619019833
APOC4,0.006768800112640815,-0.27461508526643774,3.068567881456685,-0.08949291522144029,0.9286901838269139,0.9828446619019833
PLGLB2,86.44076328717989,-0.10338412421547732,1.1615476970313494,-0.08900549196533515,0.9290775454882447,0.9828446619019833
SLC10A1,86.64907169407508,0.10053473224803769,1.144249527699879,0.0878608466198175,0.9299872760835612,0.983024110128429
RLF,205.3373446880519,-0.09359772684539844,1.0707341080899915,-0.08741453750115513,0.930342014357018,0.983024110128429
TROAP,73.3701532128898,-0.10812127223607607,1.2417474846480707,-0.08707186732632617,0.9306143870571405,0.983024110128429
C3P1,89.26998979510724,-0.08683316580344604,1.0289514004958487,-0.08438995832223115,0.9327463909048967,0.9847939134517192
CYP3A4,1142.1901243872385,-0.07559819529700278,0.9036012927533431,-0.08366322171435725,0.9333241994075223,0.984921867965766
DBNDD2,2.0465676476546513,-0.22357815760264985,2.702276592387581,-0.08273696269008077,0.9340606936390207,0.9852170739263412
NGF,20.417301207419897,-0.1358501841531348,1.6917144239101256,-0.08030326054626818,0.9359960650502683,0.9865853739205678
RALB,53.26432473160099,0.09121501232765204,1.1680535482415988,0.07809146461219021,0.9377552967140274,0.9865853739205678
SMCP,10.64175368840051,-0.15544272683783464,2.0039305207879208,-0.07756892029206505,0.9381709658801277,0.9865853739205678
SLC38A6,118.79200190080194,-0.0933151293472658,1.2090044398888156,-0.07718344637001283,0.9384776102426937,0.9865853739205678
FGFR3,311.8090910716509,-0.07187276182974314,0.9343693155570827,-0.0769211495209383,0.9386862725081858,0.9865853739205678
MTHFS,11.59728111486946,0.11562303354921408,1.5346697957670556,0.07534065886233435,0.9399436722967847,0.9865853739205678
ACADS,103.19167486577402,-0.08819537049684063,1.1758592945849982,-0.0750050375100091,0.9402107038320505,0.9865853739205678
PMEPA1,46.39201451895343,-0.07284860810157764,0.9733127574617388,-0.0748460425932939,0.9403372078359943,0.9865853739205678
BPI,35.61842496578855,0.14028113032307116,1.9558930613551406,0.07172229049469472,0.9428229165941121,0.9865853739205678
SULT1A1,291.6968338727287,0.05911003332596473,0.8249910154937925,0.07164930552678182,0.942881000738311,0.9865853739205678
WSB1,385.36750632732844,0.05726532242360824,0.8041175083896106,0.07121511697748294,0.9432265503560453,0.9865853739205678
LHCGR,26.72563262309417,0.12062300198794444,1.6947027700076078,0.07117649426359464,0.9432572888201265,0.9865853739205678
ZC2HC1A,98.0709669757918,0.08689545074972337,1.2328142554303454,0.07048543636396407,0.9438072918164443,0.9865853739205678
IRF1,94.98919818811139,-0.0637562331224915,0.9148115078753496,-0.0696933002849575,0.9444377744149731,0.9865853739205678
IL6R,185.84395753610315,0.061781668277761284,0.8881487866508927,0.0695622954243206,0.9445420481029991,0.9865853739205678
FCHO2,235.2739750687582,-0.07432850033432264,1.0727076876312744,-0.06929054503044807,0.9447583516228375,0.9865853739205678
RPS2P45,0.12422581359296157,0.21082397751562146,3.044147355579278,0.06925550996380832,0.9447862385699813,0.9865853739205678
TMEM204,19.89925594088119,0.09851973219091868,1.4309171585948117,0.0688507588291603,0.9451084142119436,0.9865853739205678
POU2F2,120.14795446147257,-0.06402728329886277,0.9311268162322448,-0.06876322557000965,0.94517809051476,0.9865853739205678
RPS6KA5,246.56648470727524,-0.04681474866338465,0.6924407893349449,-0.0676083058427969,0.9460974434239618,0.9865853739205678
TFIP11,56.89433735074159,-0.06811670333626553,1.0090973433260142,-0.06750260892745083,0.9461815851411225,0.9865853739205678
TXN2,58.282796774694994,0.058930840350618414,0.873310400071581,0.06747983345416261,0.9461997159989468,0.9865853739205678
EDNRB,164.5194147853156,0.07015057360331031,1.041279175482988,0.06736961158449327,0.9462874606524392,0.9865853739205678
CHD7,710.1722829430392,-0.030314936828506445,0.45043871732099533,-0.06730091278299945,0.9463421502425176,0.9865853739205678
RPL17,0.1451874746253932,0.20058851069562722,3.009405469736115,0.066653866590206,0.9468572617166824,0.9865853739205678
EIF2B4,266.2483701865171,-0.05879832537650829,0.8887222238269521,-0.06616052102682336,0.9472500275333778,0.9865853739205678
ENTPD5,348.0259149281915,-0.04917544928306043,0.7549921119897154,-0.0651337259053778,0.9480675280452948,0.9869602596494694
ECI1,150.73385623501275,0.06778461287251525,1.0598918035876714,0.06395427593936318,0.94900663474494,0.9874613174842428
EIF4A3,172.66917718521705,-0.0556145034267396,0.893849322134697,-0.06221910343224367,0.9503883496235886,0.9879824364333317
PTTG1,42.59449512794904,-0.07911816441104598,1.2725092014961812,-0.06217492519348468,0.9504235306440256,0.9879824364333317
CD24P2,0.14423657050880084,-0.18649971125643477,3.030849101933022,-0.061533816097109076,0.9509340840710029,0.9880370035362009
AURKB,27.888879182191218,-0.0827992995917171,1.3642130873036544,-0.060693817089358525,0.9516030558526662,0.9882560382639388
WASHC5,525.5841761746183,0.05670549705612391,0.9638330210406622,0.05883332052153422,0.9530848684785567,0.9884886768353238
ADH1A,1049.4915763017177,0.060803896778931006,1.0411750397643742,0.05839930314953708,0.9534305698328536,0.9884886768353238
GALNT7,128.64646687392892,-0.07122320751867005,1.2252534235258625,-0.058129368301386895,0.9536455814166186,0.9884886768353238
RND3,87.96937906612104,-0.06950556795704585,1.1960811075855775,-0.058111082531309734,0.9536601467289332,0.9884886768353238
CDKN3,43.00637022521413,-0.09951722953451043,1.755773015039616,-0.05668000856720366,0.9548000992623942,0.9891949155182442
ADSL,49.86068473524435,0.04824679715616478,0.8652780000897218,0.05575872396057915,0.9555340172663814,0.9894800169196278
AQP7,58.71428167041817,-0.05197965046263139,0.9684332472053536,-0.05367396319016425,0.9571949272547524,0.9907243081038872
MYO1E,515.2317776221264,0.045538037127315224,0.8717418477201883,0.052237984497828106,0.9583390669839491,0.9914327901603733
ARHGAP6,46.58200653977383,-0.06320724273727274,1.2505103132535136,-0.05054515909814721,0.9596879636158248,0.9914956936793565
HMBS,84.60221461239014,0.06477167744571041,1.2981717949174432,0.049894534528713556,0.960206432695056,0.9914956936793565
ASNS,0.04990079606588755,0.14999889712474243,3.0378146681318254,0.04937723775525375,0.9606186676704316,0.9914956936793565
RASSF5,74.37974576339187,-0.05708248394295406,1.1627704333579991,-0.04909179172891752,0.9608461447733608,0.9914956936793565
RAD51AP1,28.756559104634793,0.07582700490401986,1.5538214328271636,0.048800334003665624,0.9610784159968719,0.9914956936793565
SERPINB8,14.311213903620683,0.06685596044385622,1.372793942192862,0.04870065228949248,0.9611578560424361,0.9914956936793565
TRIB3,50.21265343152268,0.055809837019808996,1.192083158903328,0.046817066915995985,0.9626590265162558,0.9922635311406731
AMT,14.67650593077426,0.05489572357931031,1.1777093081217356,0.046612286411203206,0.9628222395352011,0.9922635311406731
CDCA7,48.69698420141368,0.0794006324443176,1.7738183779879626,0.04476254921565393,0.9642965765504465,0.9931277064980985
P3H4,75.27866111224495,-0.03911533166242731,0.8808777251449906,-0.044404950364693364,0.9645816157225389,0.9931277064980985
TMEM185B,20.64412660352315,0.043788113474831886,1.000327084937731,0.04377379572558273,0.9650847150379745,0.9931716270691369
ASRGL1,28.090403673728776,0.0612789103136823,1.4680786305526834,0.04174089114737186,0.9667052559298104,0.9939369598211195
CYP1A1,39.04486843743735,-0.05724752191498935,1.3875925136779388,-0.0412567243990454,0.9670912326011907,0.9939369598211195
GLIPR1,37.76844466921528,-0.04554297254410297,1.127601959399128,-0.04038922792256562,0.9677828181155513,0.9939369598211195
CORO1A,164.31595683568662,-0.03771593830172722,0.9483469554411206,-0.039770189681458686,0.968276342608878,0.9939369598211195
ASS1,1073.4545304207234,-0.032888234993775904,0.8292437434565885,-0.03966051628763073,0.9683637803311365,0.9939369598211195
TES,126.62942721901835,0.03328328711443947,0.8471136687445256,0.03929022555351674,0.9686589994788516,0.9939369598211195
CDH17,70.23868231697854,0.05202791938319287,1.3472163448764936,0.038618830287397196,0.9691942890927087,0.9939369598211195
GLS2,6.147403611671058,0.06557417632781233,1.7770057488979094,0.036901499259910174,0.97056354432652,0.9939369598211195
VMP1,1595.3869683192763,-0.024908410077186815,0.6762161225072308,-0.03683498403562607,0.9706165797401234,0.9939369598211195
PSMD14,139.14740856825696,-0.037615832905991894,1.030015506798057,-0.03651967631334582,0.9708679897440032,0.9939369598211195
FOLH1B,144.72696193964006,-0.04640497397406039,1.284520209866435,-0.0361263089654974,0.9711816444955576,0.9939369598211195
GTF2B,57.99800959550361,-0.04503455617433926,1.2542630729306385,-0.03590519177855896,0.971357956097784,0.9939369598211195
CDA,27.158126159097147,0.053526967935867,1.591905542126958,0.03362446233106845,0.9731766151757416,0.9953257273276789
DDX39A,70.71875829795705,-0.03579877415883858,1.1393740340573182,-0.03141968580006946,0.9749348419027257,0.9966513999925021
HSPBP1,53.22746414769531,-0.031301278761980814,1.0323711386570655,-0.0303197925531881,0.9758120116537434,0.997075560936582
FUT4,47.392077704943404,-0.03134509790089246,1.05435272741999,-0.02972923300307116,0.9762829976561269,0.9970844819811864
GYPC,60.97428093545729,-0.0336755283602236,1.226164506532498,-0.02746411935822175,0.9780895576495469,0.9981382275769154
HYDIN2,481.03762370468445,-0.024793951633823832,0.9954983654757282,-0.02490606965685505,0.9801298858511367,0.9981382275769154
TRIP13,44.74573221255086,0.03390405563193477,1.3848440092202148,0.024482219951274975,0.9804679658883372,0.9981382275769154
LYAR,105.06144112269736,0.02774890638585451,1.1758578516055456,0.02359886133172089,0.9811725804250679,0.9981382275769154
PCK1,1629.4260803961095,-0.02229264386090315,0.970276202179498,-0.02297556490701097,0.9816697641828657,0.9981382275769154
DHRS1,77.95096706858656,-0.02241484415173669,1.011930321133652,-0.022150580611741764,0.9823278388646264,0.9981382275769154
SNX7,103.95395097974162,-0.025150192373874763,1.1394914473278035,-0.02207141829177738,0.9823909858194637,0.9981382275769154
ALS2,381.3774665886786,-0.020172045292122763,0.9413083740511088,-0.02142979479222981,0.9829028062122341,0.9981382275769154
PHF20,272.0208210030881,-0.01586980723441951,0.760346430810136,-0.020871811310418736,0.9833479130399361,0.9981382275769154
RFC4,89.6202614526834,0.025410270592306203,1.2599517661314426,0.020167653457342997,0.983909631436811,0.9981382275769154
SNAI2,50.99546257789,-0.021916880871875957,1.0914621219288025,-0.02008029452560849,0.983979319667267,0.9981382275769154
SFT2D1,62.57858344960545,0.022082830542353847,1.1000747213466178,0.020073936900687917,0.9839843912957688,0.9981382275769154
MRPS27,140.2188327308432,-0.01836977368596305,0.9325862365378169,-0.01969766758960542,0.9842845514137188,0.9981382275769154
CRYM,79.82092568268254,-0.0233751350759649,1.1921134900920611,-0.019608145759813317,0.9843559657067973,0.9981382275769154
CDC25A,25.975033445568883,-0.030427105517845388,1.5680040217636388,-0.019404992012470725,0.9845180281091824,0.9981382275769154
G6PD,124.8205825368376,-0.016906830601542508,0.9415295346721344,-0.017956771379912067,0.9856733392864486,0.9981382275769154
ITGA9,403.88595652825876,0.01638271804697973,0.9270921585425969,0.01767107821592798,0.9859012532848257,0.9981382275769154
MTMR11,105.35903462248064,-0.017926001576350516,1.0905789631366192,-0.016437142272388478,0.9868856484982746,0.9981382275769154
TMCC1,84.6312855783936,0.01464397172565576,0.9677821311483767,0.015131475622802752,0.9879272899179034,0.9981382275769154
VPS35,321.7987640133507,-0.014161964178774853,0.9663516937850973,-0.014655082895652554,0.9883073541628633,0.9981382275769154
HIST2H2BF,325.5988396351652,-0.01400700687249372,1.014605196935878,-0.013805376628066836,0.9889852530140526,0.9981382275769154
LRRC1,59.99423955274425,-0.014025139253570532,1.020197645476479,-0.01374747267429749,0.9890314493007664,0.9981382275769154
PON1,333.903768601192,0.012875059160145403,0.9928508536747745,0.01296776762843259,0.9896535084048468,0.9981382275769154
RASSF8,102.5980510361201,0.013007077418079523,1.0772285228144887,0.012074575767912056,0.990366116513058,0.9981382275769154
COX7A1,21.553829681132772,0.015674695102070257,1.34847553504286,0.011624011481655877,0.9907255895607415,0.9981382275769154
IMPACT,230.93488891256968,-0.005317295170018371,0.5062597520820786,-0.010503096776210427,0.9916198953171932,0.9981382275769154
PRKG2,34.43269366612948,-0.015665106502378245,1.5340543138612566,-0.010211572276700389,0.9918524857377934,0.9981382275769154
GARNL3,136.55021970588703,0.011099141771082822,1.1022823511286246,0.010069236579646253,0.9919660473540324,0.9981382275769154
EXPH5,178.5012981113658,-0.008025024226533487,0.8583860016506695,-0.009348969124731099,0.9925407105371036,0.9981382275769154
MTHFD1,629.4127175243282,-0.007371113994431471,0.8229675296396984,-0.00895674948154832,0.9928536434246121,0.9981382275769154
TNXA,390.3265286773505,0.008371127096560108,1.0268687525034745,0.008152090592056247,0.9934956448212796,0.9981382275769154
ILF2,448.57739350432445,-0.007762082283094532,1.0792071036344328,-0.007192393616530377,0.9942613496554294,0.9981382275769154
WASF1,84.4684998523946,-0.007969930980584072,1.1234271095313997,-0.007094301813589369,0.9943396135936772,0.9981382275769154
PDCD10,171.1813290111831,0.007327532067764361,1.0415649544050443,0.0070351177204785505,0.9943868344893935,0.9981382275769154
TTBK1,79.50616224799131,-0.007190444742542702,1.1027260446887872,-0.0065206084296050145,0.9947973440750473,0.9981382275769154
IFNGR2,99.21326700033214,0.00565727539626939,0.8933105049025941,0.0063329327990901164,0.9949470844704301,0.9981382275769154
ATP6V1F,47.92780758703002,-0.008311015272069714,1.3517142557929902,-0.006148500126007781,0.9950942375870011,0.9981382275769154
ETFDH,262.5691851301724,0.006336146035197338,1.053085971482961,0.00601674146914591,0.9951993638402242,0.9981382275769154
GCKR,204.81879582338982,0.005799952358928257,0.9977214538670621,0.005813197998748307,0.9953617651914443,0.9981382275769154
TP53BP1,287.4255915729255,-0.004387224137489681,0.9677833695252382,-0.004533270849283042,0.9963829855680263,0.9986980017984353
PIPOX,312.66555885417216,0.002865921218285279,0.8507914555031839,0.0033685354968572014,0.99731230261744,0.9990863724325644
ROBO1,633.1512473643872,0.002865530804811486,0.99269798034633,0.002886608879582657,0.9976968225404468,0.9990863724325644
RORC,116.69611755546514,-0.001258832495736735,1.1763924812365907,-0.0010700786649141837,0.9991462009173635,0.9995411093094786
CD24,271.8140193550879,0.0007632337676297662,0.9152721998979342,0.0008338871952134868,0.9993346543585979,0.9995411093094786
PFDN4,98.55710190371809,0.0007474608094270433,1.2996284716315838,0.0005751342216200171,0.9995411093094786,0.9995411093094786
PRG2,0.0,0.0,0.0,0.0,,1.0
RPS11P1,0.0,0.0,0.0,0.0,,1.0
