gene,padj,fold,model
CAMK1G,0.0002346121904188318,1,RF_max_depth=2_min_samples_leaf=5
EFHC2,0.0031374001214932636,1,RF_max_depth=2_min_samples_leaf=5
CABP2,0.004218217529974291,1,RF_max_depth=2_min_samples_leaf=5
HNRNPCL4,0.004218217529974291,1,RF_max_depth=2_min_samples_leaf=5
MGAT4D,0.019711618421288726,1,RF_max_depth=2_min_samples_leaf=5
TRIM51CP,0.019711618421288726,1,RF_max_depth=2_min_samples_leaf=5
FAM47C,0.019711618421288726,1,RF_max_depth=2_min_samples_leaf=5
AC005696.4,0.019711618421288726,1,RF_max_depth=2_min_samples_leaf=5
KRTAP10-8,0.019711618421288726,1,RF_max_depth=2_min_samples_leaf=5
DEFB106B,0.019711618421288726,1,RF_max_depth=2_min_samples_leaf=5
DEFB106A,0.019711618421288726,1,RF_max_depth=2_min_samples_leaf=5
AC135731.1,0.019711618421288726,1,RF_max_depth=2_min_samples_leaf=5
AC127070.4,0.019711618421288726,1,RF_max_depth=2_min_samples_leaf=5
DEFB4B,0.019711618421288726,1,RF_max_depth=2_min_samples_leaf=5
WFDC5,0.019711618421288726,1,RF_max_depth=2_min_samples_leaf=5
DCDC2C,0.027057107307385093,1,RF_max_depth=2_min_samples_leaf=5
C2orf92,0.027385840492625924,1,RF_max_depth=2_min_samples_leaf=5
CSF2,0.03317754905023052,1,RF_max_depth=2_min_samples_leaf=5
AL117328.2,0.03317754905023052,1,RF_max_depth=2_min_samples_leaf=5
C8orf87,0.03317754905023052,1,RF_max_depth=2_min_samples_leaf=5
TAS1R2,0.03317754905023052,1,RF_max_depth=2_min_samples_leaf=5
AC092068.2,0.03317754905023052,1,RF_max_depth=2_min_samples_leaf=5
AL133245.1,0.03586210693144581,1,RF_max_depth=2_min_samples_leaf=5
OR52E6,0.038604436431056294,1,RF_max_depth=2_min_samples_leaf=5
AL353726.2,0.038629659973828924,1,RF_max_depth=2_min_samples_leaf=5
GPR6,0.038629659973828924,1,RF_max_depth=2_min_samples_leaf=5
KLF17,0.039947763987508066,1,RF_max_depth=2_min_samples_leaf=5
AC009086.3,0.039947763987508066,1,RF_max_depth=2_min_samples_leaf=5
AL139384.2,0.04422728165507532,1,RF_max_depth=2_min_samples_leaf=5
AC020917.4,0.04422728165507532,1,RF_max_depth=2_min_samples_leaf=5
AC017002.1,0.04422728165507532,1,RF_max_depth=2_min_samples_leaf=5
GP9,0.04422728165507532,1,RF_max_depth=2_min_samples_leaf=5
AC138647.1,0.058754469042218836,1,RF_max_depth=2_min_samples_leaf=5
LGALS14,0.07252118709399037,1,RF_max_depth=2_min_samples_leaf=5
AL162171.3,0.07741974148695221,1,RF_max_depth=2_min_samples_leaf=5
AC020908.3,0.08455257332165889,1,RF_max_depth=2_min_samples_leaf=5
AC005899.1,0.09002626812741678,1,RF_max_depth=2_min_samples_leaf=5
FAM47A,0.09125889972548598,1,RF_max_depth=2_min_samples_leaf=5
ATP5F1E,0.09125889972548598,1,RF_max_depth=2_min_samples_leaf=5
AC006538.1,0.09693472950570264,1,RF_max_depth=2_min_samples_leaf=5
OR5H2,0.09948872819526197,1,RF_max_depth=2_min_samples_leaf=5
CAMK2N2,0.09976288301590981,1,RF_max_depth=2_min_samples_leaf=5
TSPY2,0.13283227073027282,2,RF_max_depth=2_min_samples_leaf=5
LGI3,0.18427379154017176,2,RF_max_depth=2_min_samples_leaf=5
ATOH1,0.18427379154017176,2,RF_max_depth=2_min_samples_leaf=5
POU4F1,0.2371822219764822,2,RF_max_depth=2_min_samples_leaf=5
HAPLN1,0.2371822219764822,2,RF_max_depth=2_min_samples_leaf=5
KIR3DX1,0.2787111715702861,2,RF_max_depth=2_min_samples_leaf=5
TSPY9P,0.5016764055996401,2,RF_max_depth=2_min_samples_leaf=5
HOXA5,0.5069232359466297,2,RF_max_depth=2_min_samples_leaf=5
KCNJ10,0.5069232359466297,2,RF_max_depth=2_min_samples_leaf=5
LINC00304,0.5069232359466297,2,RF_max_depth=2_min_samples_leaf=5
AC135050.1,0.5069232359466297,2,RF_max_depth=2_min_samples_leaf=5
AC025430.1,0.5069232359466297,2,RF_max_depth=2_min_samples_leaf=5
AC064807.1,0.5723168173304156,2,RF_max_depth=2_min_samples_leaf=5
TBXT,0.5957011847396212,2,RF_max_depth=2_min_samples_leaf=5
CADM3,0.6240571435232605,2,RF_max_depth=2_min_samples_leaf=5
ZNF710-AS1,0.6240571435232605,2,RF_max_depth=2_min_samples_leaf=5
TSPY7P,0.6240571435232605,2,RF_max_depth=2_min_samples_leaf=5
AZIN2,0.6358078434146772,2,RF_max_depth=2_min_samples_leaf=5
OLFM3,0.6538460975620365,2,RF_max_depth=2_min_samples_leaf=5
TSPAN11,0.6538460975620365,2,RF_max_depth=2_min_samples_leaf=5
CCIN,3.556204501672295e-05,3,RF_max_depth=2_min_samples_leaf=5
FOXI2,4.30119628292221e-05,3,RF_max_depth=2_min_samples_leaf=5
TSNAXIP1,9.820043745730653e-05,3,RF_max_depth=2_min_samples_leaf=5
TRIM60,0.0001057561980992679,3,RF_max_depth=2_min_samples_leaf=5
EFHC2,0.00013254290395039013,3,RF_max_depth=2_min_samples_leaf=5
AC135731.1,0.00021077485487619576,3,RF_max_depth=2_min_samples_leaf=5
AQP12B,0.0005806761347163215,3,RF_max_depth=2_min_samples_leaf=5
SUN3,0.0007863187820017613,3,RF_max_depth=2_min_samples_leaf=5
SLC34A3,0.00111626315397771,3,RF_max_depth=2_min_samples_leaf=5
UBBP1,0.001417335229653906,3,RF_max_depth=2_min_samples_leaf=5
SPDYA,0.0014557504666834356,3,RF_max_depth=2_min_samples_leaf=5
AC139426.1,0.001965810460098856,3,RF_max_depth=2_min_samples_leaf=5
ZMAT4,0.001965810460098856,3,RF_max_depth=2_min_samples_leaf=5
C6orf222,0.001965810460098856,3,RF_max_depth=2_min_samples_leaf=5
DNM1P47,0.001965810460098856,3,RF_max_depth=2_min_samples_leaf=5
BSPRY,0.001965810460098856,3,RF_max_depth=2_min_samples_leaf=5
GRHL3,0.001965810460098856,3,RF_max_depth=2_min_samples_leaf=5
PADI1,0.0020987784117093354,3,RF_max_depth=2_min_samples_leaf=5
DEFB4B,0.0023265236672844144,3,RF_max_depth=2_min_samples_leaf=5
C3orf84,0.0023265236672844144,3,RF_max_depth=2_min_samples_leaf=5
CABP2,0.0023265236672844144,3,RF_max_depth=2_min_samples_leaf=5
MYF6,0.002393416775832938,3,RF_max_depth=2_min_samples_leaf=5
UMOD,0.0024370834868512638,3,RF_max_depth=2_min_samples_leaf=5
UGT3A2,0.0025324689231368265,3,RF_max_depth=2_min_samples_leaf=5
IRX6,0.0025324689231368265,3,RF_max_depth=2_min_samples_leaf=5
CCT8L1P,0.0025324689231368265,3,RF_max_depth=2_min_samples_leaf=5
C17orf78,0.00265201571097863,3,RF_max_depth=2_min_samples_leaf=5
TGIF2LX,0.002752915062437729,3,RF_max_depth=2_min_samples_leaf=5
OR10G9,0.002875224522415194,3,RF_max_depth=2_min_samples_leaf=5
ADAM6,0.0033334976973799202,3,RF_max_depth=2_min_samples_leaf=5
AC006538.1,0.003425993476437647,3,RF_max_depth=2_min_samples_leaf=5
NPY4R,0.004085390491956862,3,RF_max_depth=2_min_samples_leaf=5
HNRNPA1P9,0.004131978270379738,3,RF_max_depth=2_min_samples_leaf=5
NACAD,0.004204473090879509,3,RF_max_depth=2_min_samples_leaf=5
TNNC1,0.004204473090879509,3,RF_max_depth=2_min_samples_leaf=5
C2orf70,0.004436555200641601,3,RF_max_depth=2_min_samples_leaf=5
GPA33,0.004436555200641601,3,RF_max_depth=2_min_samples_leaf=5
SLC7A3,0.004438222826980152,3,RF_max_depth=2_min_samples_leaf=5
AP000552.3,0.004864663140060189,3,RF_max_depth=2_min_samples_leaf=5
DPPA3,0.004864663140060189,3,RF_max_depth=2_min_samples_leaf=5
AC004889.1,0.004864663140060189,3,RF_max_depth=2_min_samples_leaf=5
CAMK1G,0.005079476174166191,3,RF_max_depth=2_min_samples_leaf=5
CLDN19,0.005079476174166191,3,RF_max_depth=2_min_samples_leaf=5
REELD1,0.00513252575798901,3,RF_max_depth=2_min_samples_leaf=5
WFDC5,0.00513252575798901,3,RF_max_depth=2_min_samples_leaf=5
BPIFB6,0.00513252575798901,3,RF_max_depth=2_min_samples_leaf=5
GPR6,0.00513252575798901,3,RF_max_depth=2_min_samples_leaf=5
NPY5R,0.00513252575798901,3,RF_max_depth=2_min_samples_leaf=5
LRRC30,0.00513252575798901,3,RF_max_depth=2_min_samples_leaf=5
PROKR2,0.00513252575798901,3,RF_max_depth=2_min_samples_leaf=5
CATSPER4,0.00513252575798901,3,RF_max_depth=2_min_samples_leaf=5
AC012354.2,0.00513252575798901,3,RF_max_depth=2_min_samples_leaf=5
POPDC3,0.00513252575798901,3,RF_max_depth=2_min_samples_leaf=5
FGF8,0.00513252575798901,3,RF_max_depth=2_min_samples_leaf=5
FAM47C,0.00513252575798901,3,RF_max_depth=2_min_samples_leaf=5
IGKV1OR2-118,0.00513252575798901,3,RF_max_depth=2_min_samples_leaf=5
REC114,0.00513252575798901,3,RF_max_depth=2_min_samples_leaf=5
SMYD1,0.00536889924013486,3,RF_max_depth=2_min_samples_leaf=5
PADI3,0.005403135267365348,3,RF_max_depth=2_min_samples_leaf=5
MOS,0.005687326339847545,3,RF_max_depth=2_min_samples_leaf=5
KCNIP1,0.005687326339847545,3,RF_max_depth=2_min_samples_leaf=5
KRTAP10-8,0.005871614377615396,3,RF_max_depth=2_min_samples_leaf=5
RFPL4AP1,0.006104574791591355,3,RF_max_depth=2_min_samples_leaf=5
PPP4R3C,0.006104574791591355,3,RF_max_depth=2_min_samples_leaf=5
GJB3,0.006104574791591355,3,RF_max_depth=2_min_samples_leaf=5
ACTRT3,0.006104574791591355,3,RF_max_depth=2_min_samples_leaf=5
DEFB106A,0.00612084847942525,3,RF_max_depth=2_min_samples_leaf=5
SLC29A4P1,0.006163251206785638,3,RF_max_depth=2_min_samples_leaf=5
OR6P1,0.006694240499421805,3,RF_max_depth=2_min_samples_leaf=5
PF4V1,0.006706414089905437,3,RF_max_depth=2_min_samples_leaf=5
TAS1R2,0.006706414089905437,3,RF_max_depth=2_min_samples_leaf=5
C11orf16,0.006706414089905437,3,RF_max_depth=2_min_samples_leaf=5
LELP1,0.006952600488037477,3,RF_max_depth=2_min_samples_leaf=5
NTNG1,0.007003043354357123,3,RF_max_depth=2_min_samples_leaf=5
AC015911.1,0.007499184652322325,3,RF_max_depth=2_min_samples_leaf=5
CYTOR,0.007499184652322325,3,RF_max_depth=2_min_samples_leaf=5
ELANE,0.007499184652322325,3,RF_max_depth=2_min_samples_leaf=5
DEFB119,0.007499184652322325,3,RF_max_depth=2_min_samples_leaf=5
H2AFB2,0.007627623853773193,3,RF_max_depth=2_min_samples_leaf=5
DEFB107A,0.007627623853773193,3,RF_max_depth=2_min_samples_leaf=5
TGFBR3L,0.007886548048861542,3,RF_max_depth=2_min_samples_leaf=5
RS1,0.007886548048861542,3,RF_max_depth=2_min_samples_leaf=5
DEFB107B,0.007984439482166691,3,RF_max_depth=2_min_samples_leaf=5
SLC6A8,0.008424446513401863,3,RF_max_depth=2_min_samples_leaf=5
AL512310.6,0.008454176954173264,3,RF_max_depth=2_min_samples_leaf=5
DCDC2C,0.008733640460903786,3,RF_max_depth=2_min_samples_leaf=5
EPHB3,0.008942416619876362,3,RF_max_depth=2_min_samples_leaf=5
PGPEP1L,0.008942416619876362,3,RF_max_depth=2_min_samples_leaf=5
KDM4E,0.008942416619876362,3,RF_max_depth=2_min_samples_leaf=5
MYL1,0.008942416619876362,3,RF_max_depth=2_min_samples_leaf=5
DEFB106B,0.008942416619876362,3,RF_max_depth=2_min_samples_leaf=5
ASTL,0.008942416619876362,3,RF_max_depth=2_min_samples_leaf=5
OBP2B,0.008942416619876362,3,RF_max_depth=2_min_samples_leaf=5
LRRC3C,0.008942416619876362,3,RF_max_depth=2_min_samples_leaf=5
DEFB104A,0.008942416619876362,3,RF_max_depth=2_min_samples_leaf=5
RLBP1,0.008942416619876362,3,RF_max_depth=2_min_samples_leaf=5
KRTDAP,0.008942416619876362,3,RF_max_depth=2_min_samples_leaf=5
MYOG,0.008942416619876362,3,RF_max_depth=2_min_samples_leaf=5
GNRHR,0.008942416619876362,3,RF_max_depth=2_min_samples_leaf=5
AC008985.1,0.008942416619876362,3,RF_max_depth=2_min_samples_leaf=5
BPIFB3,0.009020553691482839,3,RF_max_depth=2_min_samples_leaf=5
ACTBL2,0.009020553691482839,3,RF_max_depth=2_min_samples_leaf=5
CNTD1,0.009020553691482839,3,RF_max_depth=2_min_samples_leaf=5
DNASE2B,0.009020553691482839,3,RF_max_depth=2_min_samples_leaf=5
CELA3A,0.009020553691482839,3,RF_max_depth=2_min_samples_leaf=5
FABP6,0.009020553691482839,3,RF_max_depth=2_min_samples_leaf=5
AC112504.1,0.009020553691482839,3,RF_max_depth=2_min_samples_leaf=5
DEFB104B,0.009020553691482839,3,RF_max_depth=2_min_samples_leaf=5
AC136443.1,0.009020553691482839,3,RF_max_depth=2_min_samples_leaf=5
CD177P1,0.009099090835679835,3,RF_max_depth=2_min_samples_leaf=5
RESP18,0.009539978098851293,3,RF_max_depth=2_min_samples_leaf=5
IGHE,0.009539978098851293,3,RF_max_depth=2_min_samples_leaf=5
LHCGR,0.009539978098851293,3,RF_max_depth=2_min_samples_leaf=5
DCAF12L2,0.009539978098851293,3,RF_max_depth=2_min_samples_leaf=5
ZNF488,0.009539978098851293,3,RF_max_depth=2_min_samples_leaf=5
PABPC1P2,0.009637286568264344,3,RF_max_depth=2_min_samples_leaf=5
MT-CO2,0.009637286568264344,3,RF_max_depth=2_min_samples_leaf=5
NYX,0.009637286568264344,3,RF_max_depth=2_min_samples_leaf=5
PRSS55,0.009637286568264344,3,RF_max_depth=2_min_samples_leaf=5
C7orf65,0.009637286568264344,3,RF_max_depth=2_min_samples_leaf=5
AC092068.2,0.009637286568264344,3,RF_max_depth=2_min_samples_leaf=5
CDRT15P1,0.009637286568264344,3,RF_max_depth=2_min_samples_leaf=5
MYBPHL,0.009960960752808147,3,RF_max_depth=2_min_samples_leaf=5
PRAMEF17,0.010049041368567822,3,RF_max_depth=2_min_samples_leaf=5
OR5AC2,0.010201976543035639,3,RF_max_depth=2_min_samples_leaf=5
NT5DC4,0.010418860434589465,3,RF_max_depth=2_min_samples_leaf=5
AQP8,0.010486484640233714,3,RF_max_depth=2_min_samples_leaf=5
FAM90A27P,0.010486484640233714,3,RF_max_depth=2_min_samples_leaf=5
AL691447.2,0.010544554669226328,3,RF_max_depth=2_min_samples_leaf=5
CAMK2N2,0.01067233362851584,3,RF_max_depth=2_min_samples_leaf=5
RAB13,0.01077245117874679,3,RF_max_depth=2_min_samples_leaf=5
AKAP4,0.010888728339933706,3,RF_max_depth=2_min_samples_leaf=5
KLF17,0.011221040415915182,3,RF_max_depth=2_min_samples_leaf=5
OR56A1,0.01143842902037742,3,RF_max_depth=2_min_samples_leaf=5
LINC02203,0.011558593650926272,3,RF_max_depth=2_min_samples_leaf=5
HS6ST2,0.011617951009847517,3,RF_max_depth=2_min_samples_leaf=5
NANOGP2,0.011698964007918733,3,RF_max_depth=2_min_samples_leaf=5
MTCO1P12,0.01183950477458477,3,RF_max_depth=2_min_samples_leaf=5
FOXL2,0.011993337765651006,3,RF_max_depth=2_min_samples_leaf=5
FZD9,0.012426847241995154,3,RF_max_depth=2_min_samples_leaf=5
FUNDC2P2,0.01246545023561772,3,RF_max_depth=2_min_samples_leaf=5
KCNK16,0.01262791929664901,3,RF_max_depth=2_min_samples_leaf=5
GPR152,0.01262791929664901,3,RF_max_depth=2_min_samples_leaf=5
REXO1L3P,0.012801450875359404,3,RF_max_depth=2_min_samples_leaf=5
VSTM1,0.013252153900712754,3,RF_max_depth=2_min_samples_leaf=5
RPS4XP3,0.013341217021609068,3,RF_max_depth=2_min_samples_leaf=5
AHSP,0.013345337090713427,3,RF_max_depth=2_min_samples_leaf=5
C9orf24,0.013428019456591498,3,RF_max_depth=2_min_samples_leaf=5
IGKV6D-21,0.013721518396763173,3,RF_max_depth=2_min_samples_leaf=5
IGKV1D-43,0.014046106592710413,3,RF_max_depth=2_min_samples_leaf=5
PDYN,0.014046106592710413,3,RF_max_depth=2_min_samples_leaf=5
PCDHAC2,0.014090935086277448,3,RF_max_depth=2_min_samples_leaf=5
OR2T27,0.014166735687059269,3,RF_max_depth=2_min_samples_leaf=5
FAM83C,0.014166735687059269,3,RF_max_depth=2_min_samples_leaf=5
GUCY2F,0.01422236508540898,3,RF_max_depth=2_min_samples_leaf=5
KRT33B,0.014270700001879851,3,RF_max_depth=2_min_samples_leaf=5
WNT16,0.014560691179057735,3,RF_max_depth=2_min_samples_leaf=5
OR51D1,0.014658689087934551,3,RF_max_depth=2_min_samples_leaf=5
ZMYND12,0.014842942552811874,3,RF_max_depth=2_min_samples_leaf=5
TAAR5,0.015597736735377104,3,RF_max_depth=2_min_samples_leaf=5
AC009060.2,0.01560325433251736,3,RF_max_depth=2_min_samples_leaf=5
TREM2,0.01578988686676743,3,RF_max_depth=2_min_samples_leaf=5
TEX13A,0.015924119684186753,3,RF_max_depth=2_min_samples_leaf=5
GPR139,0.01612243881583402,3,RF_max_depth=2_min_samples_leaf=5
AC127070.4,0.016228833677981797,3,RF_max_depth=2_min_samples_leaf=5
OR51K1P,0.016290341182164325,3,RF_max_depth=2_min_samples_leaf=5
LLCFC1,0.016829099525573325,3,RF_max_depth=2_min_samples_leaf=5
RHEBL1,0.016829099525573325,3,RF_max_depth=2_min_samples_leaf=5
GHSR,0.017047776162790844,3,RF_max_depth=2_min_samples_leaf=5
MYOZ3,0.017226993120161075,3,RF_max_depth=2_min_samples_leaf=5
ZNF648,0.01733853051204848,3,RF_max_depth=2_min_samples_leaf=5
VGLL2,0.017472051213725387,3,RF_max_depth=2_min_samples_leaf=5
RAB25,0.017773423665657425,3,RF_max_depth=2_min_samples_leaf=5
C8orf87,0.017773423665657425,3,RF_max_depth=2_min_samples_leaf=5
LRRC53,0.017773423665657425,3,RF_max_depth=2_min_samples_leaf=5
AC239859.6,0.017773423665657425,3,RF_max_depth=2_min_samples_leaf=5
CDRT15L2,0.017800498384435263,3,RF_max_depth=2_min_samples_leaf=5
AC092368.3,0.017976997630697024,3,RF_max_depth=2_min_samples_leaf=5
KRT84,0.017976997630697024,3,RF_max_depth=2_min_samples_leaf=5
OR10A3,0.017976997630697024,3,RF_max_depth=2_min_samples_leaf=5
DNM1P51,0.017976997630697024,3,RF_max_depth=2_min_samples_leaf=5
TIMP4,0.017976997630697024,3,RF_max_depth=2_min_samples_leaf=5
AC008033.1,0.017976997630697024,3,RF_max_depth=2_min_samples_leaf=5
PJVK,0.017976997630697024,3,RF_max_depth=2_min_samples_leaf=5
AC025594.1,0.017976997630697024,3,RF_max_depth=2_min_samples_leaf=5
OR52N5,0.017976997630697024,3,RF_max_depth=2_min_samples_leaf=5
LGALS16,0.017976997630697024,3,RF_max_depth=2_min_samples_leaf=5
CRABP2,0.01812924288724069,3,RF_max_depth=2_min_samples_leaf=5
OR52I2,0.018174128091738205,3,RF_max_depth=2_min_samples_leaf=5
AC008395.1,0.01834813333520814,3,RF_max_depth=2_min_samples_leaf=5
KRT32,0.01834813333520814,3,RF_max_depth=2_min_samples_leaf=5
DRD1,0.018392684925084953,3,RF_max_depth=2_min_samples_leaf=5
OR5H2,0.018392684925084953,3,RF_max_depth=2_min_samples_leaf=5
RNASE10,0.018392684925084953,3,RF_max_depth=2_min_samples_leaf=5
RNASE8,0.019042911789328498,3,RF_max_depth=2_min_samples_leaf=5
IGHV3OR16-8,0.01937348494359055,3,RF_max_depth=2_min_samples_leaf=5
RD3L,0.019700025202581524,3,RF_max_depth=2_min_samples_leaf=5
BARHL2,0.020097221812224945,3,RF_max_depth=2_min_samples_leaf=5
IFNL2,0.020209784499825693,3,RF_max_depth=2_min_samples_leaf=5
GSX2,0.020253715992435948,3,RF_max_depth=2_min_samples_leaf=5
CRYGD,0.020253715992435948,3,RF_max_depth=2_min_samples_leaf=5
PRDM13,0.020253715992435948,3,RF_max_depth=2_min_samples_leaf=5
C5orf17,0.020253715992435948,3,RF_max_depth=2_min_samples_leaf=5
AL138820.1,0.020754185741669994,3,RF_max_depth=2_min_samples_leaf=5
TSPAN16,0.020754185741669994,3,RF_max_depth=2_min_samples_leaf=5
IFNL1,0.020754185741669994,3,RF_max_depth=2_min_samples_leaf=5
ZNF679,0.020754185741669994,3,RF_max_depth=2_min_samples_leaf=5
UPK2,0.020754712277194852,3,RF_max_depth=2_min_samples_leaf=5
AC239798.2,0.020783361511227658,3,RF_max_depth=2_min_samples_leaf=5
FAM90A28P,0.021221074418733367,3,RF_max_depth=2_min_samples_leaf=5
C6orf52,0.02145653120292996,3,RF_max_depth=2_min_samples_leaf=5
INAFM2,0.02145653120292996,3,RF_max_depth=2_min_samples_leaf=5
PPDPFL,0.02145653120292996,3,RF_max_depth=2_min_samples_leaf=5
FFAR1,0.021478674102608227,3,RF_max_depth=2_min_samples_leaf=5
KHDC1,0.021504498212400334,3,RF_max_depth=2_min_samples_leaf=5
HIGD2B,0.021567578653555085,3,RF_max_depth=2_min_samples_leaf=5
INHA,0.021567578653555085,3,RF_max_depth=2_min_samples_leaf=5
SGCZ,0.022179920499129983,3,RF_max_depth=2_min_samples_leaf=5
MUCL1,0.022179920499129983,3,RF_max_depth=2_min_samples_leaf=5
OR8K5,0.022179920499129983,3,RF_max_depth=2_min_samples_leaf=5
SHISA3,0.022179920499129983,3,RF_max_depth=2_min_samples_leaf=5
AC090515.5,0.022179920499129983,3,RF_max_depth=2_min_samples_leaf=5
OR2W3,0.022179920499129983,3,RF_max_depth=2_min_samples_leaf=5
GML,0.022179920499129983,3,RF_max_depth=2_min_samples_leaf=5
C16orf78,0.02233376213660119,3,RF_max_depth=2_min_samples_leaf=5
OR1L3,0.02233376213660119,3,RF_max_depth=2_min_samples_leaf=5
C8orf74,0.02233376213660119,3,RF_max_depth=2_min_samples_leaf=5
PTGER1,0.02233376213660119,3,RF_max_depth=2_min_samples_leaf=5
C2orf83,0.02233376213660119,3,RF_max_depth=2_min_samples_leaf=5
LMLN2,0.022525114279871923,3,RF_max_depth=2_min_samples_leaf=5
AL589743.3,0.022875649735034115,3,RF_max_depth=2_min_samples_leaf=5
CIAPIN1P,0.023584742826429403,3,RF_max_depth=2_min_samples_leaf=5
SPACA1,0.023691956979151194,3,RF_max_depth=2_min_samples_leaf=5
TLX2,0.023913747921057615,3,RF_max_depth=2_min_samples_leaf=5
RHOA-IT1,0.024602635614022397,3,RF_max_depth=2_min_samples_leaf=5
KLHL41,0.024960859033448912,3,RF_max_depth=2_min_samples_leaf=5
WNT1,0.025031712629879795,3,RF_max_depth=2_min_samples_leaf=5
GPR149,0.0253606762475196,3,RF_max_depth=2_min_samples_leaf=5
VAX2,0.025923541168369525,3,RF_max_depth=2_min_samples_leaf=5
ZNF280A,0.025923541168369525,3,RF_max_depth=2_min_samples_leaf=5
OR2M5,0.02625481001732466,3,RF_max_depth=2_min_samples_leaf=5
U73166.1,0.026444809239549328,3,RF_max_depth=2_min_samples_leaf=5
FAM177B,0.026444809239549328,3,RF_max_depth=2_min_samples_leaf=5
FDCSP,0.026478444457494407,3,RF_max_depth=2_min_samples_leaf=5
KRTAP21-2,0.02678789725375651,3,RF_max_depth=2_min_samples_leaf=5
AC092127.1,0.027082213358308613,3,RF_max_depth=2_min_samples_leaf=5
TBC1D21,0.027238666548564765,3,RF_max_depth=2_min_samples_leaf=5
AC026468.1,0.027238666548564765,3,RF_max_depth=2_min_samples_leaf=5
NCR2,0.027238666548564765,3,RF_max_depth=2_min_samples_leaf=5
AC009113.1,0.027238666548564765,3,RF_max_depth=2_min_samples_leaf=5
AC007952.9,0.027238666548564765,3,RF_max_depth=2_min_samples_leaf=5
SLAMF9,0.027238666548564765,3,RF_max_depth=2_min_samples_leaf=5
RASSF10,0.027300279735954672,3,RF_max_depth=2_min_samples_leaf=5
GPR143,0.027300279735954672,3,RF_max_depth=2_min_samples_leaf=5
AC010538.1,0.027448725741733696,3,RF_max_depth=2_min_samples_leaf=5
SERPINA13P,0.027448725741733696,3,RF_max_depth=2_min_samples_leaf=5
BX276092.9,0.027738999694085335,3,RF_max_depth=2_min_samples_leaf=5
NEUROG2,0.028107271739950736,3,RF_max_depth=2_min_samples_leaf=5
RWDD4P1,0.028107271739950736,3,RF_max_depth=2_min_samples_leaf=5
KCNV1,0.028476568994889526,3,RF_max_depth=2_min_samples_leaf=5
IRGC,0.028476568994889526,3,RF_max_depth=2_min_samples_leaf=5
AC023310.1,0.02902062421591175,3,RF_max_depth=2_min_samples_leaf=5
JHDM1D-AS1,0.02924148495932061,3,RF_max_depth=2_min_samples_leaf=5
MT-CO1,0.02924148495932061,3,RF_max_depth=2_min_samples_leaf=5
IGHV1-58,0.029627403064097946,3,RF_max_depth=2_min_samples_leaf=5
CHRNA3,0.02982092004212631,3,RF_max_depth=2_min_samples_leaf=5
DQX1,0.02982092004212631,3,RF_max_depth=2_min_samples_leaf=5
GPAT2P2,0.030015122780838552,3,RF_max_depth=2_min_samples_leaf=5
OR52R1,0.03003284732985637,3,RF_max_depth=2_min_samples_leaf=5
C17orf98,0.030097579772352997,3,RF_max_depth=2_min_samples_leaf=5
OR52L1,0.030216753980034972,3,RF_max_depth=2_min_samples_leaf=5
TMEM174,0.030388555216073237,3,RF_max_depth=2_min_samples_leaf=5
PTCRA,0.030599240420079946,3,RF_max_depth=2_min_samples_leaf=5
MYL4,0.03100287323512565,3,RF_max_depth=2_min_samples_leaf=5
LPAR4,0.03155896324088166,3,RF_max_depth=2_min_samples_leaf=5
OR7E26P,0.032041088227059804,3,RF_max_depth=2_min_samples_leaf=5
AF186192.1,0.03256728373100144,3,RF_max_depth=2_min_samples_leaf=5
BPIFC,0.03273355757742095,3,RF_max_depth=2_min_samples_leaf=5
FAM47B,0.03278332421570266,3,RF_max_depth=2_min_samples_leaf=5
AL512770.1,0.03278332421570266,3,RF_max_depth=2_min_samples_leaf=5
PTGES2-AS1,0.032837965076932686,3,RF_max_depth=2_min_samples_leaf=5
AL031595.2,0.03330192832146371,3,RF_max_depth=2_min_samples_leaf=5
SBF2-AS1,0.033307817917094716,3,RF_max_depth=2_min_samples_leaf=5
BPIFB2,0.03339426485562948,3,RF_max_depth=2_min_samples_leaf=5
HOXA11,0.03587517154042598,3,RF_max_depth=2_min_samples_leaf=5
GK2,0.035897157044494164,3,RF_max_depth=2_min_samples_leaf=5
OR1F2P,0.035898160725198115,3,RF_max_depth=2_min_samples_leaf=5
AP000357.1,0.035898160725198115,3,RF_max_depth=2_min_samples_leaf=5
CELA2B,0.035898160725198115,3,RF_max_depth=2_min_samples_leaf=5
DBET,0.035898160725198115,3,RF_max_depth=2_min_samples_leaf=5
PDE6H,0.035898160725198115,3,RF_max_depth=2_min_samples_leaf=5
RLN2,0.03665650552697278,3,RF_max_depth=2_min_samples_leaf=5
A1BG,0.03700714662985853,3,RF_max_depth=2_min_samples_leaf=5
IGHV3OR16-9,0.03700714662985853,3,RF_max_depth=2_min_samples_leaf=5
AC120114.4,0.03700714662985853,3,RF_max_depth=2_min_samples_leaf=5
AC104791.2,0.038238155486517655,3,RF_max_depth=2_min_samples_leaf=5
AC138647.1,0.038238155486517655,3,RF_max_depth=2_min_samples_leaf=5
MAGEC2,0.038238155486517655,3,RF_max_depth=2_min_samples_leaf=5
JPX,0.038238155486517655,3,RF_max_depth=2_min_samples_leaf=5
OR2F2,0.03965687464442805,3,RF_max_depth=2_min_samples_leaf=5
AC009086.3,0.03965687464442805,3,RF_max_depth=2_min_samples_leaf=5
GOT1L1,0.039813326661151505,3,RF_max_depth=2_min_samples_leaf=5
LINC02197,0.03994475724324776,3,RF_max_depth=2_min_samples_leaf=5
SLC6A18,0.040055467748424785,3,RF_max_depth=2_min_samples_leaf=5
TBX22,0.040055467748424785,3,RF_max_depth=2_min_samples_leaf=5
GLRA4,0.04049252675991877,3,RF_max_depth=2_min_samples_leaf=5
AC012441.2,0.040647517455257444,3,RF_max_depth=2_min_samples_leaf=5
OR5P3,0.040647517455257444,3,RF_max_depth=2_min_samples_leaf=5
CCR8,0.04065825550243512,3,RF_max_depth=2_min_samples_leaf=5
AP005212.1,0.04069285952104445,3,RF_max_depth=2_min_samples_leaf=5
OR52B1P,0.04069285952104445,3,RF_max_depth=2_min_samples_leaf=5
SOHLH1,0.04069285952104445,3,RF_max_depth=2_min_samples_leaf=5
PSORS1C1,0.04111103193281701,3,RF_max_depth=2_min_samples_leaf=5
KCTD21-AS1,0.0419211275096112,3,RF_max_depth=2_min_samples_leaf=5
DYNLRB2,0.042939904056933945,3,RF_max_depth=2_min_samples_leaf=5
AC092053.3,0.04300767470686839,3,RF_max_depth=2_min_samples_leaf=5
ALG1L2,0.043193172627589156,3,RF_max_depth=2_min_samples_leaf=5
AC104794.2,0.043193172627589156,3,RF_max_depth=2_min_samples_leaf=5
AP003057.1,0.043193172627589156,3,RF_max_depth=2_min_samples_leaf=5
SPZ1,0.043193172627589156,3,RF_max_depth=2_min_samples_leaf=5
AL008638.3,0.043708795701659545,3,RF_max_depth=2_min_samples_leaf=5
AC008740.2,0.043708795701659545,3,RF_max_depth=2_min_samples_leaf=5
TNFSF18,0.043708795701659545,3,RF_max_depth=2_min_samples_leaf=5
PRSS29P,0.043708795701659545,3,RF_max_depth=2_min_samples_leaf=5
GRID1,0.04391718802109978,3,RF_max_depth=2_min_samples_leaf=5
S100B,0.04425478696688573,3,RF_max_depth=2_min_samples_leaf=5
MIAT,0.044456275875786204,3,RF_max_depth=2_min_samples_leaf=5
AC003681.1,0.04452820395791943,3,RF_max_depth=2_min_samples_leaf=5
AC099684.2,0.044770381813394454,3,RF_max_depth=2_min_samples_leaf=5
GPR20,0.044838415114245044,3,RF_max_depth=2_min_samples_leaf=5
C17orf113,0.046262603588788885,3,RF_max_depth=2_min_samples_leaf=5
P2RY4,0.046770060775709374,3,RF_max_depth=2_min_samples_leaf=5
OR5F1,0.046770060775709374,3,RF_max_depth=2_min_samples_leaf=5
DMRT3,0.04684604738147252,3,RF_max_depth=2_min_samples_leaf=5
AC018647.2,0.04684604738147252,3,RF_max_depth=2_min_samples_leaf=5
OR8B12,0.04726220553625128,3,RF_max_depth=2_min_samples_leaf=5
AC090525.2,0.04726220553625128,3,RF_max_depth=2_min_samples_leaf=5
MAPK11,0.04726220553625128,3,RF_max_depth=2_min_samples_leaf=5
GALR3,0.04727585937589916,3,RF_max_depth=2_min_samples_leaf=5
CA7,0.04727585937589916,3,RF_max_depth=2_min_samples_leaf=5
AC106788.2,0.04727585937589916,3,RF_max_depth=2_min_samples_leaf=5
TNFSF9,0.04727585937589916,3,RF_max_depth=2_min_samples_leaf=5
DEFB115,0.04727585937589916,3,RF_max_depth=2_min_samples_leaf=5
C11orf53,0.04727585937589916,3,RF_max_depth=2_min_samples_leaf=5
AL136982.1,0.04727585937589916,3,RF_max_depth=2_min_samples_leaf=5
AC015871.4,0.04727585937589916,3,RF_max_depth=2_min_samples_leaf=5
LIPM,0.04764107132822796,3,RF_max_depth=2_min_samples_leaf=5
KLK12,0.04764107132822796,3,RF_max_depth=2_min_samples_leaf=5
ANGPT4,0.04764107132822796,3,RF_max_depth=2_min_samples_leaf=5
IGKV1OR22-5,0.04794619944360568,3,RF_max_depth=2_min_samples_leaf=5
BEST3,0.04797521495961461,3,RF_max_depth=2_min_samples_leaf=5
MRPL30,0.04797521495961461,3,RF_max_depth=2_min_samples_leaf=5
AC012645.2,0.04797521495961461,3,RF_max_depth=2_min_samples_leaf=5
LENG9,0.04797521495961461,3,RF_max_depth=2_min_samples_leaf=5
TAS2R13,0.04811952110559851,3,RF_max_depth=2_min_samples_leaf=5
AL445235.1,0.04812250231912492,3,RF_max_depth=2_min_samples_leaf=5
FOSL1P1,0.04812250231912492,3,RF_max_depth=2_min_samples_leaf=5
TRAV13-2,0.04812250231912492,3,RF_max_depth=2_min_samples_leaf=5
CSF2,0.048357797822076116,3,RF_max_depth=2_min_samples_leaf=5
OR10J1,0.048357797822076116,3,RF_max_depth=2_min_samples_leaf=5
ANKRD65,0.048357797822076116,3,RF_max_depth=2_min_samples_leaf=5
AC025198.1,0.04869322304174243,3,RF_max_depth=2_min_samples_leaf=5
OR2I1P,0.04892625157862099,3,RF_max_depth=2_min_samples_leaf=5
TDRKH-AS1,0.04892625157862099,3,RF_max_depth=2_min_samples_leaf=5
AC067904.1,0.04892625157862099,3,RF_max_depth=2_min_samples_leaf=5
KRTAP2-1,0.04892625157862099,3,RF_max_depth=2_min_samples_leaf=5
SCGB1C2,0.048961275094975595,3,RF_max_depth=2_min_samples_leaf=5
ACOD1,0.0491882867185172,3,RF_max_depth=2_min_samples_leaf=5
VN1R4,0.0491882867185172,3,RF_max_depth=2_min_samples_leaf=5
CUBNP2,0.04921838427795398,3,RF_max_depth=2_min_samples_leaf=5
CYP51A1,0.04921838427795398,3,RF_max_depth=2_min_samples_leaf=5
DCAF12L1,0.04921838427795398,3,RF_max_depth=2_min_samples_leaf=5
TTC9B,0.04921838427795398,3,RF_max_depth=2_min_samples_leaf=5
BTBD17,0.04921838427795398,3,RF_max_depth=2_min_samples_leaf=5
OR10H1,0.04921838427795398,3,RF_max_depth=2_min_samples_leaf=5
OR13F1,0.04921838427795398,3,RF_max_depth=2_min_samples_leaf=5
MTND4P24,0.04930287564034296,3,RF_max_depth=2_min_samples_leaf=5
RAX2,0.04936796644301496,3,RF_max_depth=2_min_samples_leaf=5
RTP4,0.04936796644301496,3,RF_max_depth=2_min_samples_leaf=5
IGKV1OR-3,0.04937222289598894,3,RF_max_depth=2_min_samples_leaf=5
FAM47A,0.04937222289598894,3,RF_max_depth=2_min_samples_leaf=5
AC093826.2,0.05020962000870157,3,RF_max_depth=2_min_samples_leaf=5
RBMXL3,0.05028725639165374,3,RF_max_depth=2_min_samples_leaf=5
DDN,0.05040928592697564,3,RF_max_depth=2_min_samples_leaf=5
PCP4,0.05091762053557602,3,RF_max_depth=2_min_samples_leaf=5
CCL8,0.051342729802777765,3,RF_max_depth=2_min_samples_leaf=5
RPS13P2,0.0515200236589032,3,RF_max_depth=2_min_samples_leaf=5
CBLN4,0.051620609973247994,3,RF_max_depth=2_min_samples_leaf=5
CARD18,0.0516769859952159,3,RF_max_depth=2_min_samples_leaf=5
TAS2R8,0.0516769859952159,3,RF_max_depth=2_min_samples_leaf=5
AC099778.1,0.0516769859952159,3,RF_max_depth=2_min_samples_leaf=5
MT-CO3,0.0516769859952159,3,RF_max_depth=2_min_samples_leaf=5
GPR45,0.05188152434429806,3,RF_max_depth=2_min_samples_leaf=5
MORN5,0.05188152434429806,3,RF_max_depth=2_min_samples_leaf=5
SLC2A7,0.05188152434429806,3,RF_max_depth=2_min_samples_leaf=5
IGF2-AS,0.05188152434429806,3,RF_max_depth=2_min_samples_leaf=5
CLEC3A,0.05188152434429806,3,RF_max_depth=2_min_samples_leaf=5
CACNG7,0.05235579527549829,3,RF_max_depth=2_min_samples_leaf=5
AC246793.1,0.052567397050382714,3,RF_max_depth=2_min_samples_leaf=5
ZNF285B,0.052567397050382714,3,RF_max_depth=2_min_samples_leaf=5
ADRA1D,0.052981238236429196,3,RF_max_depth=2_min_samples_leaf=5
IGKV6-21,0.052981238236429196,3,RF_max_depth=2_min_samples_leaf=5
GPR173,0.05304148015715388,3,RF_max_depth=2_min_samples_leaf=5
OR5K4,0.0536518184154983,3,RF_max_depth=2_min_samples_leaf=5
OR8K3,0.054291071071658994,3,RF_max_depth=2_min_samples_leaf=5
RPL31P49,0.054291071071658994,3,RF_max_depth=2_min_samples_leaf=5
PTCHD3,0.054291071071658994,3,RF_max_depth=2_min_samples_leaf=5
RXFP3,0.054291071071658994,3,RF_max_depth=2_min_samples_leaf=5
ZNF474,0.054291071071658994,3,RF_max_depth=2_min_samples_leaf=5
LINC01996,0.05497987619196225,3,RF_max_depth=2_min_samples_leaf=5
TUBAL3,0.05497987619196225,3,RF_max_depth=2_min_samples_leaf=5
CLCA3P,0.05497987619196225,3,RF_max_depth=2_min_samples_leaf=5
CLDN20,0.05499957688333246,3,RF_max_depth=2_min_samples_leaf=5
FAM220BP,0.05507713920638184,3,RF_max_depth=2_min_samples_leaf=5
TEX26,0.055284290023507356,3,RF_max_depth=2_min_samples_leaf=5
TRAV13-1,0.05586022028776828,3,RF_max_depth=2_min_samples_leaf=5
AC139792.1,0.05586022028776828,3,RF_max_depth=2_min_samples_leaf=5
SERTAD4-AS1,0.056501719481951505,3,RF_max_depth=2_min_samples_leaf=5
NKX2-2,0.05697805962819983,3,RF_max_depth=2_min_samples_leaf=5
SPINK9,0.05832638529350883,3,RF_max_depth=2_min_samples_leaf=5
TAAR9,0.05848753115648872,3,RF_max_depth=2_min_samples_leaf=5
GDF10,0.05848753115648872,3,RF_max_depth=2_min_samples_leaf=5
CALHM3,0.05854458995750723,3,RF_max_depth=2_min_samples_leaf=5
AL161669.3,0.05854458995750723,3,RF_max_depth=2_min_samples_leaf=5
TMEM95,0.05947966314114111,3,RF_max_depth=2_min_samples_leaf=5
PPP1R2C,0.059693467146638715,3,RF_max_depth=2_min_samples_leaf=5
SERPINB11,0.05977704520854597,3,RF_max_depth=2_min_samples_leaf=5
UGT1A3,0.05978961639467165,3,RF_max_depth=2_min_samples_leaf=5
SULT1A4,0.05983684959908727,3,RF_max_depth=2_min_samples_leaf=5
TMEM132C,0.06018469207556507,3,RF_max_depth=2_min_samples_leaf=5
AC008895.1,0.060687335185842295,3,RF_max_depth=2_min_samples_leaf=5
AC020917.4,0.06135302152176458,3,RF_max_depth=2_min_samples_leaf=5
OR2W5,0.061629601207892924,3,RF_max_depth=2_min_samples_leaf=5
PRTN3,0.06361924246569112,3,RF_max_depth=2_min_samples_leaf=5
SF3A3P2,0.06383168420070903,3,RF_max_depth=2_min_samples_leaf=5
ZBTB20-AS4,0.06421719756737028,3,RF_max_depth=2_min_samples_leaf=5
PLSCR5,0.06421719756737028,3,RF_max_depth=2_min_samples_leaf=5
SMR3A,0.06566695110102469,3,RF_max_depth=2_min_samples_leaf=5
AC023794.1,0.06582209960467521,3,RF_max_depth=2_min_samples_leaf=5
LACRT,0.06632711556086388,3,RF_max_depth=2_min_samples_leaf=5
LINC00240,0.06632711556086388,3,RF_max_depth=2_min_samples_leaf=5
TUBA3FP,0.06639252310921588,3,RF_max_depth=2_min_samples_leaf=5
LRRC37A7P,0.06639252310921588,3,RF_max_depth=2_min_samples_leaf=5
GP9,0.06701475901078391,3,RF_max_depth=2_min_samples_leaf=5
BTBD10P1,0.06701475901078391,3,RF_max_depth=2_min_samples_leaf=5
CRYGA,0.06738334154464934,3,RF_max_depth=2_min_samples_leaf=5
LINC00426,0.06747919706573179,3,RF_max_depth=2_min_samples_leaf=5
AL137028.1,0.06747919706573179,3,RF_max_depth=2_min_samples_leaf=5
NPM1P9,0.06757678335466764,3,RF_max_depth=2_min_samples_leaf=5
AC093536.1,0.06781323266983076,3,RF_max_depth=2_min_samples_leaf=5
CTXND1,0.06790220430509408,3,RF_max_depth=2_min_samples_leaf=5
IL3,0.06825294526832477,3,RF_max_depth=2_min_samples_leaf=5
RPS7P4,0.06826639197034036,3,RF_max_depth=2_min_samples_leaf=5
OR5M8,0.06849643856725054,3,RF_max_depth=2_min_samples_leaf=5
CDC20P1,0.0685542613626393,3,RF_max_depth=2_min_samples_leaf=5
SSX5,0.0685542613626393,3,RF_max_depth=2_min_samples_leaf=5
OR6X1,0.0685542613626393,3,RF_max_depth=2_min_samples_leaf=5
DLX4,0.06969769409826443,3,RF_max_depth=2_min_samples_leaf=5
OR4C3,0.07002980513046307,3,RF_max_depth=2_min_samples_leaf=5
AP000550.2,0.07006802302438236,3,RF_max_depth=2_min_samples_leaf=5
MAB21L1,0.07053880439450257,3,RF_max_depth=2_min_samples_leaf=5
PCDHA12,0.07053880439450257,3,RF_max_depth=2_min_samples_leaf=5
PTX4,0.07053880439450257,3,RF_max_depth=2_min_samples_leaf=5
SMIM26,0.07053880439450257,3,RF_max_depth=2_min_samples_leaf=5
SERPINB2,0.07056571255798465,3,RF_max_depth=2_min_samples_leaf=5
CDX4,0.07056571255798465,3,RF_max_depth=2_min_samples_leaf=5
CSN3,0.07056571255798465,3,RF_max_depth=2_min_samples_leaf=5
XG,0.07056571255798465,3,RF_max_depth=2_min_samples_leaf=5
SCGB1C1,0.07056571255798465,3,RF_max_depth=2_min_samples_leaf=5
AIFM3,0.07073693183437599,3,RF_max_depth=2_min_samples_leaf=5
OR11H7,0.07079274325211031,3,RF_max_depth=2_min_samples_leaf=5
AC005776.2,0.07103635473273204,3,RF_max_depth=2_min_samples_leaf=5
GAL3ST2,0.07135026116712632,3,RF_max_depth=2_min_samples_leaf=5
HIST2H3D,0.07164798145894395,3,RF_max_depth=2_min_samples_leaf=5
MATN4,0.07246556462994681,3,RF_max_depth=2_min_samples_leaf=5
FAM19A1,0.07246556462994681,3,RF_max_depth=2_min_samples_leaf=5
RASL10A,0.07246556462994681,3,RF_max_depth=2_min_samples_leaf=5
SLC51B,0.0734200805325354,3,RF_max_depth=2_min_samples_leaf=5
AF186192.2,0.07343266491908008,3,RF_max_depth=2_min_samples_leaf=5
SFTPB,0.07366930926767208,3,RF_max_depth=2_min_samples_leaf=5
AC092683.1,0.07366930926767208,3,RF_max_depth=2_min_samples_leaf=5
C5orf47,0.07366930926767208,3,RF_max_depth=2_min_samples_leaf=5
RHOF,0.07366930926767208,3,RF_max_depth=2_min_samples_leaf=5
OR5V1,0.07366930926767208,3,RF_max_depth=2_min_samples_leaf=5
RASSF8-AS1,0.07422939467306837,3,RF_max_depth=2_min_samples_leaf=5
SLC35D3,0.07423446015182282,3,RF_max_depth=2_min_samples_leaf=5
AC009065.8,0.07423446015182282,3,RF_max_depth=2_min_samples_leaf=5
AC097518.1,0.07543765043869535,3,RF_max_depth=2_min_samples_leaf=5
AC018554.3,0.0755352581252407,3,RF_max_depth=2_min_samples_leaf=5
VIP,0.0755352581252407,3,RF_max_depth=2_min_samples_leaf=5
KRTAP19-6,0.0755352581252407,3,RF_max_depth=2_min_samples_leaf=5
AC004803.1,0.0755352581252407,3,RF_max_depth=2_min_samples_leaf=5
PRAMEF30P,0.0761383776211825,3,RF_max_depth=2_min_samples_leaf=5
SMIM34B,0.0768930966785187,3,RF_max_depth=2_min_samples_leaf=5
PPP1R42,0.0768930966785187,3,RF_max_depth=2_min_samples_leaf=5
SRMS,0.07741342733586667,3,RF_max_depth=2_min_samples_leaf=5
GDF5,0.07754475284171043,3,RF_max_depth=2_min_samples_leaf=5
AP004245.1,0.07754475284171043,3,RF_max_depth=2_min_samples_leaf=5
GABRA5,0.07851860246413218,3,RF_max_depth=2_min_samples_leaf=5
DHX40P1,0.07861959432011176,3,RF_max_depth=2_min_samples_leaf=5
PCSK6-AS1,0.07935389474305773,3,RF_max_depth=2_min_samples_leaf=5
UBE2U,0.079964082972102,3,RF_max_depth=2_min_samples_leaf=5
AL391421.1,0.079964082972102,3,RF_max_depth=2_min_samples_leaf=5
LINC02211,0.079964082972102,3,RF_max_depth=2_min_samples_leaf=5
ELF3-AS1,0.08034319307227783,3,RF_max_depth=2_min_samples_leaf=5
KRTAP3-1,0.08034319307227783,3,RF_max_depth=2_min_samples_leaf=5
MGAT4EP,0.08041010325752568,3,RF_max_depth=2_min_samples_leaf=5
HTR2C,0.08041010325752568,3,RF_max_depth=2_min_samples_leaf=5
PVALEF,0.08103239891828311,3,RF_max_depth=2_min_samples_leaf=5
DSCAM,0.08103239891828311,3,RF_max_depth=2_min_samples_leaf=5
IGLV3-32,0.08103239891828311,3,RF_max_depth=2_min_samples_leaf=5
ANXA2P1,0.08130645851384159,3,RF_max_depth=2_min_samples_leaf=5
HSPB3,0.08162259305083255,3,RF_max_depth=2_min_samples_leaf=5
ABCF2,0.08162952284585419,3,RF_max_depth=2_min_samples_leaf=5
MTCO3P12,0.08162952284585419,3,RF_max_depth=2_min_samples_leaf=5
CCDC54,0.08174211370009846,3,RF_max_depth=2_min_samples_leaf=5
AC120498.9,0.08174211370009846,3,RF_max_depth=2_min_samples_leaf=5
KCNQ1OT1,0.08174211370009846,3,RF_max_depth=2_min_samples_leaf=5
S100A2,0.08187603603455232,3,RF_max_depth=2_min_samples_leaf=5
FUT8-AS1,0.08187603603455232,3,RF_max_depth=2_min_samples_leaf=5
GALR2,0.08187603603455232,3,RF_max_depth=2_min_samples_leaf=5
AC136443.2,0.08202323104534251,3,RF_max_depth=2_min_samples_leaf=5
LINC01387,0.08214473652339278,3,RF_max_depth=2_min_samples_leaf=5
TRBV6-7,0.08214473652339278,3,RF_max_depth=2_min_samples_leaf=5
LGALS13,0.08214473652339278,3,RF_max_depth=2_min_samples_leaf=5
AC126755.5,0.08214473652339278,3,RF_max_depth=2_min_samples_leaf=5
PTPN5,0.08214473652339278,3,RF_max_depth=2_min_samples_leaf=5
AC116914.2,0.082456872867941,3,RF_max_depth=2_min_samples_leaf=5
OR14K1,0.08301906888233147,3,RF_max_depth=2_min_samples_leaf=5
HTR1E,0.08301906888233147,3,RF_max_depth=2_min_samples_leaf=5
ICAM3,0.083021556257611,3,RF_max_depth=2_min_samples_leaf=5
SHISAL2B,0.08308000585851563,3,RF_max_depth=2_min_samples_leaf=5
CLDN17,0.08315288020288387,3,RF_max_depth=2_min_samples_leaf=5
FP671120.3,0.08315288020288387,3,RF_max_depth=2_min_samples_leaf=5
TNNT3,0.08315288020288387,3,RF_max_depth=2_min_samples_leaf=5
RN7SL784P,0.08315288020288387,3,RF_max_depth=2_min_samples_leaf=5
FP236383.2,0.08315288020288387,3,RF_max_depth=2_min_samples_leaf=5
FP236383.3,0.08315288020288387,3,RF_max_depth=2_min_samples_leaf=5
MT-ND4,0.08315288020288387,3,RF_max_depth=2_min_samples_leaf=5
RPL13AP2,0.08315288020288387,3,RF_max_depth=2_min_samples_leaf=5
TSGA10IP,0.08315288020288387,3,RF_max_depth=2_min_samples_leaf=5
AP004607.5,0.08315288020288387,3,RF_max_depth=2_min_samples_leaf=5
AL049612.1,0.08315288020288387,3,RF_max_depth=2_min_samples_leaf=5
OR6K3,0.08315288020288387,3,RF_max_depth=2_min_samples_leaf=5
PRSS58,0.08315288020288387,3,RF_max_depth=2_min_samples_leaf=5
KLHL30,0.08315288020288387,3,RF_max_depth=2_min_samples_leaf=5
KRT73,0.08315288020288387,3,RF_max_depth=2_min_samples_leaf=5
CBR3-AS1,0.08315288020288387,3,RF_max_depth=2_min_samples_leaf=5
PTOV1-AS1,0.08315288020288387,3,RF_max_depth=2_min_samples_leaf=5
C2orf27AP1,0.08365840337678473,3,RF_max_depth=2_min_samples_leaf=5
CCDC188,0.08368173736375376,3,RF_max_depth=2_min_samples_leaf=5
AC087276.1,0.08368173736375376,3,RF_max_depth=2_min_samples_leaf=5
ALG1L10P,0.08368173736375376,3,RF_max_depth=2_min_samples_leaf=5
BTF3L4P1,0.08382534073436564,3,RF_max_depth=2_min_samples_leaf=5
DRD5,0.08393672510090534,3,RF_max_depth=2_min_samples_leaf=5
ACCSL,0.08393672510090534,3,RF_max_depth=2_min_samples_leaf=5
IL22,0.08393672510090534,3,RF_max_depth=2_min_samples_leaf=5
TTTY20,0.08438551078643522,3,RF_max_depth=2_min_samples_leaf=5
OR7C2,0.08438551078643522,3,RF_max_depth=2_min_samples_leaf=5
TRAV25,0.0852000394842371,3,RF_max_depth=2_min_samples_leaf=5
FNDC11,0.0852000394842371,3,RF_max_depth=2_min_samples_leaf=5
OR9I1,0.0852000394842371,3,RF_max_depth=2_min_samples_leaf=5
ENDOU,0.0852000394842371,3,RF_max_depth=2_min_samples_leaf=5
AC022905.1,0.08536636745005502,3,RF_max_depth=2_min_samples_leaf=5
LYPD8,0.08536636745005502,3,RF_max_depth=2_min_samples_leaf=5
CDC37P2,0.08536636745005502,3,RF_max_depth=2_min_samples_leaf=5
CFAP157,0.08627328654573467,3,RF_max_depth=2_min_samples_leaf=5
MIR494,0.08662264486853478,3,RF_max_depth=2_min_samples_leaf=5
EGLN2,0.08665179380671374,3,RF_max_depth=2_min_samples_leaf=5
C14orf180,0.08672066159964756,3,RF_max_depth=2_min_samples_leaf=5
TRAV14DV4,0.08672066159964756,3,RF_max_depth=2_min_samples_leaf=5
LRRC10,0.08682050630893452,3,RF_max_depth=2_min_samples_leaf=5
AL138889.1,0.08687471843542775,3,RF_max_depth=2_min_samples_leaf=5
OR8B2,0.08696996339902892,3,RF_max_depth=2_min_samples_leaf=5
AC073655.2,0.08700461374577681,3,RF_max_depth=2_min_samples_leaf=5
NRL,0.08780182870603112,3,RF_max_depth=2_min_samples_leaf=5
LINC00106,0.0888372204383191,3,RF_max_depth=2_min_samples_leaf=5
AL356488.3,0.08972656129353443,3,RF_max_depth=2_min_samples_leaf=5
TAS1R3,0.09034677274373416,3,RF_max_depth=2_min_samples_leaf=5
AL356481.2,0.09034677274373416,3,RF_max_depth=2_min_samples_leaf=5
CCDC189,0.09063221546473739,3,RF_max_depth=2_min_samples_leaf=5
AC007342.2,0.09063221546473739,3,RF_max_depth=2_min_samples_leaf=5
TMEM72,0.09094461397970742,3,RF_max_depth=2_min_samples_leaf=5
PSKH2,0.09094461397970742,3,RF_max_depth=2_min_samples_leaf=5
AC005014.1,0.0909961206246097,3,RF_max_depth=2_min_samples_leaf=5
LINC01949,0.09100348089344998,3,RF_max_depth=2_min_samples_leaf=5
OR6N1,0.09114958099183826,3,RF_max_depth=2_min_samples_leaf=5
KRTAP19-8,0.09142711978537638,3,RF_max_depth=2_min_samples_leaf=5
TRAV8-6,0.09223547108528418,3,RF_max_depth=2_min_samples_leaf=5
RNF148,0.09233782170511767,3,RF_max_depth=2_min_samples_leaf=5
BX664615.1,0.09330867749183563,3,RF_max_depth=2_min_samples_leaf=5
TPRXL,0.09330867749183563,3,RF_max_depth=2_min_samples_leaf=5
AP006545.1,0.09330867749183563,3,RF_max_depth=2_min_samples_leaf=5
AL360271.1,0.09330867749183563,3,RF_max_depth=2_min_samples_leaf=5
AL035587.1,0.09345733721816026,3,RF_max_depth=2_min_samples_leaf=5
HTR1B,0.09345733721816026,3,RF_max_depth=2_min_samples_leaf=5
OR9G4,0.09345733721816026,3,RF_max_depth=2_min_samples_leaf=5
NUDT9P1,0.09482106799298833,3,RF_max_depth=2_min_samples_leaf=5
AC015813.1,0.09575032999068078,3,RF_max_depth=2_min_samples_leaf=5
ROM1,0.09606353016027899,3,RF_max_depth=2_min_samples_leaf=5
AP002986.1,0.09606353016027899,3,RF_max_depth=2_min_samples_leaf=5
LEXM,0.0960653061500762,3,RF_max_depth=2_min_samples_leaf=5
RAB38,0.09658797951419316,3,RF_max_depth=2_min_samples_leaf=5
AC026410.1,0.09669303202848298,3,RF_max_depth=2_min_samples_leaf=5
LINC01565,0.09682982182275728,3,RF_max_depth=2_min_samples_leaf=5
AC234771.2,0.09719234423413033,3,RF_max_depth=2_min_samples_leaf=5
MT-RNR2,0.09745295345593145,3,RF_max_depth=2_min_samples_leaf=5
AC092301.1,0.09767164989922576,3,RF_max_depth=2_min_samples_leaf=5
AC110926.1,0.09827174795012915,3,RF_max_depth=2_min_samples_leaf=5
GATA1,0.09831289172213856,3,RF_max_depth=2_min_samples_leaf=5
GH2,0.0984224856400368,3,RF_max_depth=2_min_samples_leaf=5
BPY2B,0.09917134948373071,3,RF_max_depth=2_min_samples_leaf=5
AC009501.1,0.09917134948373071,3,RF_max_depth=2_min_samples_leaf=5
BPY2,0.09917134948373071,3,RF_max_depth=2_min_samples_leaf=5
FAM58BP,6.837243194389645e-14,4,RF_max_depth=2_min_samples_leaf=5
SLC35E4,0.002062130102695738,4,RF_max_depth=2_min_samples_leaf=5
AC006538.1,0.002062130102695738,4,RF_max_depth=2_min_samples_leaf=5
CABP2,0.003809964398686465,4,RF_max_depth=2_min_samples_leaf=5
AC135731.1,0.007439407953250224,4,RF_max_depth=2_min_samples_leaf=5
HIPK4,0.009212119250933681,4,RF_max_depth=2_min_samples_leaf=5
ZNF679,0.010794378835709889,4,RF_max_depth=2_min_samples_leaf=5
FAM47A,0.020026347935905527,4,RF_max_depth=2_min_samples_leaf=5
AC073548.1,0.02540962071786236,4,RF_max_depth=2_min_samples_leaf=5
MC4R,0.029230578174941905,4,RF_max_depth=2_min_samples_leaf=5
DLX6-AS1,0.03506192525510548,4,RF_max_depth=2_min_samples_leaf=5
GPR171,0.0641267909941677,4,RF_max_depth=2_min_samples_leaf=5
DCDC2C,0.0641267909941677,4,RF_max_depth=2_min_samples_leaf=5
OR51K1P,0.0641267909941677,4,RF_max_depth=2_min_samples_leaf=5
NEUROG2,0.06561035976348642,4,RF_max_depth=2_min_samples_leaf=5
SLC7A3,0.07527195956209312,4,RF_max_depth=2_min_samples_leaf=5
AC127070.4,0.09107117894278631,4,RF_max_depth=2_min_samples_leaf=5
IGKV1D-43,0.09107117894278631,4,RF_max_depth=2_min_samples_leaf=5
NTNG1,0.09107117894278631,4,RF_max_depth=2_min_samples_leaf=5
FAM83C,0.09107117894278631,4,RF_max_depth=2_min_samples_leaf=5
AL133245.1,0.09107117894278631,4,RF_max_depth=2_min_samples_leaf=5
AL162171.3,0.09107117894278631,4,RF_max_depth=2_min_samples_leaf=5
CAMK1G,0.0002346121904188318,1,RF_max_depth=2_min_samples_leaf=10
EFHC2,0.0031374001214932636,1,RF_max_depth=2_min_samples_leaf=10
CABP2,0.004218217529974291,1,RF_max_depth=2_min_samples_leaf=10
HNRNPCL4,0.004218217529974291,1,RF_max_depth=2_min_samples_leaf=10
MGAT4D,0.019711618421288726,1,RF_max_depth=2_min_samples_leaf=10
TRIM51CP,0.019711618421288726,1,RF_max_depth=2_min_samples_leaf=10
FAM47C,0.019711618421288726,1,RF_max_depth=2_min_samples_leaf=10
AC005696.4,0.019711618421288726,1,RF_max_depth=2_min_samples_leaf=10
KRTAP10-8,0.019711618421288726,1,RF_max_depth=2_min_samples_leaf=10
DEFB106B,0.019711618421288726,1,RF_max_depth=2_min_samples_leaf=10
DEFB106A,0.019711618421288726,1,RF_max_depth=2_min_samples_leaf=10
AC135731.1,0.019711618421288726,1,RF_max_depth=2_min_samples_leaf=10
AC127070.4,0.019711618421288726,1,RF_max_depth=2_min_samples_leaf=10
DEFB4B,0.019711618421288726,1,RF_max_depth=2_min_samples_leaf=10
WFDC5,0.019711618421288726,1,RF_max_depth=2_min_samples_leaf=10
DCDC2C,0.027057107307385093,1,RF_max_depth=2_min_samples_leaf=10
C2orf92,0.027385840492625924,1,RF_max_depth=2_min_samples_leaf=10
CSF2,0.03317754905023052,1,RF_max_depth=2_min_samples_leaf=10
AL117328.2,0.03317754905023052,1,RF_max_depth=2_min_samples_leaf=10
C8orf87,0.03317754905023052,1,RF_max_depth=2_min_samples_leaf=10
TAS1R2,0.03317754905023052,1,RF_max_depth=2_min_samples_leaf=10
AC092068.2,0.03317754905023052,1,RF_max_depth=2_min_samples_leaf=10
AL133245.1,0.03586210693144581,1,RF_max_depth=2_min_samples_leaf=10
OR52E6,0.038604436431056294,1,RF_max_depth=2_min_samples_leaf=10
AL353726.2,0.038629659973828924,1,RF_max_depth=2_min_samples_leaf=10
GPR6,0.038629659973828924,1,RF_max_depth=2_min_samples_leaf=10
KLF17,0.039947763987508066,1,RF_max_depth=2_min_samples_leaf=10
AC009086.3,0.039947763987508066,1,RF_max_depth=2_min_samples_leaf=10
AL139384.2,0.04422728165507532,1,RF_max_depth=2_min_samples_leaf=10
AC020917.4,0.04422728165507532,1,RF_max_depth=2_min_samples_leaf=10
AC017002.1,0.04422728165507532,1,RF_max_depth=2_min_samples_leaf=10
GP9,0.04422728165507532,1,RF_max_depth=2_min_samples_leaf=10
AC138647.1,0.058754469042218836,1,RF_max_depth=2_min_samples_leaf=10
LGALS14,0.07252118709399037,1,RF_max_depth=2_min_samples_leaf=10
AL162171.3,0.07741974148695221,1,RF_max_depth=2_min_samples_leaf=10
AC020908.3,0.08455257332165889,1,RF_max_depth=2_min_samples_leaf=10
AC005899.1,0.09002626812741678,1,RF_max_depth=2_min_samples_leaf=10
FAM47A,0.09125889972548598,1,RF_max_depth=2_min_samples_leaf=10
ATP5F1E,0.09125889972548598,1,RF_max_depth=2_min_samples_leaf=10
AC006538.1,0.09693472950570264,1,RF_max_depth=2_min_samples_leaf=10
OR5H2,0.09948872819526197,1,RF_max_depth=2_min_samples_leaf=10
CAMK2N2,0.09976288301590981,1,RF_max_depth=2_min_samples_leaf=10
TSPY2,0.13283227073027282,2,RF_max_depth=2_min_samples_leaf=10
LGI3,0.18427379154017176,2,RF_max_depth=2_min_samples_leaf=10
ATOH1,0.18427379154017176,2,RF_max_depth=2_min_samples_leaf=10
POU4F1,0.2371822219764822,2,RF_max_depth=2_min_samples_leaf=10
HAPLN1,0.2371822219764822,2,RF_max_depth=2_min_samples_leaf=10
KIR3DX1,0.2787111715702861,2,RF_max_depth=2_min_samples_leaf=10
TSPY9P,0.5016764055996401,2,RF_max_depth=2_min_samples_leaf=10
HOXA5,0.5069232359466297,2,RF_max_depth=2_min_samples_leaf=10
KCNJ10,0.5069232359466297,2,RF_max_depth=2_min_samples_leaf=10
LINC00304,0.5069232359466297,2,RF_max_depth=2_min_samples_leaf=10
AC135050.1,0.5069232359466297,2,RF_max_depth=2_min_samples_leaf=10
AC025430.1,0.5069232359466297,2,RF_max_depth=2_min_samples_leaf=10
AC064807.1,0.5723168173304156,2,RF_max_depth=2_min_samples_leaf=10
TBXT,0.5957011847396212,2,RF_max_depth=2_min_samples_leaf=10
CADM3,0.6240571435232605,2,RF_max_depth=2_min_samples_leaf=10
ZNF710-AS1,0.6240571435232605,2,RF_max_depth=2_min_samples_leaf=10
TSPY7P,0.6240571435232605,2,RF_max_depth=2_min_samples_leaf=10
AZIN2,0.6358078434146772,2,RF_max_depth=2_min_samples_leaf=10
OLFM3,0.6538460975620365,2,RF_max_depth=2_min_samples_leaf=10
TSPAN11,0.6538460975620365,2,RF_max_depth=2_min_samples_leaf=10
CCIN,3.556204501672295e-05,3,RF_max_depth=2_min_samples_leaf=10
FOXI2,4.30119628292221e-05,3,RF_max_depth=2_min_samples_leaf=10
TSNAXIP1,9.820043745730653e-05,3,RF_max_depth=2_min_samples_leaf=10
TRIM60,0.0001057561980992679,3,RF_max_depth=2_min_samples_leaf=10
EFHC2,0.00013254290395039013,3,RF_max_depth=2_min_samples_leaf=10
AC135731.1,0.00021077485487619576,3,RF_max_depth=2_min_samples_leaf=10
AQP12B,0.0005806761347163215,3,RF_max_depth=2_min_samples_leaf=10
SUN3,0.0007863187820017613,3,RF_max_depth=2_min_samples_leaf=10
SLC34A3,0.00111626315397771,3,RF_max_depth=2_min_samples_leaf=10
UBBP1,0.001417335229653906,3,RF_max_depth=2_min_samples_leaf=10
SPDYA,0.0014557504666834356,3,RF_max_depth=2_min_samples_leaf=10
AC139426.1,0.001965810460098856,3,RF_max_depth=2_min_samples_leaf=10
ZMAT4,0.001965810460098856,3,RF_max_depth=2_min_samples_leaf=10
C6orf222,0.001965810460098856,3,RF_max_depth=2_min_samples_leaf=10
DNM1P47,0.001965810460098856,3,RF_max_depth=2_min_samples_leaf=10
BSPRY,0.001965810460098856,3,RF_max_depth=2_min_samples_leaf=10
GRHL3,0.001965810460098856,3,RF_max_depth=2_min_samples_leaf=10
PADI1,0.0020987784117093354,3,RF_max_depth=2_min_samples_leaf=10
DEFB4B,0.0023265236672844144,3,RF_max_depth=2_min_samples_leaf=10
C3orf84,0.0023265236672844144,3,RF_max_depth=2_min_samples_leaf=10
CABP2,0.0023265236672844144,3,RF_max_depth=2_min_samples_leaf=10
MYF6,0.002393416775832938,3,RF_max_depth=2_min_samples_leaf=10
UMOD,0.0024370834868512638,3,RF_max_depth=2_min_samples_leaf=10
UGT3A2,0.0025324689231368265,3,RF_max_depth=2_min_samples_leaf=10
IRX6,0.0025324689231368265,3,RF_max_depth=2_min_samples_leaf=10
CCT8L1P,0.0025324689231368265,3,RF_max_depth=2_min_samples_leaf=10
C17orf78,0.00265201571097863,3,RF_max_depth=2_min_samples_leaf=10
TGIF2LX,0.002752915062437729,3,RF_max_depth=2_min_samples_leaf=10
OR10G9,0.002875224522415194,3,RF_max_depth=2_min_samples_leaf=10
ADAM6,0.0033334976973799202,3,RF_max_depth=2_min_samples_leaf=10
AC006538.1,0.003425993476437647,3,RF_max_depth=2_min_samples_leaf=10
NPY4R,0.004085390491956862,3,RF_max_depth=2_min_samples_leaf=10
HNRNPA1P9,0.004131978270379738,3,RF_max_depth=2_min_samples_leaf=10
NACAD,0.004204473090879509,3,RF_max_depth=2_min_samples_leaf=10
TNNC1,0.004204473090879509,3,RF_max_depth=2_min_samples_leaf=10
C2orf70,0.004436555200641601,3,RF_max_depth=2_min_samples_leaf=10
GPA33,0.004436555200641601,3,RF_max_depth=2_min_samples_leaf=10
SLC7A3,0.004438222826980152,3,RF_max_depth=2_min_samples_leaf=10
AP000552.3,0.004864663140060189,3,RF_max_depth=2_min_samples_leaf=10
DPPA3,0.004864663140060189,3,RF_max_depth=2_min_samples_leaf=10
AC004889.1,0.004864663140060189,3,RF_max_depth=2_min_samples_leaf=10
CAMK1G,0.005079476174166191,3,RF_max_depth=2_min_samples_leaf=10
CLDN19,0.005079476174166191,3,RF_max_depth=2_min_samples_leaf=10
REELD1,0.00513252575798901,3,RF_max_depth=2_min_samples_leaf=10
WFDC5,0.00513252575798901,3,RF_max_depth=2_min_samples_leaf=10
BPIFB6,0.00513252575798901,3,RF_max_depth=2_min_samples_leaf=10
GPR6,0.00513252575798901,3,RF_max_depth=2_min_samples_leaf=10
NPY5R,0.00513252575798901,3,RF_max_depth=2_min_samples_leaf=10
LRRC30,0.00513252575798901,3,RF_max_depth=2_min_samples_leaf=10
PROKR2,0.00513252575798901,3,RF_max_depth=2_min_samples_leaf=10
CATSPER4,0.00513252575798901,3,RF_max_depth=2_min_samples_leaf=10
AC012354.2,0.00513252575798901,3,RF_max_depth=2_min_samples_leaf=10
POPDC3,0.00513252575798901,3,RF_max_depth=2_min_samples_leaf=10
FGF8,0.00513252575798901,3,RF_max_depth=2_min_samples_leaf=10
FAM47C,0.00513252575798901,3,RF_max_depth=2_min_samples_leaf=10
IGKV1OR2-118,0.00513252575798901,3,RF_max_depth=2_min_samples_leaf=10
REC114,0.00513252575798901,3,RF_max_depth=2_min_samples_leaf=10
SMYD1,0.00536889924013486,3,RF_max_depth=2_min_samples_leaf=10
PADI3,0.005403135267365348,3,RF_max_depth=2_min_samples_leaf=10
MOS,0.005687326339847545,3,RF_max_depth=2_min_samples_leaf=10
KCNIP1,0.005687326339847545,3,RF_max_depth=2_min_samples_leaf=10
KRTAP10-8,0.005871614377615396,3,RF_max_depth=2_min_samples_leaf=10
RFPL4AP1,0.006104574791591355,3,RF_max_depth=2_min_samples_leaf=10
PPP4R3C,0.006104574791591355,3,RF_max_depth=2_min_samples_leaf=10
GJB3,0.006104574791591355,3,RF_max_depth=2_min_samples_leaf=10
ACTRT3,0.006104574791591355,3,RF_max_depth=2_min_samples_leaf=10
DEFB106A,0.00612084847942525,3,RF_max_depth=2_min_samples_leaf=10
SLC29A4P1,0.006163251206785638,3,RF_max_depth=2_min_samples_leaf=10
OR6P1,0.006694240499421805,3,RF_max_depth=2_min_samples_leaf=10
PF4V1,0.006706414089905437,3,RF_max_depth=2_min_samples_leaf=10
TAS1R2,0.006706414089905437,3,RF_max_depth=2_min_samples_leaf=10
C11orf16,0.006706414089905437,3,RF_max_depth=2_min_samples_leaf=10
LELP1,0.006952600488037477,3,RF_max_depth=2_min_samples_leaf=10
NTNG1,0.007003043354357123,3,RF_max_depth=2_min_samples_leaf=10
AC015911.1,0.007499184652322325,3,RF_max_depth=2_min_samples_leaf=10
CYTOR,0.007499184652322325,3,RF_max_depth=2_min_samples_leaf=10
ELANE,0.007499184652322325,3,RF_max_depth=2_min_samples_leaf=10
DEFB119,0.007499184652322325,3,RF_max_depth=2_min_samples_leaf=10
H2AFB2,0.007627623853773193,3,RF_max_depth=2_min_samples_leaf=10
DEFB107A,0.007627623853773193,3,RF_max_depth=2_min_samples_leaf=10
TGFBR3L,0.007886548048861542,3,RF_max_depth=2_min_samples_leaf=10
RS1,0.007886548048861542,3,RF_max_depth=2_min_samples_leaf=10
DEFB107B,0.007984439482166691,3,RF_max_depth=2_min_samples_leaf=10
SLC6A8,0.008424446513401863,3,RF_max_depth=2_min_samples_leaf=10
AL512310.6,0.008454176954173264,3,RF_max_depth=2_min_samples_leaf=10
DCDC2C,0.008733640460903786,3,RF_max_depth=2_min_samples_leaf=10
EPHB3,0.008942416619876362,3,RF_max_depth=2_min_samples_leaf=10
PGPEP1L,0.008942416619876362,3,RF_max_depth=2_min_samples_leaf=10
KDM4E,0.008942416619876362,3,RF_max_depth=2_min_samples_leaf=10
MYL1,0.008942416619876362,3,RF_max_depth=2_min_samples_leaf=10
DEFB106B,0.008942416619876362,3,RF_max_depth=2_min_samples_leaf=10
ASTL,0.008942416619876362,3,RF_max_depth=2_min_samples_leaf=10
OBP2B,0.008942416619876362,3,RF_max_depth=2_min_samples_leaf=10
LRRC3C,0.008942416619876362,3,RF_max_depth=2_min_samples_leaf=10
DEFB104A,0.008942416619876362,3,RF_max_depth=2_min_samples_leaf=10
RLBP1,0.008942416619876362,3,RF_max_depth=2_min_samples_leaf=10
KRTDAP,0.008942416619876362,3,RF_max_depth=2_min_samples_leaf=10
MYOG,0.008942416619876362,3,RF_max_depth=2_min_samples_leaf=10
GNRHR,0.008942416619876362,3,RF_max_depth=2_min_samples_leaf=10
AC008985.1,0.008942416619876362,3,RF_max_depth=2_min_samples_leaf=10
BPIFB3,0.009020553691482839,3,RF_max_depth=2_min_samples_leaf=10
ACTBL2,0.009020553691482839,3,RF_max_depth=2_min_samples_leaf=10
CNTD1,0.009020553691482839,3,RF_max_depth=2_min_samples_leaf=10
DNASE2B,0.009020553691482839,3,RF_max_depth=2_min_samples_leaf=10
CELA3A,0.009020553691482839,3,RF_max_depth=2_min_samples_leaf=10
FABP6,0.009020553691482839,3,RF_max_depth=2_min_samples_leaf=10
AC112504.1,0.009020553691482839,3,RF_max_depth=2_min_samples_leaf=10
DEFB104B,0.009020553691482839,3,RF_max_depth=2_min_samples_leaf=10
AC136443.1,0.009020553691482839,3,RF_max_depth=2_min_samples_leaf=10
CD177P1,0.009099090835679835,3,RF_max_depth=2_min_samples_leaf=10
RESP18,0.009539978098851293,3,RF_max_depth=2_min_samples_leaf=10
IGHE,0.009539978098851293,3,RF_max_depth=2_min_samples_leaf=10
LHCGR,0.009539978098851293,3,RF_max_depth=2_min_samples_leaf=10
DCAF12L2,0.009539978098851293,3,RF_max_depth=2_min_samples_leaf=10
ZNF488,0.009539978098851293,3,RF_max_depth=2_min_samples_leaf=10
PABPC1P2,0.009637286568264344,3,RF_max_depth=2_min_samples_leaf=10
MT-CO2,0.009637286568264344,3,RF_max_depth=2_min_samples_leaf=10
NYX,0.009637286568264344,3,RF_max_depth=2_min_samples_leaf=10
PRSS55,0.009637286568264344,3,RF_max_depth=2_min_samples_leaf=10
C7orf65,0.009637286568264344,3,RF_max_depth=2_min_samples_leaf=10
AC092068.2,0.009637286568264344,3,RF_max_depth=2_min_samples_leaf=10
CDRT15P1,0.009637286568264344,3,RF_max_depth=2_min_samples_leaf=10
MYBPHL,0.009960960752808147,3,RF_max_depth=2_min_samples_leaf=10
PRAMEF17,0.010049041368567822,3,RF_max_depth=2_min_samples_leaf=10
OR5AC2,0.010201976543035639,3,RF_max_depth=2_min_samples_leaf=10
NT5DC4,0.010418860434589465,3,RF_max_depth=2_min_samples_leaf=10
AQP8,0.010486484640233714,3,RF_max_depth=2_min_samples_leaf=10
FAM90A27P,0.010486484640233714,3,RF_max_depth=2_min_samples_leaf=10
AL691447.2,0.010544554669226328,3,RF_max_depth=2_min_samples_leaf=10
CAMK2N2,0.01067233362851584,3,RF_max_depth=2_min_samples_leaf=10
RAB13,0.01077245117874679,3,RF_max_depth=2_min_samples_leaf=10
AKAP4,0.010888728339933706,3,RF_max_depth=2_min_samples_leaf=10
KLF17,0.011221040415915182,3,RF_max_depth=2_min_samples_leaf=10
OR56A1,0.01143842902037742,3,RF_max_depth=2_min_samples_leaf=10
LINC02203,0.011558593650926272,3,RF_max_depth=2_min_samples_leaf=10
HS6ST2,0.011617951009847517,3,RF_max_depth=2_min_samples_leaf=10
NANOGP2,0.011698964007918733,3,RF_max_depth=2_min_samples_leaf=10
MTCO1P12,0.01183950477458477,3,RF_max_depth=2_min_samples_leaf=10
FOXL2,0.011993337765651006,3,RF_max_depth=2_min_samples_leaf=10
FZD9,0.012426847241995154,3,RF_max_depth=2_min_samples_leaf=10
FUNDC2P2,0.01246545023561772,3,RF_max_depth=2_min_samples_leaf=10
KCNK16,0.01262791929664901,3,RF_max_depth=2_min_samples_leaf=10
GPR152,0.01262791929664901,3,RF_max_depth=2_min_samples_leaf=10
REXO1L3P,0.012801450875359404,3,RF_max_depth=2_min_samples_leaf=10
VSTM1,0.013252153900712754,3,RF_max_depth=2_min_samples_leaf=10
RPS4XP3,0.013341217021609068,3,RF_max_depth=2_min_samples_leaf=10
AHSP,0.013345337090713427,3,RF_max_depth=2_min_samples_leaf=10
C9orf24,0.013428019456591498,3,RF_max_depth=2_min_samples_leaf=10
IGKV6D-21,0.013721518396763173,3,RF_max_depth=2_min_samples_leaf=10
IGKV1D-43,0.014046106592710413,3,RF_max_depth=2_min_samples_leaf=10
PDYN,0.014046106592710413,3,RF_max_depth=2_min_samples_leaf=10
PCDHAC2,0.014090935086277448,3,RF_max_depth=2_min_samples_leaf=10
OR2T27,0.014166735687059269,3,RF_max_depth=2_min_samples_leaf=10
FAM83C,0.014166735687059269,3,RF_max_depth=2_min_samples_leaf=10
GUCY2F,0.01422236508540898,3,RF_max_depth=2_min_samples_leaf=10
KRT33B,0.014270700001879851,3,RF_max_depth=2_min_samples_leaf=10
WNT16,0.014560691179057735,3,RF_max_depth=2_min_samples_leaf=10
OR51D1,0.014658689087934551,3,RF_max_depth=2_min_samples_leaf=10
ZMYND12,0.014842942552811874,3,RF_max_depth=2_min_samples_leaf=10
TAAR5,0.015597736735377104,3,RF_max_depth=2_min_samples_leaf=10
AC009060.2,0.01560325433251736,3,RF_max_depth=2_min_samples_leaf=10
TREM2,0.01578988686676743,3,RF_max_depth=2_min_samples_leaf=10
TEX13A,0.015924119684186753,3,RF_max_depth=2_min_samples_leaf=10
GPR139,0.01612243881583402,3,RF_max_depth=2_min_samples_leaf=10
AC127070.4,0.016228833677981797,3,RF_max_depth=2_min_samples_leaf=10
OR51K1P,0.016290341182164325,3,RF_max_depth=2_min_samples_leaf=10
LLCFC1,0.016829099525573325,3,RF_max_depth=2_min_samples_leaf=10
RHEBL1,0.016829099525573325,3,RF_max_depth=2_min_samples_leaf=10
GHSR,0.017047776162790844,3,RF_max_depth=2_min_samples_leaf=10
MYOZ3,0.017226993120161075,3,RF_max_depth=2_min_samples_leaf=10
ZNF648,0.01733853051204848,3,RF_max_depth=2_min_samples_leaf=10
VGLL2,0.017472051213725387,3,RF_max_depth=2_min_samples_leaf=10
RAB25,0.017773423665657425,3,RF_max_depth=2_min_samples_leaf=10
C8orf87,0.017773423665657425,3,RF_max_depth=2_min_samples_leaf=10
LRRC53,0.017773423665657425,3,RF_max_depth=2_min_samples_leaf=10
AC239859.6,0.017773423665657425,3,RF_max_depth=2_min_samples_leaf=10
CDRT15L2,0.017800498384435263,3,RF_max_depth=2_min_samples_leaf=10
AC092368.3,0.017976997630697024,3,RF_max_depth=2_min_samples_leaf=10
KRT84,0.017976997630697024,3,RF_max_depth=2_min_samples_leaf=10
OR10A3,0.017976997630697024,3,RF_max_depth=2_min_samples_leaf=10
DNM1P51,0.017976997630697024,3,RF_max_depth=2_min_samples_leaf=10
TIMP4,0.017976997630697024,3,RF_max_depth=2_min_samples_leaf=10
AC008033.1,0.017976997630697024,3,RF_max_depth=2_min_samples_leaf=10
PJVK,0.017976997630697024,3,RF_max_depth=2_min_samples_leaf=10
AC025594.1,0.017976997630697024,3,RF_max_depth=2_min_samples_leaf=10
OR52N5,0.017976997630697024,3,RF_max_depth=2_min_samples_leaf=10
LGALS16,0.017976997630697024,3,RF_max_depth=2_min_samples_leaf=10
CRABP2,0.01812924288724069,3,RF_max_depth=2_min_samples_leaf=10
OR52I2,0.018174128091738205,3,RF_max_depth=2_min_samples_leaf=10
AC008395.1,0.01834813333520814,3,RF_max_depth=2_min_samples_leaf=10
KRT32,0.01834813333520814,3,RF_max_depth=2_min_samples_leaf=10
DRD1,0.018392684925084953,3,RF_max_depth=2_min_samples_leaf=10
OR5H2,0.018392684925084953,3,RF_max_depth=2_min_samples_leaf=10
RNASE10,0.018392684925084953,3,RF_max_depth=2_min_samples_leaf=10
RNASE8,0.019042911789328498,3,RF_max_depth=2_min_samples_leaf=10
IGHV3OR16-8,0.01937348494359055,3,RF_max_depth=2_min_samples_leaf=10
RD3L,0.019700025202581524,3,RF_max_depth=2_min_samples_leaf=10
BARHL2,0.020097221812224945,3,RF_max_depth=2_min_samples_leaf=10
IFNL2,0.020209784499825693,3,RF_max_depth=2_min_samples_leaf=10
GSX2,0.020253715992435948,3,RF_max_depth=2_min_samples_leaf=10
CRYGD,0.020253715992435948,3,RF_max_depth=2_min_samples_leaf=10
PRDM13,0.020253715992435948,3,RF_max_depth=2_min_samples_leaf=10
C5orf17,0.020253715992435948,3,RF_max_depth=2_min_samples_leaf=10
AL138820.1,0.020754185741669994,3,RF_max_depth=2_min_samples_leaf=10
TSPAN16,0.020754185741669994,3,RF_max_depth=2_min_samples_leaf=10
IFNL1,0.020754185741669994,3,RF_max_depth=2_min_samples_leaf=10
ZNF679,0.020754185741669994,3,RF_max_depth=2_min_samples_leaf=10
UPK2,0.020754712277194852,3,RF_max_depth=2_min_samples_leaf=10
AC239798.2,0.020783361511227658,3,RF_max_depth=2_min_samples_leaf=10
FAM90A28P,0.021221074418733367,3,RF_max_depth=2_min_samples_leaf=10
C6orf52,0.02145653120292996,3,RF_max_depth=2_min_samples_leaf=10
INAFM2,0.02145653120292996,3,RF_max_depth=2_min_samples_leaf=10
PPDPFL,0.02145653120292996,3,RF_max_depth=2_min_samples_leaf=10
FFAR1,0.021478674102608227,3,RF_max_depth=2_min_samples_leaf=10
KHDC1,0.021504498212400334,3,RF_max_depth=2_min_samples_leaf=10
HIGD2B,0.021567578653555085,3,RF_max_depth=2_min_samples_leaf=10
INHA,0.021567578653555085,3,RF_max_depth=2_min_samples_leaf=10
SGCZ,0.022179920499129983,3,RF_max_depth=2_min_samples_leaf=10
MUCL1,0.022179920499129983,3,RF_max_depth=2_min_samples_leaf=10
OR8K5,0.022179920499129983,3,RF_max_depth=2_min_samples_leaf=10
SHISA3,0.022179920499129983,3,RF_max_depth=2_min_samples_leaf=10
AC090515.5,0.022179920499129983,3,RF_max_depth=2_min_samples_leaf=10
OR2W3,0.022179920499129983,3,RF_max_depth=2_min_samples_leaf=10
GML,0.022179920499129983,3,RF_max_depth=2_min_samples_leaf=10
C16orf78,0.02233376213660119,3,RF_max_depth=2_min_samples_leaf=10
OR1L3,0.02233376213660119,3,RF_max_depth=2_min_samples_leaf=10
C8orf74,0.02233376213660119,3,RF_max_depth=2_min_samples_leaf=10
PTGER1,0.02233376213660119,3,RF_max_depth=2_min_samples_leaf=10
C2orf83,0.02233376213660119,3,RF_max_depth=2_min_samples_leaf=10
LMLN2,0.022525114279871923,3,RF_max_depth=2_min_samples_leaf=10
AL589743.3,0.022875649735034115,3,RF_max_depth=2_min_samples_leaf=10
CIAPIN1P,0.023584742826429403,3,RF_max_depth=2_min_samples_leaf=10
SPACA1,0.023691956979151194,3,RF_max_depth=2_min_samples_leaf=10
TLX2,0.023913747921057615,3,RF_max_depth=2_min_samples_leaf=10
RHOA-IT1,0.024602635614022397,3,RF_max_depth=2_min_samples_leaf=10
KLHL41,0.024960859033448912,3,RF_max_depth=2_min_samples_leaf=10
WNT1,0.025031712629879795,3,RF_max_depth=2_min_samples_leaf=10
GPR149,0.0253606762475196,3,RF_max_depth=2_min_samples_leaf=10
VAX2,0.025923541168369525,3,RF_max_depth=2_min_samples_leaf=10
ZNF280A,0.025923541168369525,3,RF_max_depth=2_min_samples_leaf=10
OR2M5,0.02625481001732466,3,RF_max_depth=2_min_samples_leaf=10
U73166.1,0.026444809239549328,3,RF_max_depth=2_min_samples_leaf=10
FAM177B,0.026444809239549328,3,RF_max_depth=2_min_samples_leaf=10
FDCSP,0.026478444457494407,3,RF_max_depth=2_min_samples_leaf=10
KRTAP21-2,0.02678789725375651,3,RF_max_depth=2_min_samples_leaf=10
AC092127.1,0.027082213358308613,3,RF_max_depth=2_min_samples_leaf=10
TBC1D21,0.027238666548564765,3,RF_max_depth=2_min_samples_leaf=10
AC026468.1,0.027238666548564765,3,RF_max_depth=2_min_samples_leaf=10
NCR2,0.027238666548564765,3,RF_max_depth=2_min_samples_leaf=10
AC009113.1,0.027238666548564765,3,RF_max_depth=2_min_samples_leaf=10
AC007952.9,0.027238666548564765,3,RF_max_depth=2_min_samples_leaf=10
SLAMF9,0.027238666548564765,3,RF_max_depth=2_min_samples_leaf=10
RASSF10,0.027300279735954672,3,RF_max_depth=2_min_samples_leaf=10
GPR143,0.027300279735954672,3,RF_max_depth=2_min_samples_leaf=10
AC010538.1,0.027448725741733696,3,RF_max_depth=2_min_samples_leaf=10
SERPINA13P,0.027448725741733696,3,RF_max_depth=2_min_samples_leaf=10
BX276092.9,0.027738999694085335,3,RF_max_depth=2_min_samples_leaf=10
NEUROG2,0.028107271739950736,3,RF_max_depth=2_min_samples_leaf=10
RWDD4P1,0.028107271739950736,3,RF_max_depth=2_min_samples_leaf=10
KCNV1,0.028476568994889526,3,RF_max_depth=2_min_samples_leaf=10
IRGC,0.028476568994889526,3,RF_max_depth=2_min_samples_leaf=10
AC023310.1,0.02902062421591175,3,RF_max_depth=2_min_samples_leaf=10
JHDM1D-AS1,0.02924148495932061,3,RF_max_depth=2_min_samples_leaf=10
MT-CO1,0.02924148495932061,3,RF_max_depth=2_min_samples_leaf=10
IGHV1-58,0.029627403064097946,3,RF_max_depth=2_min_samples_leaf=10
CHRNA3,0.02982092004212631,3,RF_max_depth=2_min_samples_leaf=10
DQX1,0.02982092004212631,3,RF_max_depth=2_min_samples_leaf=10
GPAT2P2,0.030015122780838552,3,RF_max_depth=2_min_samples_leaf=10
OR52R1,0.03003284732985637,3,RF_max_depth=2_min_samples_leaf=10
C17orf98,0.030097579772352997,3,RF_max_depth=2_min_samples_leaf=10
OR52L1,0.030216753980034972,3,RF_max_depth=2_min_samples_leaf=10
TMEM174,0.030388555216073237,3,RF_max_depth=2_min_samples_leaf=10
PTCRA,0.030599240420079946,3,RF_max_depth=2_min_samples_leaf=10
MYL4,0.03100287323512565,3,RF_max_depth=2_min_samples_leaf=10
LPAR4,0.03155896324088166,3,RF_max_depth=2_min_samples_leaf=10
OR7E26P,0.032041088227059804,3,RF_max_depth=2_min_samples_leaf=10
AF186192.1,0.03256728373100144,3,RF_max_depth=2_min_samples_leaf=10
BPIFC,0.03273355757742095,3,RF_max_depth=2_min_samples_leaf=10
FAM47B,0.03278332421570266,3,RF_max_depth=2_min_samples_leaf=10
AL512770.1,0.03278332421570266,3,RF_max_depth=2_min_samples_leaf=10
PTGES2-AS1,0.032837965076932686,3,RF_max_depth=2_min_samples_leaf=10
AL031595.2,0.03330192832146371,3,RF_max_depth=2_min_samples_leaf=10
SBF2-AS1,0.033307817917094716,3,RF_max_depth=2_min_samples_leaf=10
BPIFB2,0.03339426485562948,3,RF_max_depth=2_min_samples_leaf=10
HOXA11,0.03587517154042598,3,RF_max_depth=2_min_samples_leaf=10
GK2,0.035897157044494164,3,RF_max_depth=2_min_samples_leaf=10
OR1F2P,0.035898160725198115,3,RF_max_depth=2_min_samples_leaf=10
AP000357.1,0.035898160725198115,3,RF_max_depth=2_min_samples_leaf=10
CELA2B,0.035898160725198115,3,RF_max_depth=2_min_samples_leaf=10
DBET,0.035898160725198115,3,RF_max_depth=2_min_samples_leaf=10
PDE6H,0.035898160725198115,3,RF_max_depth=2_min_samples_leaf=10
RLN2,0.03665650552697278,3,RF_max_depth=2_min_samples_leaf=10
A1BG,0.03700714662985853,3,RF_max_depth=2_min_samples_leaf=10
IGHV3OR16-9,0.03700714662985853,3,RF_max_depth=2_min_samples_leaf=10
AC120114.4,0.03700714662985853,3,RF_max_depth=2_min_samples_leaf=10
AC104791.2,0.038238155486517655,3,RF_max_depth=2_min_samples_leaf=10
AC138647.1,0.038238155486517655,3,RF_max_depth=2_min_samples_leaf=10
MAGEC2,0.038238155486517655,3,RF_max_depth=2_min_samples_leaf=10
JPX,0.038238155486517655,3,RF_max_depth=2_min_samples_leaf=10
OR2F2,0.03965687464442805,3,RF_max_depth=2_min_samples_leaf=10
AC009086.3,0.03965687464442805,3,RF_max_depth=2_min_samples_leaf=10
GOT1L1,0.039813326661151505,3,RF_max_depth=2_min_samples_leaf=10
LINC02197,0.03994475724324776,3,RF_max_depth=2_min_samples_leaf=10
SLC6A18,0.040055467748424785,3,RF_max_depth=2_min_samples_leaf=10
TBX22,0.040055467748424785,3,RF_max_depth=2_min_samples_leaf=10
GLRA4,0.04049252675991877,3,RF_max_depth=2_min_samples_leaf=10
AC012441.2,0.040647517455257444,3,RF_max_depth=2_min_samples_leaf=10
OR5P3,0.040647517455257444,3,RF_max_depth=2_min_samples_leaf=10
CCR8,0.04065825550243512,3,RF_max_depth=2_min_samples_leaf=10
AP005212.1,0.04069285952104445,3,RF_max_depth=2_min_samples_leaf=10
OR52B1P,0.04069285952104445,3,RF_max_depth=2_min_samples_leaf=10
SOHLH1,0.04069285952104445,3,RF_max_depth=2_min_samples_leaf=10
PSORS1C1,0.04111103193281701,3,RF_max_depth=2_min_samples_leaf=10
KCTD21-AS1,0.0419211275096112,3,RF_max_depth=2_min_samples_leaf=10
DYNLRB2,0.042939904056933945,3,RF_max_depth=2_min_samples_leaf=10
AC092053.3,0.04300767470686839,3,RF_max_depth=2_min_samples_leaf=10
ALG1L2,0.043193172627589156,3,RF_max_depth=2_min_samples_leaf=10
AC104794.2,0.043193172627589156,3,RF_max_depth=2_min_samples_leaf=10
AP003057.1,0.043193172627589156,3,RF_max_depth=2_min_samples_leaf=10
SPZ1,0.043193172627589156,3,RF_max_depth=2_min_samples_leaf=10
AL008638.3,0.043708795701659545,3,RF_max_depth=2_min_samples_leaf=10
AC008740.2,0.043708795701659545,3,RF_max_depth=2_min_samples_leaf=10
TNFSF18,0.043708795701659545,3,RF_max_depth=2_min_samples_leaf=10
PRSS29P,0.043708795701659545,3,RF_max_depth=2_min_samples_leaf=10
GRID1,0.04391718802109978,3,RF_max_depth=2_min_samples_leaf=10
S100B,0.04425478696688573,3,RF_max_depth=2_min_samples_leaf=10
MIAT,0.044456275875786204,3,RF_max_depth=2_min_samples_leaf=10
AC003681.1,0.04452820395791943,3,RF_max_depth=2_min_samples_leaf=10
AC099684.2,0.044770381813394454,3,RF_max_depth=2_min_samples_leaf=10
GPR20,0.044838415114245044,3,RF_max_depth=2_min_samples_leaf=10
C17orf113,0.046262603588788885,3,RF_max_depth=2_min_samples_leaf=10
P2RY4,0.046770060775709374,3,RF_max_depth=2_min_samples_leaf=10
OR5F1,0.046770060775709374,3,RF_max_depth=2_min_samples_leaf=10
DMRT3,0.04684604738147252,3,RF_max_depth=2_min_samples_leaf=10
AC018647.2,0.04684604738147252,3,RF_max_depth=2_min_samples_leaf=10
OR8B12,0.04726220553625128,3,RF_max_depth=2_min_samples_leaf=10
AC090525.2,0.04726220553625128,3,RF_max_depth=2_min_samples_leaf=10
MAPK11,0.04726220553625128,3,RF_max_depth=2_min_samples_leaf=10
GALR3,0.04727585937589916,3,RF_max_depth=2_min_samples_leaf=10
CA7,0.04727585937589916,3,RF_max_depth=2_min_samples_leaf=10
AC106788.2,0.04727585937589916,3,RF_max_depth=2_min_samples_leaf=10
TNFSF9,0.04727585937589916,3,RF_max_depth=2_min_samples_leaf=10
DEFB115,0.04727585937589916,3,RF_max_depth=2_min_samples_leaf=10
C11orf53,0.04727585937589916,3,RF_max_depth=2_min_samples_leaf=10
AL136982.1,0.04727585937589916,3,RF_max_depth=2_min_samples_leaf=10
AC015871.4,0.04727585937589916,3,RF_max_depth=2_min_samples_leaf=10
LIPM,0.04764107132822796,3,RF_max_depth=2_min_samples_leaf=10
KLK12,0.04764107132822796,3,RF_max_depth=2_min_samples_leaf=10
ANGPT4,0.04764107132822796,3,RF_max_depth=2_min_samples_leaf=10
IGKV1OR22-5,0.04794619944360568,3,RF_max_depth=2_min_samples_leaf=10
BEST3,0.04797521495961461,3,RF_max_depth=2_min_samples_leaf=10
MRPL30,0.04797521495961461,3,RF_max_depth=2_min_samples_leaf=10
AC012645.2,0.04797521495961461,3,RF_max_depth=2_min_samples_leaf=10
LENG9,0.04797521495961461,3,RF_max_depth=2_min_samples_leaf=10
TAS2R13,0.04811952110559851,3,RF_max_depth=2_min_samples_leaf=10
AL445235.1,0.04812250231912492,3,RF_max_depth=2_min_samples_leaf=10
FOSL1P1,0.04812250231912492,3,RF_max_depth=2_min_samples_leaf=10
TRAV13-2,0.04812250231912492,3,RF_max_depth=2_min_samples_leaf=10
CSF2,0.048357797822076116,3,RF_max_depth=2_min_samples_leaf=10
OR10J1,0.048357797822076116,3,RF_max_depth=2_min_samples_leaf=10
ANKRD65,0.048357797822076116,3,RF_max_depth=2_min_samples_leaf=10
AC025198.1,0.04869322304174243,3,RF_max_depth=2_min_samples_leaf=10
OR2I1P,0.04892625157862099,3,RF_max_depth=2_min_samples_leaf=10
TDRKH-AS1,0.04892625157862099,3,RF_max_depth=2_min_samples_leaf=10
AC067904.1,0.04892625157862099,3,RF_max_depth=2_min_samples_leaf=10
KRTAP2-1,0.04892625157862099,3,RF_max_depth=2_min_samples_leaf=10
SCGB1C2,0.048961275094975595,3,RF_max_depth=2_min_samples_leaf=10
ACOD1,0.0491882867185172,3,RF_max_depth=2_min_samples_leaf=10
VN1R4,0.0491882867185172,3,RF_max_depth=2_min_samples_leaf=10
CUBNP2,0.04921838427795398,3,RF_max_depth=2_min_samples_leaf=10
CYP51A1,0.04921838427795398,3,RF_max_depth=2_min_samples_leaf=10
DCAF12L1,0.04921838427795398,3,RF_max_depth=2_min_samples_leaf=10
TTC9B,0.04921838427795398,3,RF_max_depth=2_min_samples_leaf=10
BTBD17,0.04921838427795398,3,RF_max_depth=2_min_samples_leaf=10
OR10H1,0.04921838427795398,3,RF_max_depth=2_min_samples_leaf=10
OR13F1,0.04921838427795398,3,RF_max_depth=2_min_samples_leaf=10
MTND4P24,0.04930287564034296,3,RF_max_depth=2_min_samples_leaf=10
RAX2,0.04936796644301496,3,RF_max_depth=2_min_samples_leaf=10
RTP4,0.04936796644301496,3,RF_max_depth=2_min_samples_leaf=10
IGKV1OR-3,0.04937222289598894,3,RF_max_depth=2_min_samples_leaf=10
FAM47A,0.04937222289598894,3,RF_max_depth=2_min_samples_leaf=10
AC093826.2,0.05020962000870157,3,RF_max_depth=2_min_samples_leaf=10
RBMXL3,0.05028725639165374,3,RF_max_depth=2_min_samples_leaf=10
DDN,0.05040928592697564,3,RF_max_depth=2_min_samples_leaf=10
PCP4,0.05091762053557602,3,RF_max_depth=2_min_samples_leaf=10
CCL8,0.051342729802777765,3,RF_max_depth=2_min_samples_leaf=10
RPS13P2,0.0515200236589032,3,RF_max_depth=2_min_samples_leaf=10
CBLN4,0.051620609973247994,3,RF_max_depth=2_min_samples_leaf=10
CARD18,0.0516769859952159,3,RF_max_depth=2_min_samples_leaf=10
TAS2R8,0.0516769859952159,3,RF_max_depth=2_min_samples_leaf=10
AC099778.1,0.0516769859952159,3,RF_max_depth=2_min_samples_leaf=10
MT-CO3,0.0516769859952159,3,RF_max_depth=2_min_samples_leaf=10
GPR45,0.05188152434429806,3,RF_max_depth=2_min_samples_leaf=10
MORN5,0.05188152434429806,3,RF_max_depth=2_min_samples_leaf=10
SLC2A7,0.05188152434429806,3,RF_max_depth=2_min_samples_leaf=10
IGF2-AS,0.05188152434429806,3,RF_max_depth=2_min_samples_leaf=10
CLEC3A,0.05188152434429806,3,RF_max_depth=2_min_samples_leaf=10
CACNG7,0.05235579527549829,3,RF_max_depth=2_min_samples_leaf=10
AC246793.1,0.052567397050382714,3,RF_max_depth=2_min_samples_leaf=10
ZNF285B,0.052567397050382714,3,RF_max_depth=2_min_samples_leaf=10
ADRA1D,0.052981238236429196,3,RF_max_depth=2_min_samples_leaf=10
IGKV6-21,0.052981238236429196,3,RF_max_depth=2_min_samples_leaf=10
GPR173,0.05304148015715388,3,RF_max_depth=2_min_samples_leaf=10
OR5K4,0.0536518184154983,3,RF_max_depth=2_min_samples_leaf=10
OR8K3,0.054291071071658994,3,RF_max_depth=2_min_samples_leaf=10
RPL31P49,0.054291071071658994,3,RF_max_depth=2_min_samples_leaf=10
PTCHD3,0.054291071071658994,3,RF_max_depth=2_min_samples_leaf=10
RXFP3,0.054291071071658994,3,RF_max_depth=2_min_samples_leaf=10
ZNF474,0.054291071071658994,3,RF_max_depth=2_min_samples_leaf=10
LINC01996,0.05497987619196225,3,RF_max_depth=2_min_samples_leaf=10
TUBAL3,0.05497987619196225,3,RF_max_depth=2_min_samples_leaf=10
CLCA3P,0.05497987619196225,3,RF_max_depth=2_min_samples_leaf=10
CLDN20,0.05499957688333246,3,RF_max_depth=2_min_samples_leaf=10
FAM220BP,0.05507713920638184,3,RF_max_depth=2_min_samples_leaf=10
TEX26,0.055284290023507356,3,RF_max_depth=2_min_samples_leaf=10
TRAV13-1,0.05586022028776828,3,RF_max_depth=2_min_samples_leaf=10
AC139792.1,0.05586022028776828,3,RF_max_depth=2_min_samples_leaf=10
SERTAD4-AS1,0.056501719481951505,3,RF_max_depth=2_min_samples_leaf=10
NKX2-2,0.05697805962819983,3,RF_max_depth=2_min_samples_leaf=10
SPINK9,0.05832638529350883,3,RF_max_depth=2_min_samples_leaf=10
TAAR9,0.05848753115648872,3,RF_max_depth=2_min_samples_leaf=10
GDF10,0.05848753115648872,3,RF_max_depth=2_min_samples_leaf=10
CALHM3,0.05854458995750723,3,RF_max_depth=2_min_samples_leaf=10
AL161669.3,0.05854458995750723,3,RF_max_depth=2_min_samples_leaf=10
TMEM95,0.05947966314114111,3,RF_max_depth=2_min_samples_leaf=10
PPP1R2C,0.059693467146638715,3,RF_max_depth=2_min_samples_leaf=10
SERPINB11,0.05977704520854597,3,RF_max_depth=2_min_samples_leaf=10
UGT1A3,0.05978961639467165,3,RF_max_depth=2_min_samples_leaf=10
SULT1A4,0.05983684959908727,3,RF_max_depth=2_min_samples_leaf=10
TMEM132C,0.06018469207556507,3,RF_max_depth=2_min_samples_leaf=10
AC008895.1,0.060687335185842295,3,RF_max_depth=2_min_samples_leaf=10
AC020917.4,0.06135302152176458,3,RF_max_depth=2_min_samples_leaf=10
OR2W5,0.061629601207892924,3,RF_max_depth=2_min_samples_leaf=10
PRTN3,0.06361924246569112,3,RF_max_depth=2_min_samples_leaf=10
SF3A3P2,0.06383168420070903,3,RF_max_depth=2_min_samples_leaf=10
ZBTB20-AS4,0.06421719756737028,3,RF_max_depth=2_min_samples_leaf=10
PLSCR5,0.06421719756737028,3,RF_max_depth=2_min_samples_leaf=10
SMR3A,0.06566695110102469,3,RF_max_depth=2_min_samples_leaf=10
AC023794.1,0.06582209960467521,3,RF_max_depth=2_min_samples_leaf=10
LACRT,0.06632711556086388,3,RF_max_depth=2_min_samples_leaf=10
LINC00240,0.06632711556086388,3,RF_max_depth=2_min_samples_leaf=10
TUBA3FP,0.06639252310921588,3,RF_max_depth=2_min_samples_leaf=10
LRRC37A7P,0.06639252310921588,3,RF_max_depth=2_min_samples_leaf=10
GP9,0.06701475901078391,3,RF_max_depth=2_min_samples_leaf=10
BTBD10P1,0.06701475901078391,3,RF_max_depth=2_min_samples_leaf=10
CRYGA,0.06738334154464934,3,RF_max_depth=2_min_samples_leaf=10
LINC00426,0.06747919706573179,3,RF_max_depth=2_min_samples_leaf=10
AL137028.1,0.06747919706573179,3,RF_max_depth=2_min_samples_leaf=10
NPM1P9,0.06757678335466764,3,RF_max_depth=2_min_samples_leaf=10
AC093536.1,0.06781323266983076,3,RF_max_depth=2_min_samples_leaf=10
CTXND1,0.06790220430509408,3,RF_max_depth=2_min_samples_leaf=10
IL3,0.06825294526832477,3,RF_max_depth=2_min_samples_leaf=10
RPS7P4,0.06826639197034036,3,RF_max_depth=2_min_samples_leaf=10
OR5M8,0.06849643856725054,3,RF_max_depth=2_min_samples_leaf=10
CDC20P1,0.0685542613626393,3,RF_max_depth=2_min_samples_leaf=10
SSX5,0.0685542613626393,3,RF_max_depth=2_min_samples_leaf=10
OR6X1,0.0685542613626393,3,RF_max_depth=2_min_samples_leaf=10
DLX4,0.06969769409826443,3,RF_max_depth=2_min_samples_leaf=10
OR4C3,0.07002980513046307,3,RF_max_depth=2_min_samples_leaf=10
AP000550.2,0.07006802302438236,3,RF_max_depth=2_min_samples_leaf=10
MAB21L1,0.07053880439450257,3,RF_max_depth=2_min_samples_leaf=10
PCDHA12,0.07053880439450257,3,RF_max_depth=2_min_samples_leaf=10
PTX4,0.07053880439450257,3,RF_max_depth=2_min_samples_leaf=10
SMIM26,0.07053880439450257,3,RF_max_depth=2_min_samples_leaf=10
SERPINB2,0.07056571255798465,3,RF_max_depth=2_min_samples_leaf=10
CDX4,0.07056571255798465,3,RF_max_depth=2_min_samples_leaf=10
CSN3,0.07056571255798465,3,RF_max_depth=2_min_samples_leaf=10
XG,0.07056571255798465,3,RF_max_depth=2_min_samples_leaf=10
SCGB1C1,0.07056571255798465,3,RF_max_depth=2_min_samples_leaf=10
AIFM3,0.07073693183437599,3,RF_max_depth=2_min_samples_leaf=10
OR11H7,0.07079274325211031,3,RF_max_depth=2_min_samples_leaf=10
AC005776.2,0.07103635473273204,3,RF_max_depth=2_min_samples_leaf=10
GAL3ST2,0.07135026116712632,3,RF_max_depth=2_min_samples_leaf=10
HIST2H3D,0.07164798145894395,3,RF_max_depth=2_min_samples_leaf=10
MATN4,0.07246556462994681,3,RF_max_depth=2_min_samples_leaf=10
FAM19A1,0.07246556462994681,3,RF_max_depth=2_min_samples_leaf=10
RASL10A,0.07246556462994681,3,RF_max_depth=2_min_samples_leaf=10
SLC51B,0.0734200805325354,3,RF_max_depth=2_min_samples_leaf=10
AF186192.2,0.07343266491908008,3,RF_max_depth=2_min_samples_leaf=10
SFTPB,0.07366930926767208,3,RF_max_depth=2_min_samples_leaf=10
AC092683.1,0.07366930926767208,3,RF_max_depth=2_min_samples_leaf=10
C5orf47,0.07366930926767208,3,RF_max_depth=2_min_samples_leaf=10
RHOF,0.07366930926767208,3,RF_max_depth=2_min_samples_leaf=10
OR5V1,0.07366930926767208,3,RF_max_depth=2_min_samples_leaf=10
RASSF8-AS1,0.07422939467306837,3,RF_max_depth=2_min_samples_leaf=10
SLC35D3,0.07423446015182282,3,RF_max_depth=2_min_samples_leaf=10
AC009065.8,0.07423446015182282,3,RF_max_depth=2_min_samples_leaf=10
AC097518.1,0.07543765043869535,3,RF_max_depth=2_min_samples_leaf=10
AC018554.3,0.0755352581252407,3,RF_max_depth=2_min_samples_leaf=10
VIP,0.0755352581252407,3,RF_max_depth=2_min_samples_leaf=10
KRTAP19-6,0.0755352581252407,3,RF_max_depth=2_min_samples_leaf=10
AC004803.1,0.0755352581252407,3,RF_max_depth=2_min_samples_leaf=10
PRAMEF30P,0.0761383776211825,3,RF_max_depth=2_min_samples_leaf=10
SMIM34B,0.0768930966785187,3,RF_max_depth=2_min_samples_leaf=10
PPP1R42,0.0768930966785187,3,RF_max_depth=2_min_samples_leaf=10
SRMS,0.07741342733586667,3,RF_max_depth=2_min_samples_leaf=10
GDF5,0.07754475284171043,3,RF_max_depth=2_min_samples_leaf=10
AP004245.1,0.07754475284171043,3,RF_max_depth=2_min_samples_leaf=10
GABRA5,0.07851860246413218,3,RF_max_depth=2_min_samples_leaf=10
DHX40P1,0.07861959432011176,3,RF_max_depth=2_min_samples_leaf=10
PCSK6-AS1,0.07935389474305773,3,RF_max_depth=2_min_samples_leaf=10
UBE2U,0.079964082972102,3,RF_max_depth=2_min_samples_leaf=10
AL391421.1,0.079964082972102,3,RF_max_depth=2_min_samples_leaf=10
LINC02211,0.079964082972102,3,RF_max_depth=2_min_samples_leaf=10
ELF3-AS1,0.08034319307227783,3,RF_max_depth=2_min_samples_leaf=10
KRTAP3-1,0.08034319307227783,3,RF_max_depth=2_min_samples_leaf=10
MGAT4EP,0.08041010325752568,3,RF_max_depth=2_min_samples_leaf=10
HTR2C,0.08041010325752568,3,RF_max_depth=2_min_samples_leaf=10
PVALEF,0.08103239891828311,3,RF_max_depth=2_min_samples_leaf=10
DSCAM,0.08103239891828311,3,RF_max_depth=2_min_samples_leaf=10
IGLV3-32,0.08103239891828311,3,RF_max_depth=2_min_samples_leaf=10
ANXA2P1,0.08130645851384159,3,RF_max_depth=2_min_samples_leaf=10
HSPB3,0.08162259305083255,3,RF_max_depth=2_min_samples_leaf=10
ABCF2,0.08162952284585419,3,RF_max_depth=2_min_samples_leaf=10
MTCO3P12,0.08162952284585419,3,RF_max_depth=2_min_samples_leaf=10
CCDC54,0.08174211370009846,3,RF_max_depth=2_min_samples_leaf=10
AC120498.9,0.08174211370009846,3,RF_max_depth=2_min_samples_leaf=10
KCNQ1OT1,0.08174211370009846,3,RF_max_depth=2_min_samples_leaf=10
S100A2,0.08187603603455232,3,RF_max_depth=2_min_samples_leaf=10
FUT8-AS1,0.08187603603455232,3,RF_max_depth=2_min_samples_leaf=10
GALR2,0.08187603603455232,3,RF_max_depth=2_min_samples_leaf=10
AC136443.2,0.08202323104534251,3,RF_max_depth=2_min_samples_leaf=10
LINC01387,0.08214473652339278,3,RF_max_depth=2_min_samples_leaf=10
TRBV6-7,0.08214473652339278,3,RF_max_depth=2_min_samples_leaf=10
LGALS13,0.08214473652339278,3,RF_max_depth=2_min_samples_leaf=10
AC126755.5,0.08214473652339278,3,RF_max_depth=2_min_samples_leaf=10
PTPN5,0.08214473652339278,3,RF_max_depth=2_min_samples_leaf=10
AC116914.2,0.082456872867941,3,RF_max_depth=2_min_samples_leaf=10
OR14K1,0.08301906888233147,3,RF_max_depth=2_min_samples_leaf=10
HTR1E,0.08301906888233147,3,RF_max_depth=2_min_samples_leaf=10
ICAM3,0.083021556257611,3,RF_max_depth=2_min_samples_leaf=10
SHISAL2B,0.08308000585851563,3,RF_max_depth=2_min_samples_leaf=10
CLDN17,0.08315288020288387,3,RF_max_depth=2_min_samples_leaf=10
FP671120.3,0.08315288020288387,3,RF_max_depth=2_min_samples_leaf=10
TNNT3,0.08315288020288387,3,RF_max_depth=2_min_samples_leaf=10
RN7SL784P,0.08315288020288387,3,RF_max_depth=2_min_samples_leaf=10
FP236383.2,0.08315288020288387,3,RF_max_depth=2_min_samples_leaf=10
FP236383.3,0.08315288020288387,3,RF_max_depth=2_min_samples_leaf=10
MT-ND4,0.08315288020288387,3,RF_max_depth=2_min_samples_leaf=10
RPL13AP2,0.08315288020288387,3,RF_max_depth=2_min_samples_leaf=10
TSGA10IP,0.08315288020288387,3,RF_max_depth=2_min_samples_leaf=10
AP004607.5,0.08315288020288387,3,RF_max_depth=2_min_samples_leaf=10
AL049612.1,0.08315288020288387,3,RF_max_depth=2_min_samples_leaf=10
OR6K3,0.08315288020288387,3,RF_max_depth=2_min_samples_leaf=10
PRSS58,0.08315288020288387,3,RF_max_depth=2_min_samples_leaf=10
KLHL30,0.08315288020288387,3,RF_max_depth=2_min_samples_leaf=10
KRT73,0.08315288020288387,3,RF_max_depth=2_min_samples_leaf=10
CBR3-AS1,0.08315288020288387,3,RF_max_depth=2_min_samples_leaf=10
PTOV1-AS1,0.08315288020288387,3,RF_max_depth=2_min_samples_leaf=10
C2orf27AP1,0.08365840337678473,3,RF_max_depth=2_min_samples_leaf=10
CCDC188,0.08368173736375376,3,RF_max_depth=2_min_samples_leaf=10
AC087276.1,0.08368173736375376,3,RF_max_depth=2_min_samples_leaf=10
ALG1L10P,0.08368173736375376,3,RF_max_depth=2_min_samples_leaf=10
BTF3L4P1,0.08382534073436564,3,RF_max_depth=2_min_samples_leaf=10
DRD5,0.08393672510090534,3,RF_max_depth=2_min_samples_leaf=10
ACCSL,0.08393672510090534,3,RF_max_depth=2_min_samples_leaf=10
IL22,0.08393672510090534,3,RF_max_depth=2_min_samples_leaf=10
TTTY20,0.08438551078643522,3,RF_max_depth=2_min_samples_leaf=10
OR7C2,0.08438551078643522,3,RF_max_depth=2_min_samples_leaf=10
TRAV25,0.0852000394842371,3,RF_max_depth=2_min_samples_leaf=10
FNDC11,0.0852000394842371,3,RF_max_depth=2_min_samples_leaf=10
OR9I1,0.0852000394842371,3,RF_max_depth=2_min_samples_leaf=10
ENDOU,0.0852000394842371,3,RF_max_depth=2_min_samples_leaf=10
AC022905.1,0.08536636745005502,3,RF_max_depth=2_min_samples_leaf=10
LYPD8,0.08536636745005502,3,RF_max_depth=2_min_samples_leaf=10
CDC37P2,0.08536636745005502,3,RF_max_depth=2_min_samples_leaf=10
CFAP157,0.08627328654573467,3,RF_max_depth=2_min_samples_leaf=10
MIR494,0.08662264486853478,3,RF_max_depth=2_min_samples_leaf=10
EGLN2,0.08665179380671374,3,RF_max_depth=2_min_samples_leaf=10
C14orf180,0.08672066159964756,3,RF_max_depth=2_min_samples_leaf=10
TRAV14DV4,0.08672066159964756,3,RF_max_depth=2_min_samples_leaf=10
LRRC10,0.08682050630893452,3,RF_max_depth=2_min_samples_leaf=10
AL138889.1,0.08687471843542775,3,RF_max_depth=2_min_samples_leaf=10
OR8B2,0.08696996339902892,3,RF_max_depth=2_min_samples_leaf=10
AC073655.2,0.08700461374577681,3,RF_max_depth=2_min_samples_leaf=10
NRL,0.08780182870603112,3,RF_max_depth=2_min_samples_leaf=10
LINC00106,0.0888372204383191,3,RF_max_depth=2_min_samples_leaf=10
AL356488.3,0.08972656129353443,3,RF_max_depth=2_min_samples_leaf=10
TAS1R3,0.09034677274373416,3,RF_max_depth=2_min_samples_leaf=10
AL356481.2,0.09034677274373416,3,RF_max_depth=2_min_samples_leaf=10
CCDC189,0.09063221546473739,3,RF_max_depth=2_min_samples_leaf=10
AC007342.2,0.09063221546473739,3,RF_max_depth=2_min_samples_leaf=10
TMEM72,0.09094461397970742,3,RF_max_depth=2_min_samples_leaf=10
PSKH2,0.09094461397970742,3,RF_max_depth=2_min_samples_leaf=10
AC005014.1,0.0909961206246097,3,RF_max_depth=2_min_samples_leaf=10
LINC01949,0.09100348089344998,3,RF_max_depth=2_min_samples_leaf=10
OR6N1,0.09114958099183826,3,RF_max_depth=2_min_samples_leaf=10
KRTAP19-8,0.09142711978537638,3,RF_max_depth=2_min_samples_leaf=10
TRAV8-6,0.09223547108528418,3,RF_max_depth=2_min_samples_leaf=10
RNF148,0.09233782170511767,3,RF_max_depth=2_min_samples_leaf=10
BX664615.1,0.09330867749183563,3,RF_max_depth=2_min_samples_leaf=10
TPRXL,0.09330867749183563,3,RF_max_depth=2_min_samples_leaf=10
AP006545.1,0.09330867749183563,3,RF_max_depth=2_min_samples_leaf=10
AL360271.1,0.09330867749183563,3,RF_max_depth=2_min_samples_leaf=10
AL035587.1,0.09345733721816026,3,RF_max_depth=2_min_samples_leaf=10
HTR1B,0.09345733721816026,3,RF_max_depth=2_min_samples_leaf=10
OR9G4,0.09345733721816026,3,RF_max_depth=2_min_samples_leaf=10
NUDT9P1,0.09482106799298833,3,RF_max_depth=2_min_samples_leaf=10
AC015813.1,0.09575032999068078,3,RF_max_depth=2_min_samples_leaf=10
ROM1,0.09606353016027899,3,RF_max_depth=2_min_samples_leaf=10
AP002986.1,0.09606353016027899,3,RF_max_depth=2_min_samples_leaf=10
LEXM,0.0960653061500762,3,RF_max_depth=2_min_samples_leaf=10
RAB38,0.09658797951419316,3,RF_max_depth=2_min_samples_leaf=10
AC026410.1,0.09669303202848298,3,RF_max_depth=2_min_samples_leaf=10
LINC01565,0.09682982182275728,3,RF_max_depth=2_min_samples_leaf=10
AC234771.2,0.09719234423413033,3,RF_max_depth=2_min_samples_leaf=10
MT-RNR2,0.09745295345593145,3,RF_max_depth=2_min_samples_leaf=10
AC092301.1,0.09767164989922576,3,RF_max_depth=2_min_samples_leaf=10
AC110926.1,0.09827174795012915,3,RF_max_depth=2_min_samples_leaf=10
GATA1,0.09831289172213856,3,RF_max_depth=2_min_samples_leaf=10
GH2,0.0984224856400368,3,RF_max_depth=2_min_samples_leaf=10
BPY2B,0.09917134948373071,3,RF_max_depth=2_min_samples_leaf=10
AC009501.1,0.09917134948373071,3,RF_max_depth=2_min_samples_leaf=10
BPY2,0.09917134948373071,3,RF_max_depth=2_min_samples_leaf=10
FAM58BP,6.837243194389645e-14,4,RF_max_depth=2_min_samples_leaf=10
SLC35E4,0.002062130102695738,4,RF_max_depth=2_min_samples_leaf=10
AC006538.1,0.002062130102695738,4,RF_max_depth=2_min_samples_leaf=10
CABP2,0.003809964398686465,4,RF_max_depth=2_min_samples_leaf=10
AC135731.1,0.007439407953250224,4,RF_max_depth=2_min_samples_leaf=10
HIPK4,0.009212119250933681,4,RF_max_depth=2_min_samples_leaf=10
ZNF679,0.010794378835709889,4,RF_max_depth=2_min_samples_leaf=10
FAM47A,0.020026347935905527,4,RF_max_depth=2_min_samples_leaf=10
AC073548.1,0.02540962071786236,4,RF_max_depth=2_min_samples_leaf=10
MC4R,0.029230578174941905,4,RF_max_depth=2_min_samples_leaf=10
DLX6-AS1,0.03506192525510548,4,RF_max_depth=2_min_samples_leaf=10
GPR171,0.0641267909941677,4,RF_max_depth=2_min_samples_leaf=10
DCDC2C,0.0641267909941677,4,RF_max_depth=2_min_samples_leaf=10
OR51K1P,0.0641267909941677,4,RF_max_depth=2_min_samples_leaf=10
NEUROG2,0.06561035976348642,4,RF_max_depth=2_min_samples_leaf=10
SLC7A3,0.07527195956209312,4,RF_max_depth=2_min_samples_leaf=10
AC127070.4,0.09107117894278631,4,RF_max_depth=2_min_samples_leaf=10
IGKV1D-43,0.09107117894278631,4,RF_max_depth=2_min_samples_leaf=10
NTNG1,0.09107117894278631,4,RF_max_depth=2_min_samples_leaf=10
FAM83C,0.09107117894278631,4,RF_max_depth=2_min_samples_leaf=10
AL133245.1,0.09107117894278631,4,RF_max_depth=2_min_samples_leaf=10
AL162171.3,0.09107117894278631,4,RF_max_depth=2_min_samples_leaf=10
CAMK1G,0.0002346121904188318,1,RF_max_depth=2_min_samples_leaf=15
EFHC2,0.0031374001214932636,1,RF_max_depth=2_min_samples_leaf=15
CABP2,0.004218217529974291,1,RF_max_depth=2_min_samples_leaf=15
HNRNPCL4,0.004218217529974291,1,RF_max_depth=2_min_samples_leaf=15
MGAT4D,0.019711618421288726,1,RF_max_depth=2_min_samples_leaf=15
TRIM51CP,0.019711618421288726,1,RF_max_depth=2_min_samples_leaf=15
FAM47C,0.019711618421288726,1,RF_max_depth=2_min_samples_leaf=15
AC005696.4,0.019711618421288726,1,RF_max_depth=2_min_samples_leaf=15
KRTAP10-8,0.019711618421288726,1,RF_max_depth=2_min_samples_leaf=15
DEFB106B,0.019711618421288726,1,RF_max_depth=2_min_samples_leaf=15
DEFB106A,0.019711618421288726,1,RF_max_depth=2_min_samples_leaf=15
AC135731.1,0.019711618421288726,1,RF_max_depth=2_min_samples_leaf=15
AC127070.4,0.019711618421288726,1,RF_max_depth=2_min_samples_leaf=15
DEFB4B,0.019711618421288726,1,RF_max_depth=2_min_samples_leaf=15
WFDC5,0.019711618421288726,1,RF_max_depth=2_min_samples_leaf=15
DCDC2C,0.027057107307385093,1,RF_max_depth=2_min_samples_leaf=15
C2orf92,0.027385840492625924,1,RF_max_depth=2_min_samples_leaf=15
CSF2,0.03317754905023052,1,RF_max_depth=2_min_samples_leaf=15
AL117328.2,0.03317754905023052,1,RF_max_depth=2_min_samples_leaf=15
C8orf87,0.03317754905023052,1,RF_max_depth=2_min_samples_leaf=15
TAS1R2,0.03317754905023052,1,RF_max_depth=2_min_samples_leaf=15
AC092068.2,0.03317754905023052,1,RF_max_depth=2_min_samples_leaf=15
AL133245.1,0.03586210693144581,1,RF_max_depth=2_min_samples_leaf=15
OR52E6,0.038604436431056294,1,RF_max_depth=2_min_samples_leaf=15
AL353726.2,0.038629659973828924,1,RF_max_depth=2_min_samples_leaf=15
GPR6,0.038629659973828924,1,RF_max_depth=2_min_samples_leaf=15
KLF17,0.039947763987508066,1,RF_max_depth=2_min_samples_leaf=15
AC009086.3,0.039947763987508066,1,RF_max_depth=2_min_samples_leaf=15
AL139384.2,0.04422728165507532,1,RF_max_depth=2_min_samples_leaf=15
AC020917.4,0.04422728165507532,1,RF_max_depth=2_min_samples_leaf=15
AC017002.1,0.04422728165507532,1,RF_max_depth=2_min_samples_leaf=15
GP9,0.04422728165507532,1,RF_max_depth=2_min_samples_leaf=15
AC138647.1,0.058754469042218836,1,RF_max_depth=2_min_samples_leaf=15
LGALS14,0.07252118709399037,1,RF_max_depth=2_min_samples_leaf=15
AL162171.3,0.07741974148695221,1,RF_max_depth=2_min_samples_leaf=15
AC020908.3,0.08455257332165889,1,RF_max_depth=2_min_samples_leaf=15
AC005899.1,0.09002626812741678,1,RF_max_depth=2_min_samples_leaf=15
FAM47A,0.09125889972548598,1,RF_max_depth=2_min_samples_leaf=15
ATP5F1E,0.09125889972548598,1,RF_max_depth=2_min_samples_leaf=15
AC006538.1,0.09693472950570264,1,RF_max_depth=2_min_samples_leaf=15
OR5H2,0.09948872819526197,1,RF_max_depth=2_min_samples_leaf=15
CAMK2N2,0.09976288301590981,1,RF_max_depth=2_min_samples_leaf=15
TSPY2,0.13283227073027282,2,RF_max_depth=2_min_samples_leaf=15
LGI3,0.18427379154017176,2,RF_max_depth=2_min_samples_leaf=15
ATOH1,0.18427379154017176,2,RF_max_depth=2_min_samples_leaf=15
POU4F1,0.2371822219764822,2,RF_max_depth=2_min_samples_leaf=15
HAPLN1,0.2371822219764822,2,RF_max_depth=2_min_samples_leaf=15
KIR3DX1,0.2787111715702861,2,RF_max_depth=2_min_samples_leaf=15
TSPY9P,0.5016764055996401,2,RF_max_depth=2_min_samples_leaf=15
HOXA5,0.5069232359466297,2,RF_max_depth=2_min_samples_leaf=15
KCNJ10,0.5069232359466297,2,RF_max_depth=2_min_samples_leaf=15
LINC00304,0.5069232359466297,2,RF_max_depth=2_min_samples_leaf=15
AC135050.1,0.5069232359466297,2,RF_max_depth=2_min_samples_leaf=15
AC025430.1,0.5069232359466297,2,RF_max_depth=2_min_samples_leaf=15
AC064807.1,0.5723168173304156,2,RF_max_depth=2_min_samples_leaf=15
TBXT,0.5957011847396212,2,RF_max_depth=2_min_samples_leaf=15
CADM3,0.6240571435232605,2,RF_max_depth=2_min_samples_leaf=15
ZNF710-AS1,0.6240571435232605,2,RF_max_depth=2_min_samples_leaf=15
TSPY7P,0.6240571435232605,2,RF_max_depth=2_min_samples_leaf=15
AZIN2,0.6358078434146772,2,RF_max_depth=2_min_samples_leaf=15
OLFM3,0.6538460975620365,2,RF_max_depth=2_min_samples_leaf=15
TSPAN11,0.6538460975620365,2,RF_max_depth=2_min_samples_leaf=15
CCIN,3.556204501672295e-05,3,RF_max_depth=2_min_samples_leaf=15
FOXI2,4.30119628292221e-05,3,RF_max_depth=2_min_samples_leaf=15
TSNAXIP1,9.820043745730653e-05,3,RF_max_depth=2_min_samples_leaf=15
TRIM60,0.0001057561980992679,3,RF_max_depth=2_min_samples_leaf=15
EFHC2,0.00013254290395039013,3,RF_max_depth=2_min_samples_leaf=15
AC135731.1,0.00021077485487619576,3,RF_max_depth=2_min_samples_leaf=15
AQP12B,0.0005806761347163215,3,RF_max_depth=2_min_samples_leaf=15
SUN3,0.0007863187820017613,3,RF_max_depth=2_min_samples_leaf=15
SLC34A3,0.00111626315397771,3,RF_max_depth=2_min_samples_leaf=15
UBBP1,0.001417335229653906,3,RF_max_depth=2_min_samples_leaf=15
SPDYA,0.0014557504666834356,3,RF_max_depth=2_min_samples_leaf=15
AC139426.1,0.001965810460098856,3,RF_max_depth=2_min_samples_leaf=15
ZMAT4,0.001965810460098856,3,RF_max_depth=2_min_samples_leaf=15
C6orf222,0.001965810460098856,3,RF_max_depth=2_min_samples_leaf=15
DNM1P47,0.001965810460098856,3,RF_max_depth=2_min_samples_leaf=15
BSPRY,0.001965810460098856,3,RF_max_depth=2_min_samples_leaf=15
GRHL3,0.001965810460098856,3,RF_max_depth=2_min_samples_leaf=15
PADI1,0.0020987784117093354,3,RF_max_depth=2_min_samples_leaf=15
DEFB4B,0.0023265236672844144,3,RF_max_depth=2_min_samples_leaf=15
C3orf84,0.0023265236672844144,3,RF_max_depth=2_min_samples_leaf=15
CABP2,0.0023265236672844144,3,RF_max_depth=2_min_samples_leaf=15
MYF6,0.002393416775832938,3,RF_max_depth=2_min_samples_leaf=15
UMOD,0.0024370834868512638,3,RF_max_depth=2_min_samples_leaf=15
UGT3A2,0.0025324689231368265,3,RF_max_depth=2_min_samples_leaf=15
IRX6,0.0025324689231368265,3,RF_max_depth=2_min_samples_leaf=15
CCT8L1P,0.0025324689231368265,3,RF_max_depth=2_min_samples_leaf=15
C17orf78,0.00265201571097863,3,RF_max_depth=2_min_samples_leaf=15
TGIF2LX,0.002752915062437729,3,RF_max_depth=2_min_samples_leaf=15
OR10G9,0.002875224522415194,3,RF_max_depth=2_min_samples_leaf=15
ADAM6,0.0033334976973799202,3,RF_max_depth=2_min_samples_leaf=15
AC006538.1,0.003425993476437647,3,RF_max_depth=2_min_samples_leaf=15
NPY4R,0.004085390491956862,3,RF_max_depth=2_min_samples_leaf=15
HNRNPA1P9,0.004131978270379738,3,RF_max_depth=2_min_samples_leaf=15
NACAD,0.004204473090879509,3,RF_max_depth=2_min_samples_leaf=15
TNNC1,0.004204473090879509,3,RF_max_depth=2_min_samples_leaf=15
C2orf70,0.004436555200641601,3,RF_max_depth=2_min_samples_leaf=15
GPA33,0.004436555200641601,3,RF_max_depth=2_min_samples_leaf=15
SLC7A3,0.004438222826980152,3,RF_max_depth=2_min_samples_leaf=15
AP000552.3,0.004864663140060189,3,RF_max_depth=2_min_samples_leaf=15
DPPA3,0.004864663140060189,3,RF_max_depth=2_min_samples_leaf=15
AC004889.1,0.004864663140060189,3,RF_max_depth=2_min_samples_leaf=15
CAMK1G,0.005079476174166191,3,RF_max_depth=2_min_samples_leaf=15
CLDN19,0.005079476174166191,3,RF_max_depth=2_min_samples_leaf=15
REELD1,0.00513252575798901,3,RF_max_depth=2_min_samples_leaf=15
WFDC5,0.00513252575798901,3,RF_max_depth=2_min_samples_leaf=15
BPIFB6,0.00513252575798901,3,RF_max_depth=2_min_samples_leaf=15
GPR6,0.00513252575798901,3,RF_max_depth=2_min_samples_leaf=15
NPY5R,0.00513252575798901,3,RF_max_depth=2_min_samples_leaf=15
LRRC30,0.00513252575798901,3,RF_max_depth=2_min_samples_leaf=15
PROKR2,0.00513252575798901,3,RF_max_depth=2_min_samples_leaf=15
CATSPER4,0.00513252575798901,3,RF_max_depth=2_min_samples_leaf=15
AC012354.2,0.00513252575798901,3,RF_max_depth=2_min_samples_leaf=15
POPDC3,0.00513252575798901,3,RF_max_depth=2_min_samples_leaf=15
FGF8,0.00513252575798901,3,RF_max_depth=2_min_samples_leaf=15
FAM47C,0.00513252575798901,3,RF_max_depth=2_min_samples_leaf=15
IGKV1OR2-118,0.00513252575798901,3,RF_max_depth=2_min_samples_leaf=15
REC114,0.00513252575798901,3,RF_max_depth=2_min_samples_leaf=15
SMYD1,0.00536889924013486,3,RF_max_depth=2_min_samples_leaf=15
PADI3,0.005403135267365348,3,RF_max_depth=2_min_samples_leaf=15
MOS,0.005687326339847545,3,RF_max_depth=2_min_samples_leaf=15
KCNIP1,0.005687326339847545,3,RF_max_depth=2_min_samples_leaf=15
KRTAP10-8,0.005871614377615396,3,RF_max_depth=2_min_samples_leaf=15
RFPL4AP1,0.006104574791591355,3,RF_max_depth=2_min_samples_leaf=15
PPP4R3C,0.006104574791591355,3,RF_max_depth=2_min_samples_leaf=15
GJB3,0.006104574791591355,3,RF_max_depth=2_min_samples_leaf=15
ACTRT3,0.006104574791591355,3,RF_max_depth=2_min_samples_leaf=15
DEFB106A,0.00612084847942525,3,RF_max_depth=2_min_samples_leaf=15
SLC29A4P1,0.006163251206785638,3,RF_max_depth=2_min_samples_leaf=15
OR6P1,0.006694240499421805,3,RF_max_depth=2_min_samples_leaf=15
PF4V1,0.006706414089905437,3,RF_max_depth=2_min_samples_leaf=15
TAS1R2,0.006706414089905437,3,RF_max_depth=2_min_samples_leaf=15
C11orf16,0.006706414089905437,3,RF_max_depth=2_min_samples_leaf=15
LELP1,0.006952600488037477,3,RF_max_depth=2_min_samples_leaf=15
NTNG1,0.007003043354357123,3,RF_max_depth=2_min_samples_leaf=15
AC015911.1,0.007499184652322325,3,RF_max_depth=2_min_samples_leaf=15
CYTOR,0.007499184652322325,3,RF_max_depth=2_min_samples_leaf=15
ELANE,0.007499184652322325,3,RF_max_depth=2_min_samples_leaf=15
DEFB119,0.007499184652322325,3,RF_max_depth=2_min_samples_leaf=15
H2AFB2,0.007627623853773193,3,RF_max_depth=2_min_samples_leaf=15
DEFB107A,0.007627623853773193,3,RF_max_depth=2_min_samples_leaf=15
TGFBR3L,0.007886548048861542,3,RF_max_depth=2_min_samples_leaf=15
RS1,0.007886548048861542,3,RF_max_depth=2_min_samples_leaf=15
DEFB107B,0.007984439482166691,3,RF_max_depth=2_min_samples_leaf=15
SLC6A8,0.008424446513401863,3,RF_max_depth=2_min_samples_leaf=15
AL512310.6,0.008454176954173264,3,RF_max_depth=2_min_samples_leaf=15
DCDC2C,0.008733640460903786,3,RF_max_depth=2_min_samples_leaf=15
EPHB3,0.008942416619876362,3,RF_max_depth=2_min_samples_leaf=15
PGPEP1L,0.008942416619876362,3,RF_max_depth=2_min_samples_leaf=15
KDM4E,0.008942416619876362,3,RF_max_depth=2_min_samples_leaf=15
MYL1,0.008942416619876362,3,RF_max_depth=2_min_samples_leaf=15
DEFB106B,0.008942416619876362,3,RF_max_depth=2_min_samples_leaf=15
ASTL,0.008942416619876362,3,RF_max_depth=2_min_samples_leaf=15
OBP2B,0.008942416619876362,3,RF_max_depth=2_min_samples_leaf=15
LRRC3C,0.008942416619876362,3,RF_max_depth=2_min_samples_leaf=15
DEFB104A,0.008942416619876362,3,RF_max_depth=2_min_samples_leaf=15
RLBP1,0.008942416619876362,3,RF_max_depth=2_min_samples_leaf=15
KRTDAP,0.008942416619876362,3,RF_max_depth=2_min_samples_leaf=15
MYOG,0.008942416619876362,3,RF_max_depth=2_min_samples_leaf=15
GNRHR,0.008942416619876362,3,RF_max_depth=2_min_samples_leaf=15
AC008985.1,0.008942416619876362,3,RF_max_depth=2_min_samples_leaf=15
BPIFB3,0.009020553691482839,3,RF_max_depth=2_min_samples_leaf=15
ACTBL2,0.009020553691482839,3,RF_max_depth=2_min_samples_leaf=15
CNTD1,0.009020553691482839,3,RF_max_depth=2_min_samples_leaf=15
DNASE2B,0.009020553691482839,3,RF_max_depth=2_min_samples_leaf=15
CELA3A,0.009020553691482839,3,RF_max_depth=2_min_samples_leaf=15
FABP6,0.009020553691482839,3,RF_max_depth=2_min_samples_leaf=15
AC112504.1,0.009020553691482839,3,RF_max_depth=2_min_samples_leaf=15
DEFB104B,0.009020553691482839,3,RF_max_depth=2_min_samples_leaf=15
AC136443.1,0.009020553691482839,3,RF_max_depth=2_min_samples_leaf=15
CD177P1,0.009099090835679835,3,RF_max_depth=2_min_samples_leaf=15
RESP18,0.009539978098851293,3,RF_max_depth=2_min_samples_leaf=15
IGHE,0.009539978098851293,3,RF_max_depth=2_min_samples_leaf=15
LHCGR,0.009539978098851293,3,RF_max_depth=2_min_samples_leaf=15
DCAF12L2,0.009539978098851293,3,RF_max_depth=2_min_samples_leaf=15
ZNF488,0.009539978098851293,3,RF_max_depth=2_min_samples_leaf=15
PABPC1P2,0.009637286568264344,3,RF_max_depth=2_min_samples_leaf=15
MT-CO2,0.009637286568264344,3,RF_max_depth=2_min_samples_leaf=15
NYX,0.009637286568264344,3,RF_max_depth=2_min_samples_leaf=15
PRSS55,0.009637286568264344,3,RF_max_depth=2_min_samples_leaf=15
C7orf65,0.009637286568264344,3,RF_max_depth=2_min_samples_leaf=15
AC092068.2,0.009637286568264344,3,RF_max_depth=2_min_samples_leaf=15
CDRT15P1,0.009637286568264344,3,RF_max_depth=2_min_samples_leaf=15
MYBPHL,0.009960960752808147,3,RF_max_depth=2_min_samples_leaf=15
PRAMEF17,0.010049041368567822,3,RF_max_depth=2_min_samples_leaf=15
OR5AC2,0.010201976543035639,3,RF_max_depth=2_min_samples_leaf=15
NT5DC4,0.010418860434589465,3,RF_max_depth=2_min_samples_leaf=15
AQP8,0.010486484640233714,3,RF_max_depth=2_min_samples_leaf=15
FAM90A27P,0.010486484640233714,3,RF_max_depth=2_min_samples_leaf=15
AL691447.2,0.010544554669226328,3,RF_max_depth=2_min_samples_leaf=15
CAMK2N2,0.01067233362851584,3,RF_max_depth=2_min_samples_leaf=15
RAB13,0.01077245117874679,3,RF_max_depth=2_min_samples_leaf=15
AKAP4,0.010888728339933706,3,RF_max_depth=2_min_samples_leaf=15
KLF17,0.011221040415915182,3,RF_max_depth=2_min_samples_leaf=15
OR56A1,0.01143842902037742,3,RF_max_depth=2_min_samples_leaf=15
LINC02203,0.011558593650926272,3,RF_max_depth=2_min_samples_leaf=15
HS6ST2,0.011617951009847517,3,RF_max_depth=2_min_samples_leaf=15
NANOGP2,0.011698964007918733,3,RF_max_depth=2_min_samples_leaf=15
MTCO1P12,0.01183950477458477,3,RF_max_depth=2_min_samples_leaf=15
FOXL2,0.011993337765651006,3,RF_max_depth=2_min_samples_leaf=15
FZD9,0.012426847241995154,3,RF_max_depth=2_min_samples_leaf=15
FUNDC2P2,0.01246545023561772,3,RF_max_depth=2_min_samples_leaf=15
KCNK16,0.01262791929664901,3,RF_max_depth=2_min_samples_leaf=15
GPR152,0.01262791929664901,3,RF_max_depth=2_min_samples_leaf=15
REXO1L3P,0.012801450875359404,3,RF_max_depth=2_min_samples_leaf=15
VSTM1,0.013252153900712754,3,RF_max_depth=2_min_samples_leaf=15
RPS4XP3,0.013341217021609068,3,RF_max_depth=2_min_samples_leaf=15
AHSP,0.013345337090713427,3,RF_max_depth=2_min_samples_leaf=15
C9orf24,0.013428019456591498,3,RF_max_depth=2_min_samples_leaf=15
IGKV6D-21,0.013721518396763173,3,RF_max_depth=2_min_samples_leaf=15
IGKV1D-43,0.014046106592710413,3,RF_max_depth=2_min_samples_leaf=15
PDYN,0.014046106592710413,3,RF_max_depth=2_min_samples_leaf=15
PCDHAC2,0.014090935086277448,3,RF_max_depth=2_min_samples_leaf=15
OR2T27,0.014166735687059269,3,RF_max_depth=2_min_samples_leaf=15
FAM83C,0.014166735687059269,3,RF_max_depth=2_min_samples_leaf=15
GUCY2F,0.01422236508540898,3,RF_max_depth=2_min_samples_leaf=15
KRT33B,0.014270700001879851,3,RF_max_depth=2_min_samples_leaf=15
WNT16,0.014560691179057735,3,RF_max_depth=2_min_samples_leaf=15
OR51D1,0.014658689087934551,3,RF_max_depth=2_min_samples_leaf=15
ZMYND12,0.014842942552811874,3,RF_max_depth=2_min_samples_leaf=15
TAAR5,0.015597736735377104,3,RF_max_depth=2_min_samples_leaf=15
AC009060.2,0.01560325433251736,3,RF_max_depth=2_min_samples_leaf=15
TREM2,0.01578988686676743,3,RF_max_depth=2_min_samples_leaf=15
TEX13A,0.015924119684186753,3,RF_max_depth=2_min_samples_leaf=15
GPR139,0.01612243881583402,3,RF_max_depth=2_min_samples_leaf=15
AC127070.4,0.016228833677981797,3,RF_max_depth=2_min_samples_leaf=15
OR51K1P,0.016290341182164325,3,RF_max_depth=2_min_samples_leaf=15
LLCFC1,0.016829099525573325,3,RF_max_depth=2_min_samples_leaf=15
RHEBL1,0.016829099525573325,3,RF_max_depth=2_min_samples_leaf=15
GHSR,0.017047776162790844,3,RF_max_depth=2_min_samples_leaf=15
MYOZ3,0.017226993120161075,3,RF_max_depth=2_min_samples_leaf=15
ZNF648,0.01733853051204848,3,RF_max_depth=2_min_samples_leaf=15
VGLL2,0.017472051213725387,3,RF_max_depth=2_min_samples_leaf=15
RAB25,0.017773423665657425,3,RF_max_depth=2_min_samples_leaf=15
C8orf87,0.017773423665657425,3,RF_max_depth=2_min_samples_leaf=15
LRRC53,0.017773423665657425,3,RF_max_depth=2_min_samples_leaf=15
AC239859.6,0.017773423665657425,3,RF_max_depth=2_min_samples_leaf=15
CDRT15L2,0.017800498384435263,3,RF_max_depth=2_min_samples_leaf=15
AC092368.3,0.017976997630697024,3,RF_max_depth=2_min_samples_leaf=15
KRT84,0.017976997630697024,3,RF_max_depth=2_min_samples_leaf=15
OR10A3,0.017976997630697024,3,RF_max_depth=2_min_samples_leaf=15
DNM1P51,0.017976997630697024,3,RF_max_depth=2_min_samples_leaf=15
TIMP4,0.017976997630697024,3,RF_max_depth=2_min_samples_leaf=15
AC008033.1,0.017976997630697024,3,RF_max_depth=2_min_samples_leaf=15
PJVK,0.017976997630697024,3,RF_max_depth=2_min_samples_leaf=15
AC025594.1,0.017976997630697024,3,RF_max_depth=2_min_samples_leaf=15
OR52N5,0.017976997630697024,3,RF_max_depth=2_min_samples_leaf=15
LGALS16,0.017976997630697024,3,RF_max_depth=2_min_samples_leaf=15
CRABP2,0.01812924288724069,3,RF_max_depth=2_min_samples_leaf=15
OR52I2,0.018174128091738205,3,RF_max_depth=2_min_samples_leaf=15
AC008395.1,0.01834813333520814,3,RF_max_depth=2_min_samples_leaf=15
KRT32,0.01834813333520814,3,RF_max_depth=2_min_samples_leaf=15
DRD1,0.018392684925084953,3,RF_max_depth=2_min_samples_leaf=15
OR5H2,0.018392684925084953,3,RF_max_depth=2_min_samples_leaf=15
RNASE10,0.018392684925084953,3,RF_max_depth=2_min_samples_leaf=15
RNASE8,0.019042911789328498,3,RF_max_depth=2_min_samples_leaf=15
IGHV3OR16-8,0.01937348494359055,3,RF_max_depth=2_min_samples_leaf=15
RD3L,0.019700025202581524,3,RF_max_depth=2_min_samples_leaf=15
BARHL2,0.020097221812224945,3,RF_max_depth=2_min_samples_leaf=15
IFNL2,0.020209784499825693,3,RF_max_depth=2_min_samples_leaf=15
GSX2,0.020253715992435948,3,RF_max_depth=2_min_samples_leaf=15
CRYGD,0.020253715992435948,3,RF_max_depth=2_min_samples_leaf=15
PRDM13,0.020253715992435948,3,RF_max_depth=2_min_samples_leaf=15
C5orf17,0.020253715992435948,3,RF_max_depth=2_min_samples_leaf=15
AL138820.1,0.020754185741669994,3,RF_max_depth=2_min_samples_leaf=15
TSPAN16,0.020754185741669994,3,RF_max_depth=2_min_samples_leaf=15
IFNL1,0.020754185741669994,3,RF_max_depth=2_min_samples_leaf=15
ZNF679,0.020754185741669994,3,RF_max_depth=2_min_samples_leaf=15
UPK2,0.020754712277194852,3,RF_max_depth=2_min_samples_leaf=15
AC239798.2,0.020783361511227658,3,RF_max_depth=2_min_samples_leaf=15
FAM90A28P,0.021221074418733367,3,RF_max_depth=2_min_samples_leaf=15
C6orf52,0.02145653120292996,3,RF_max_depth=2_min_samples_leaf=15
INAFM2,0.02145653120292996,3,RF_max_depth=2_min_samples_leaf=15
PPDPFL,0.02145653120292996,3,RF_max_depth=2_min_samples_leaf=15
FFAR1,0.021478674102608227,3,RF_max_depth=2_min_samples_leaf=15
KHDC1,0.021504498212400334,3,RF_max_depth=2_min_samples_leaf=15
HIGD2B,0.021567578653555085,3,RF_max_depth=2_min_samples_leaf=15
INHA,0.021567578653555085,3,RF_max_depth=2_min_samples_leaf=15
SGCZ,0.022179920499129983,3,RF_max_depth=2_min_samples_leaf=15
MUCL1,0.022179920499129983,3,RF_max_depth=2_min_samples_leaf=15
OR8K5,0.022179920499129983,3,RF_max_depth=2_min_samples_leaf=15
SHISA3,0.022179920499129983,3,RF_max_depth=2_min_samples_leaf=15
AC090515.5,0.022179920499129983,3,RF_max_depth=2_min_samples_leaf=15
OR2W3,0.022179920499129983,3,RF_max_depth=2_min_samples_leaf=15
GML,0.022179920499129983,3,RF_max_depth=2_min_samples_leaf=15
C16orf78,0.02233376213660119,3,RF_max_depth=2_min_samples_leaf=15
OR1L3,0.02233376213660119,3,RF_max_depth=2_min_samples_leaf=15
C8orf74,0.02233376213660119,3,RF_max_depth=2_min_samples_leaf=15
PTGER1,0.02233376213660119,3,RF_max_depth=2_min_samples_leaf=15
C2orf83,0.02233376213660119,3,RF_max_depth=2_min_samples_leaf=15
LMLN2,0.022525114279871923,3,RF_max_depth=2_min_samples_leaf=15
AL589743.3,0.022875649735034115,3,RF_max_depth=2_min_samples_leaf=15
CIAPIN1P,0.023584742826429403,3,RF_max_depth=2_min_samples_leaf=15
SPACA1,0.023691956979151194,3,RF_max_depth=2_min_samples_leaf=15
TLX2,0.023913747921057615,3,RF_max_depth=2_min_samples_leaf=15
RHOA-IT1,0.024602635614022397,3,RF_max_depth=2_min_samples_leaf=15
KLHL41,0.024960859033448912,3,RF_max_depth=2_min_samples_leaf=15
WNT1,0.025031712629879795,3,RF_max_depth=2_min_samples_leaf=15
GPR149,0.0253606762475196,3,RF_max_depth=2_min_samples_leaf=15
VAX2,0.025923541168369525,3,RF_max_depth=2_min_samples_leaf=15
ZNF280A,0.025923541168369525,3,RF_max_depth=2_min_samples_leaf=15
OR2M5,0.02625481001732466,3,RF_max_depth=2_min_samples_leaf=15
U73166.1,0.026444809239549328,3,RF_max_depth=2_min_samples_leaf=15
FAM177B,0.026444809239549328,3,RF_max_depth=2_min_samples_leaf=15
FDCSP,0.026478444457494407,3,RF_max_depth=2_min_samples_leaf=15
KRTAP21-2,0.02678789725375651,3,RF_max_depth=2_min_samples_leaf=15
AC092127.1,0.027082213358308613,3,RF_max_depth=2_min_samples_leaf=15
TBC1D21,0.027238666548564765,3,RF_max_depth=2_min_samples_leaf=15
AC026468.1,0.027238666548564765,3,RF_max_depth=2_min_samples_leaf=15
NCR2,0.027238666548564765,3,RF_max_depth=2_min_samples_leaf=15
AC009113.1,0.027238666548564765,3,RF_max_depth=2_min_samples_leaf=15
AC007952.9,0.027238666548564765,3,RF_max_depth=2_min_samples_leaf=15
SLAMF9,0.027238666548564765,3,RF_max_depth=2_min_samples_leaf=15
RASSF10,0.027300279735954672,3,RF_max_depth=2_min_samples_leaf=15
GPR143,0.027300279735954672,3,RF_max_depth=2_min_samples_leaf=15
AC010538.1,0.027448725741733696,3,RF_max_depth=2_min_samples_leaf=15
SERPINA13P,0.027448725741733696,3,RF_max_depth=2_min_samples_leaf=15
BX276092.9,0.027738999694085335,3,RF_max_depth=2_min_samples_leaf=15
NEUROG2,0.028107271739950736,3,RF_max_depth=2_min_samples_leaf=15
RWDD4P1,0.028107271739950736,3,RF_max_depth=2_min_samples_leaf=15
KCNV1,0.028476568994889526,3,RF_max_depth=2_min_samples_leaf=15
IRGC,0.028476568994889526,3,RF_max_depth=2_min_samples_leaf=15
AC023310.1,0.02902062421591175,3,RF_max_depth=2_min_samples_leaf=15
JHDM1D-AS1,0.02924148495932061,3,RF_max_depth=2_min_samples_leaf=15
MT-CO1,0.02924148495932061,3,RF_max_depth=2_min_samples_leaf=15
IGHV1-58,0.029627403064097946,3,RF_max_depth=2_min_samples_leaf=15
CHRNA3,0.02982092004212631,3,RF_max_depth=2_min_samples_leaf=15
DQX1,0.02982092004212631,3,RF_max_depth=2_min_samples_leaf=15
GPAT2P2,0.030015122780838552,3,RF_max_depth=2_min_samples_leaf=15
OR52R1,0.03003284732985637,3,RF_max_depth=2_min_samples_leaf=15
C17orf98,0.030097579772352997,3,RF_max_depth=2_min_samples_leaf=15
OR52L1,0.030216753980034972,3,RF_max_depth=2_min_samples_leaf=15
TMEM174,0.030388555216073237,3,RF_max_depth=2_min_samples_leaf=15
PTCRA,0.030599240420079946,3,RF_max_depth=2_min_samples_leaf=15
MYL4,0.03100287323512565,3,RF_max_depth=2_min_samples_leaf=15
LPAR4,0.03155896324088166,3,RF_max_depth=2_min_samples_leaf=15
OR7E26P,0.032041088227059804,3,RF_max_depth=2_min_samples_leaf=15
AF186192.1,0.03256728373100144,3,RF_max_depth=2_min_samples_leaf=15
BPIFC,0.03273355757742095,3,RF_max_depth=2_min_samples_leaf=15
FAM47B,0.03278332421570266,3,RF_max_depth=2_min_samples_leaf=15
AL512770.1,0.03278332421570266,3,RF_max_depth=2_min_samples_leaf=15
PTGES2-AS1,0.032837965076932686,3,RF_max_depth=2_min_samples_leaf=15
AL031595.2,0.03330192832146371,3,RF_max_depth=2_min_samples_leaf=15
SBF2-AS1,0.033307817917094716,3,RF_max_depth=2_min_samples_leaf=15
BPIFB2,0.03339426485562948,3,RF_max_depth=2_min_samples_leaf=15
HOXA11,0.03587517154042598,3,RF_max_depth=2_min_samples_leaf=15
GK2,0.035897157044494164,3,RF_max_depth=2_min_samples_leaf=15
OR1F2P,0.035898160725198115,3,RF_max_depth=2_min_samples_leaf=15
AP000357.1,0.035898160725198115,3,RF_max_depth=2_min_samples_leaf=15
CELA2B,0.035898160725198115,3,RF_max_depth=2_min_samples_leaf=15
DBET,0.035898160725198115,3,RF_max_depth=2_min_samples_leaf=15
PDE6H,0.035898160725198115,3,RF_max_depth=2_min_samples_leaf=15
RLN2,0.03665650552697278,3,RF_max_depth=2_min_samples_leaf=15
A1BG,0.03700714662985853,3,RF_max_depth=2_min_samples_leaf=15
IGHV3OR16-9,0.03700714662985853,3,RF_max_depth=2_min_samples_leaf=15
AC120114.4,0.03700714662985853,3,RF_max_depth=2_min_samples_leaf=15
AC104791.2,0.038238155486517655,3,RF_max_depth=2_min_samples_leaf=15
AC138647.1,0.038238155486517655,3,RF_max_depth=2_min_samples_leaf=15
MAGEC2,0.038238155486517655,3,RF_max_depth=2_min_samples_leaf=15
JPX,0.038238155486517655,3,RF_max_depth=2_min_samples_leaf=15
OR2F2,0.03965687464442805,3,RF_max_depth=2_min_samples_leaf=15
AC009086.3,0.03965687464442805,3,RF_max_depth=2_min_samples_leaf=15
GOT1L1,0.039813326661151505,3,RF_max_depth=2_min_samples_leaf=15
LINC02197,0.03994475724324776,3,RF_max_depth=2_min_samples_leaf=15
SLC6A18,0.040055467748424785,3,RF_max_depth=2_min_samples_leaf=15
TBX22,0.040055467748424785,3,RF_max_depth=2_min_samples_leaf=15
GLRA4,0.04049252675991877,3,RF_max_depth=2_min_samples_leaf=15
AC012441.2,0.040647517455257444,3,RF_max_depth=2_min_samples_leaf=15
OR5P3,0.040647517455257444,3,RF_max_depth=2_min_samples_leaf=15
CCR8,0.04065825550243512,3,RF_max_depth=2_min_samples_leaf=15
AP005212.1,0.04069285952104445,3,RF_max_depth=2_min_samples_leaf=15
OR52B1P,0.04069285952104445,3,RF_max_depth=2_min_samples_leaf=15
SOHLH1,0.04069285952104445,3,RF_max_depth=2_min_samples_leaf=15
PSORS1C1,0.04111103193281701,3,RF_max_depth=2_min_samples_leaf=15
KCTD21-AS1,0.0419211275096112,3,RF_max_depth=2_min_samples_leaf=15
DYNLRB2,0.042939904056933945,3,RF_max_depth=2_min_samples_leaf=15
AC092053.3,0.04300767470686839,3,RF_max_depth=2_min_samples_leaf=15
ALG1L2,0.043193172627589156,3,RF_max_depth=2_min_samples_leaf=15
AC104794.2,0.043193172627589156,3,RF_max_depth=2_min_samples_leaf=15
AP003057.1,0.043193172627589156,3,RF_max_depth=2_min_samples_leaf=15
SPZ1,0.043193172627589156,3,RF_max_depth=2_min_samples_leaf=15
AL008638.3,0.043708795701659545,3,RF_max_depth=2_min_samples_leaf=15
AC008740.2,0.043708795701659545,3,RF_max_depth=2_min_samples_leaf=15
TNFSF18,0.043708795701659545,3,RF_max_depth=2_min_samples_leaf=15
PRSS29P,0.043708795701659545,3,RF_max_depth=2_min_samples_leaf=15
GRID1,0.04391718802109978,3,RF_max_depth=2_min_samples_leaf=15
S100B,0.04425478696688573,3,RF_max_depth=2_min_samples_leaf=15
MIAT,0.044456275875786204,3,RF_max_depth=2_min_samples_leaf=15
AC003681.1,0.04452820395791943,3,RF_max_depth=2_min_samples_leaf=15
AC099684.2,0.044770381813394454,3,RF_max_depth=2_min_samples_leaf=15
GPR20,0.044838415114245044,3,RF_max_depth=2_min_samples_leaf=15
C17orf113,0.046262603588788885,3,RF_max_depth=2_min_samples_leaf=15
P2RY4,0.046770060775709374,3,RF_max_depth=2_min_samples_leaf=15
OR5F1,0.046770060775709374,3,RF_max_depth=2_min_samples_leaf=15
DMRT3,0.04684604738147252,3,RF_max_depth=2_min_samples_leaf=15
AC018647.2,0.04684604738147252,3,RF_max_depth=2_min_samples_leaf=15
OR8B12,0.04726220553625128,3,RF_max_depth=2_min_samples_leaf=15
AC090525.2,0.04726220553625128,3,RF_max_depth=2_min_samples_leaf=15
MAPK11,0.04726220553625128,3,RF_max_depth=2_min_samples_leaf=15
GALR3,0.04727585937589916,3,RF_max_depth=2_min_samples_leaf=15
CA7,0.04727585937589916,3,RF_max_depth=2_min_samples_leaf=15
AC106788.2,0.04727585937589916,3,RF_max_depth=2_min_samples_leaf=15
TNFSF9,0.04727585937589916,3,RF_max_depth=2_min_samples_leaf=15
DEFB115,0.04727585937589916,3,RF_max_depth=2_min_samples_leaf=15
C11orf53,0.04727585937589916,3,RF_max_depth=2_min_samples_leaf=15
AL136982.1,0.04727585937589916,3,RF_max_depth=2_min_samples_leaf=15
AC015871.4,0.04727585937589916,3,RF_max_depth=2_min_samples_leaf=15
LIPM,0.04764107132822796,3,RF_max_depth=2_min_samples_leaf=15
KLK12,0.04764107132822796,3,RF_max_depth=2_min_samples_leaf=15
ANGPT4,0.04764107132822796,3,RF_max_depth=2_min_samples_leaf=15
IGKV1OR22-5,0.04794619944360568,3,RF_max_depth=2_min_samples_leaf=15
BEST3,0.04797521495961461,3,RF_max_depth=2_min_samples_leaf=15
MRPL30,0.04797521495961461,3,RF_max_depth=2_min_samples_leaf=15
AC012645.2,0.04797521495961461,3,RF_max_depth=2_min_samples_leaf=15
LENG9,0.04797521495961461,3,RF_max_depth=2_min_samples_leaf=15
TAS2R13,0.04811952110559851,3,RF_max_depth=2_min_samples_leaf=15
AL445235.1,0.04812250231912492,3,RF_max_depth=2_min_samples_leaf=15
FOSL1P1,0.04812250231912492,3,RF_max_depth=2_min_samples_leaf=15
TRAV13-2,0.04812250231912492,3,RF_max_depth=2_min_samples_leaf=15
CSF2,0.048357797822076116,3,RF_max_depth=2_min_samples_leaf=15
OR10J1,0.048357797822076116,3,RF_max_depth=2_min_samples_leaf=15
ANKRD65,0.048357797822076116,3,RF_max_depth=2_min_samples_leaf=15
AC025198.1,0.04869322304174243,3,RF_max_depth=2_min_samples_leaf=15
OR2I1P,0.04892625157862099,3,RF_max_depth=2_min_samples_leaf=15
TDRKH-AS1,0.04892625157862099,3,RF_max_depth=2_min_samples_leaf=15
AC067904.1,0.04892625157862099,3,RF_max_depth=2_min_samples_leaf=15
KRTAP2-1,0.04892625157862099,3,RF_max_depth=2_min_samples_leaf=15
SCGB1C2,0.048961275094975595,3,RF_max_depth=2_min_samples_leaf=15
ACOD1,0.0491882867185172,3,RF_max_depth=2_min_samples_leaf=15
VN1R4,0.0491882867185172,3,RF_max_depth=2_min_samples_leaf=15
CUBNP2,0.04921838427795398,3,RF_max_depth=2_min_samples_leaf=15
CYP51A1,0.04921838427795398,3,RF_max_depth=2_min_samples_leaf=15
DCAF12L1,0.04921838427795398,3,RF_max_depth=2_min_samples_leaf=15
TTC9B,0.04921838427795398,3,RF_max_depth=2_min_samples_leaf=15
BTBD17,0.04921838427795398,3,RF_max_depth=2_min_samples_leaf=15
OR10H1,0.04921838427795398,3,RF_max_depth=2_min_samples_leaf=15
OR13F1,0.04921838427795398,3,RF_max_depth=2_min_samples_leaf=15
MTND4P24,0.04930287564034296,3,RF_max_depth=2_min_samples_leaf=15
RAX2,0.04936796644301496,3,RF_max_depth=2_min_samples_leaf=15
RTP4,0.04936796644301496,3,RF_max_depth=2_min_samples_leaf=15
IGKV1OR-3,0.04937222289598894,3,RF_max_depth=2_min_samples_leaf=15
FAM47A,0.04937222289598894,3,RF_max_depth=2_min_samples_leaf=15
AC093826.2,0.05020962000870157,3,RF_max_depth=2_min_samples_leaf=15
RBMXL3,0.05028725639165374,3,RF_max_depth=2_min_samples_leaf=15
DDN,0.05040928592697564,3,RF_max_depth=2_min_samples_leaf=15
PCP4,0.05091762053557602,3,RF_max_depth=2_min_samples_leaf=15
CCL8,0.051342729802777765,3,RF_max_depth=2_min_samples_leaf=15
RPS13P2,0.0515200236589032,3,RF_max_depth=2_min_samples_leaf=15
CBLN4,0.051620609973247994,3,RF_max_depth=2_min_samples_leaf=15
CARD18,0.0516769859952159,3,RF_max_depth=2_min_samples_leaf=15
TAS2R8,0.0516769859952159,3,RF_max_depth=2_min_samples_leaf=15
AC099778.1,0.0516769859952159,3,RF_max_depth=2_min_samples_leaf=15
MT-CO3,0.0516769859952159,3,RF_max_depth=2_min_samples_leaf=15
GPR45,0.05188152434429806,3,RF_max_depth=2_min_samples_leaf=15
MORN5,0.05188152434429806,3,RF_max_depth=2_min_samples_leaf=15
SLC2A7,0.05188152434429806,3,RF_max_depth=2_min_samples_leaf=15
IGF2-AS,0.05188152434429806,3,RF_max_depth=2_min_samples_leaf=15
CLEC3A,0.05188152434429806,3,RF_max_depth=2_min_samples_leaf=15
CACNG7,0.05235579527549829,3,RF_max_depth=2_min_samples_leaf=15
AC246793.1,0.052567397050382714,3,RF_max_depth=2_min_samples_leaf=15
ZNF285B,0.052567397050382714,3,RF_max_depth=2_min_samples_leaf=15
ADRA1D,0.052981238236429196,3,RF_max_depth=2_min_samples_leaf=15
IGKV6-21,0.052981238236429196,3,RF_max_depth=2_min_samples_leaf=15
GPR173,0.05304148015715388,3,RF_max_depth=2_min_samples_leaf=15
OR5K4,0.0536518184154983,3,RF_max_depth=2_min_samples_leaf=15
OR8K3,0.054291071071658994,3,RF_max_depth=2_min_samples_leaf=15
RPL31P49,0.054291071071658994,3,RF_max_depth=2_min_samples_leaf=15
PTCHD3,0.054291071071658994,3,RF_max_depth=2_min_samples_leaf=15
RXFP3,0.054291071071658994,3,RF_max_depth=2_min_samples_leaf=15
ZNF474,0.054291071071658994,3,RF_max_depth=2_min_samples_leaf=15
LINC01996,0.05497987619196225,3,RF_max_depth=2_min_samples_leaf=15
TUBAL3,0.05497987619196225,3,RF_max_depth=2_min_samples_leaf=15
CLCA3P,0.05497987619196225,3,RF_max_depth=2_min_samples_leaf=15
CLDN20,0.05499957688333246,3,RF_max_depth=2_min_samples_leaf=15
FAM220BP,0.05507713920638184,3,RF_max_depth=2_min_samples_leaf=15
TEX26,0.055284290023507356,3,RF_max_depth=2_min_samples_leaf=15
TRAV13-1,0.05586022028776828,3,RF_max_depth=2_min_samples_leaf=15
AC139792.1,0.05586022028776828,3,RF_max_depth=2_min_samples_leaf=15
SERTAD4-AS1,0.056501719481951505,3,RF_max_depth=2_min_samples_leaf=15
NKX2-2,0.05697805962819983,3,RF_max_depth=2_min_samples_leaf=15
SPINK9,0.05832638529350883,3,RF_max_depth=2_min_samples_leaf=15
TAAR9,0.05848753115648872,3,RF_max_depth=2_min_samples_leaf=15
GDF10,0.05848753115648872,3,RF_max_depth=2_min_samples_leaf=15
CALHM3,0.05854458995750723,3,RF_max_depth=2_min_samples_leaf=15
AL161669.3,0.05854458995750723,3,RF_max_depth=2_min_samples_leaf=15
TMEM95,0.05947966314114111,3,RF_max_depth=2_min_samples_leaf=15
PPP1R2C,0.059693467146638715,3,RF_max_depth=2_min_samples_leaf=15
SERPINB11,0.05977704520854597,3,RF_max_depth=2_min_samples_leaf=15
UGT1A3,0.05978961639467165,3,RF_max_depth=2_min_samples_leaf=15
SULT1A4,0.05983684959908727,3,RF_max_depth=2_min_samples_leaf=15
TMEM132C,0.06018469207556507,3,RF_max_depth=2_min_samples_leaf=15
AC008895.1,0.060687335185842295,3,RF_max_depth=2_min_samples_leaf=15
AC020917.4,0.06135302152176458,3,RF_max_depth=2_min_samples_leaf=15
OR2W5,0.061629601207892924,3,RF_max_depth=2_min_samples_leaf=15
PRTN3,0.06361924246569112,3,RF_max_depth=2_min_samples_leaf=15
SF3A3P2,0.06383168420070903,3,RF_max_depth=2_min_samples_leaf=15
ZBTB20-AS4,0.06421719756737028,3,RF_max_depth=2_min_samples_leaf=15
PLSCR5,0.06421719756737028,3,RF_max_depth=2_min_samples_leaf=15
SMR3A,0.06566695110102469,3,RF_max_depth=2_min_samples_leaf=15
AC023794.1,0.06582209960467521,3,RF_max_depth=2_min_samples_leaf=15
LACRT,0.06632711556086388,3,RF_max_depth=2_min_samples_leaf=15
LINC00240,0.06632711556086388,3,RF_max_depth=2_min_samples_leaf=15
TUBA3FP,0.06639252310921588,3,RF_max_depth=2_min_samples_leaf=15
LRRC37A7P,0.06639252310921588,3,RF_max_depth=2_min_samples_leaf=15
GP9,0.06701475901078391,3,RF_max_depth=2_min_samples_leaf=15
BTBD10P1,0.06701475901078391,3,RF_max_depth=2_min_samples_leaf=15
CRYGA,0.06738334154464934,3,RF_max_depth=2_min_samples_leaf=15
LINC00426,0.06747919706573179,3,RF_max_depth=2_min_samples_leaf=15
AL137028.1,0.06747919706573179,3,RF_max_depth=2_min_samples_leaf=15
NPM1P9,0.06757678335466764,3,RF_max_depth=2_min_samples_leaf=15
AC093536.1,0.06781323266983076,3,RF_max_depth=2_min_samples_leaf=15
CTXND1,0.06790220430509408,3,RF_max_depth=2_min_samples_leaf=15
IL3,0.06825294526832477,3,RF_max_depth=2_min_samples_leaf=15
RPS7P4,0.06826639197034036,3,RF_max_depth=2_min_samples_leaf=15
OR5M8,0.06849643856725054,3,RF_max_depth=2_min_samples_leaf=15
CDC20P1,0.0685542613626393,3,RF_max_depth=2_min_samples_leaf=15
SSX5,0.0685542613626393,3,RF_max_depth=2_min_samples_leaf=15
OR6X1,0.0685542613626393,3,RF_max_depth=2_min_samples_leaf=15
DLX4,0.06969769409826443,3,RF_max_depth=2_min_samples_leaf=15
OR4C3,0.07002980513046307,3,RF_max_depth=2_min_samples_leaf=15
AP000550.2,0.07006802302438236,3,RF_max_depth=2_min_samples_leaf=15
MAB21L1,0.07053880439450257,3,RF_max_depth=2_min_samples_leaf=15
PCDHA12,0.07053880439450257,3,RF_max_depth=2_min_samples_leaf=15
PTX4,0.07053880439450257,3,RF_max_depth=2_min_samples_leaf=15
SMIM26,0.07053880439450257,3,RF_max_depth=2_min_samples_leaf=15
SERPINB2,0.07056571255798465,3,RF_max_depth=2_min_samples_leaf=15
CDX4,0.07056571255798465,3,RF_max_depth=2_min_samples_leaf=15
CSN3,0.07056571255798465,3,RF_max_depth=2_min_samples_leaf=15
XG,0.07056571255798465,3,RF_max_depth=2_min_samples_leaf=15
SCGB1C1,0.07056571255798465,3,RF_max_depth=2_min_samples_leaf=15
AIFM3,0.07073693183437599,3,RF_max_depth=2_min_samples_leaf=15
OR11H7,0.07079274325211031,3,RF_max_depth=2_min_samples_leaf=15
AC005776.2,0.07103635473273204,3,RF_max_depth=2_min_samples_leaf=15
GAL3ST2,0.07135026116712632,3,RF_max_depth=2_min_samples_leaf=15
HIST2H3D,0.07164798145894395,3,RF_max_depth=2_min_samples_leaf=15
MATN4,0.07246556462994681,3,RF_max_depth=2_min_samples_leaf=15
FAM19A1,0.07246556462994681,3,RF_max_depth=2_min_samples_leaf=15
RASL10A,0.07246556462994681,3,RF_max_depth=2_min_samples_leaf=15
SLC51B,0.0734200805325354,3,RF_max_depth=2_min_samples_leaf=15
AF186192.2,0.07343266491908008,3,RF_max_depth=2_min_samples_leaf=15
SFTPB,0.07366930926767208,3,RF_max_depth=2_min_samples_leaf=15
AC092683.1,0.07366930926767208,3,RF_max_depth=2_min_samples_leaf=15
C5orf47,0.07366930926767208,3,RF_max_depth=2_min_samples_leaf=15
RHOF,0.07366930926767208,3,RF_max_depth=2_min_samples_leaf=15
OR5V1,0.07366930926767208,3,RF_max_depth=2_min_samples_leaf=15
RASSF8-AS1,0.07422939467306837,3,RF_max_depth=2_min_samples_leaf=15
SLC35D3,0.07423446015182282,3,RF_max_depth=2_min_samples_leaf=15
AC009065.8,0.07423446015182282,3,RF_max_depth=2_min_samples_leaf=15
AC097518.1,0.07543765043869535,3,RF_max_depth=2_min_samples_leaf=15
AC018554.3,0.0755352581252407,3,RF_max_depth=2_min_samples_leaf=15
VIP,0.0755352581252407,3,RF_max_depth=2_min_samples_leaf=15
KRTAP19-6,0.0755352581252407,3,RF_max_depth=2_min_samples_leaf=15
AC004803.1,0.0755352581252407,3,RF_max_depth=2_min_samples_leaf=15
PRAMEF30P,0.0761383776211825,3,RF_max_depth=2_min_samples_leaf=15
SMIM34B,0.0768930966785187,3,RF_max_depth=2_min_samples_leaf=15
PPP1R42,0.0768930966785187,3,RF_max_depth=2_min_samples_leaf=15
SRMS,0.07741342733586667,3,RF_max_depth=2_min_samples_leaf=15
GDF5,0.07754475284171043,3,RF_max_depth=2_min_samples_leaf=15
AP004245.1,0.07754475284171043,3,RF_max_depth=2_min_samples_leaf=15
GABRA5,0.07851860246413218,3,RF_max_depth=2_min_samples_leaf=15
DHX40P1,0.07861959432011176,3,RF_max_depth=2_min_samples_leaf=15
PCSK6-AS1,0.07935389474305773,3,RF_max_depth=2_min_samples_leaf=15
UBE2U,0.079964082972102,3,RF_max_depth=2_min_samples_leaf=15
AL391421.1,0.079964082972102,3,RF_max_depth=2_min_samples_leaf=15
LINC02211,0.079964082972102,3,RF_max_depth=2_min_samples_leaf=15
ELF3-AS1,0.08034319307227783,3,RF_max_depth=2_min_samples_leaf=15
KRTAP3-1,0.08034319307227783,3,RF_max_depth=2_min_samples_leaf=15
MGAT4EP,0.08041010325752568,3,RF_max_depth=2_min_samples_leaf=15
HTR2C,0.08041010325752568,3,RF_max_depth=2_min_samples_leaf=15
PVALEF,0.08103239891828311,3,RF_max_depth=2_min_samples_leaf=15
DSCAM,0.08103239891828311,3,RF_max_depth=2_min_samples_leaf=15
IGLV3-32,0.08103239891828311,3,RF_max_depth=2_min_samples_leaf=15
ANXA2P1,0.08130645851384159,3,RF_max_depth=2_min_samples_leaf=15
HSPB3,0.08162259305083255,3,RF_max_depth=2_min_samples_leaf=15
ABCF2,0.08162952284585419,3,RF_max_depth=2_min_samples_leaf=15
MTCO3P12,0.08162952284585419,3,RF_max_depth=2_min_samples_leaf=15
CCDC54,0.08174211370009846,3,RF_max_depth=2_min_samples_leaf=15
AC120498.9,0.08174211370009846,3,RF_max_depth=2_min_samples_leaf=15
KCNQ1OT1,0.08174211370009846,3,RF_max_depth=2_min_samples_leaf=15
S100A2,0.08187603603455232,3,RF_max_depth=2_min_samples_leaf=15
FUT8-AS1,0.08187603603455232,3,RF_max_depth=2_min_samples_leaf=15
GALR2,0.08187603603455232,3,RF_max_depth=2_min_samples_leaf=15
AC136443.2,0.08202323104534251,3,RF_max_depth=2_min_samples_leaf=15
LINC01387,0.08214473652339278,3,RF_max_depth=2_min_samples_leaf=15
TRBV6-7,0.08214473652339278,3,RF_max_depth=2_min_samples_leaf=15
LGALS13,0.08214473652339278,3,RF_max_depth=2_min_samples_leaf=15
AC126755.5,0.08214473652339278,3,RF_max_depth=2_min_samples_leaf=15
PTPN5,0.08214473652339278,3,RF_max_depth=2_min_samples_leaf=15
AC116914.2,0.082456872867941,3,RF_max_depth=2_min_samples_leaf=15
OR14K1,0.08301906888233147,3,RF_max_depth=2_min_samples_leaf=15
HTR1E,0.08301906888233147,3,RF_max_depth=2_min_samples_leaf=15
ICAM3,0.083021556257611,3,RF_max_depth=2_min_samples_leaf=15
SHISAL2B,0.08308000585851563,3,RF_max_depth=2_min_samples_leaf=15
CLDN17,0.08315288020288387,3,RF_max_depth=2_min_samples_leaf=15
FP671120.3,0.08315288020288387,3,RF_max_depth=2_min_samples_leaf=15
TNNT3,0.08315288020288387,3,RF_max_depth=2_min_samples_leaf=15
RN7SL784P,0.08315288020288387,3,RF_max_depth=2_min_samples_leaf=15
FP236383.2,0.08315288020288387,3,RF_max_depth=2_min_samples_leaf=15
FP236383.3,0.08315288020288387,3,RF_max_depth=2_min_samples_leaf=15
MT-ND4,0.08315288020288387,3,RF_max_depth=2_min_samples_leaf=15
RPL13AP2,0.08315288020288387,3,RF_max_depth=2_min_samples_leaf=15
TSGA10IP,0.08315288020288387,3,RF_max_depth=2_min_samples_leaf=15
AP004607.5,0.08315288020288387,3,RF_max_depth=2_min_samples_leaf=15
AL049612.1,0.08315288020288387,3,RF_max_depth=2_min_samples_leaf=15
OR6K3,0.08315288020288387,3,RF_max_depth=2_min_samples_leaf=15
PRSS58,0.08315288020288387,3,RF_max_depth=2_min_samples_leaf=15
KLHL30,0.08315288020288387,3,RF_max_depth=2_min_samples_leaf=15
KRT73,0.08315288020288387,3,RF_max_depth=2_min_samples_leaf=15
CBR3-AS1,0.08315288020288387,3,RF_max_depth=2_min_samples_leaf=15
PTOV1-AS1,0.08315288020288387,3,RF_max_depth=2_min_samples_leaf=15
C2orf27AP1,0.08365840337678473,3,RF_max_depth=2_min_samples_leaf=15
CCDC188,0.08368173736375376,3,RF_max_depth=2_min_samples_leaf=15
AC087276.1,0.08368173736375376,3,RF_max_depth=2_min_samples_leaf=15
ALG1L10P,0.08368173736375376,3,RF_max_depth=2_min_samples_leaf=15
BTF3L4P1,0.08382534073436564,3,RF_max_depth=2_min_samples_leaf=15
DRD5,0.08393672510090534,3,RF_max_depth=2_min_samples_leaf=15
ACCSL,0.08393672510090534,3,RF_max_depth=2_min_samples_leaf=15
IL22,0.08393672510090534,3,RF_max_depth=2_min_samples_leaf=15
TTTY20,0.08438551078643522,3,RF_max_depth=2_min_samples_leaf=15
OR7C2,0.08438551078643522,3,RF_max_depth=2_min_samples_leaf=15
TRAV25,0.0852000394842371,3,RF_max_depth=2_min_samples_leaf=15
FNDC11,0.0852000394842371,3,RF_max_depth=2_min_samples_leaf=15
OR9I1,0.0852000394842371,3,RF_max_depth=2_min_samples_leaf=15
ENDOU,0.0852000394842371,3,RF_max_depth=2_min_samples_leaf=15
AC022905.1,0.08536636745005502,3,RF_max_depth=2_min_samples_leaf=15
LYPD8,0.08536636745005502,3,RF_max_depth=2_min_samples_leaf=15
CDC37P2,0.08536636745005502,3,RF_max_depth=2_min_samples_leaf=15
CFAP157,0.08627328654573467,3,RF_max_depth=2_min_samples_leaf=15
MIR494,0.08662264486853478,3,RF_max_depth=2_min_samples_leaf=15
EGLN2,0.08665179380671374,3,RF_max_depth=2_min_samples_leaf=15
C14orf180,0.08672066159964756,3,RF_max_depth=2_min_samples_leaf=15
TRAV14DV4,0.08672066159964756,3,RF_max_depth=2_min_samples_leaf=15
LRRC10,0.08682050630893452,3,RF_max_depth=2_min_samples_leaf=15
AL138889.1,0.08687471843542775,3,RF_max_depth=2_min_samples_leaf=15
OR8B2,0.08696996339902892,3,RF_max_depth=2_min_samples_leaf=15
AC073655.2,0.08700461374577681,3,RF_max_depth=2_min_samples_leaf=15
NRL,0.08780182870603112,3,RF_max_depth=2_min_samples_leaf=15
LINC00106,0.0888372204383191,3,RF_max_depth=2_min_samples_leaf=15
AL356488.3,0.08972656129353443,3,RF_max_depth=2_min_samples_leaf=15
TAS1R3,0.09034677274373416,3,RF_max_depth=2_min_samples_leaf=15
AL356481.2,0.09034677274373416,3,RF_max_depth=2_min_samples_leaf=15
CCDC189,0.09063221546473739,3,RF_max_depth=2_min_samples_leaf=15
AC007342.2,0.09063221546473739,3,RF_max_depth=2_min_samples_leaf=15
TMEM72,0.09094461397970742,3,RF_max_depth=2_min_samples_leaf=15
PSKH2,0.09094461397970742,3,RF_max_depth=2_min_samples_leaf=15
AC005014.1,0.0909961206246097,3,RF_max_depth=2_min_samples_leaf=15
LINC01949,0.09100348089344998,3,RF_max_depth=2_min_samples_leaf=15
OR6N1,0.09114958099183826,3,RF_max_depth=2_min_samples_leaf=15
KRTAP19-8,0.09142711978537638,3,RF_max_depth=2_min_samples_leaf=15
TRAV8-6,0.09223547108528418,3,RF_max_depth=2_min_samples_leaf=15
RNF148,0.09233782170511767,3,RF_max_depth=2_min_samples_leaf=15
BX664615.1,0.09330867749183563,3,RF_max_depth=2_min_samples_leaf=15
TPRXL,0.09330867749183563,3,RF_max_depth=2_min_samples_leaf=15
AP006545.1,0.09330867749183563,3,RF_max_depth=2_min_samples_leaf=15
AL360271.1,0.09330867749183563,3,RF_max_depth=2_min_samples_leaf=15
AL035587.1,0.09345733721816026,3,RF_max_depth=2_min_samples_leaf=15
HTR1B,0.09345733721816026,3,RF_max_depth=2_min_samples_leaf=15
OR9G4,0.09345733721816026,3,RF_max_depth=2_min_samples_leaf=15
NUDT9P1,0.09482106799298833,3,RF_max_depth=2_min_samples_leaf=15
AC015813.1,0.09575032999068078,3,RF_max_depth=2_min_samples_leaf=15
ROM1,0.09606353016027899,3,RF_max_depth=2_min_samples_leaf=15
AP002986.1,0.09606353016027899,3,RF_max_depth=2_min_samples_leaf=15
LEXM,0.0960653061500762,3,RF_max_depth=2_min_samples_leaf=15
RAB38,0.09658797951419316,3,RF_max_depth=2_min_samples_leaf=15
AC026410.1,0.09669303202848298,3,RF_max_depth=2_min_samples_leaf=15
LINC01565,0.09682982182275728,3,RF_max_depth=2_min_samples_leaf=15
AC234771.2,0.09719234423413033,3,RF_max_depth=2_min_samples_leaf=15
MT-RNR2,0.09745295345593145,3,RF_max_depth=2_min_samples_leaf=15
AC092301.1,0.09767164989922576,3,RF_max_depth=2_min_samples_leaf=15
AC110926.1,0.09827174795012915,3,RF_max_depth=2_min_samples_leaf=15
GATA1,0.09831289172213856,3,RF_max_depth=2_min_samples_leaf=15
GH2,0.0984224856400368,3,RF_max_depth=2_min_samples_leaf=15
BPY2B,0.09917134948373071,3,RF_max_depth=2_min_samples_leaf=15
AC009501.1,0.09917134948373071,3,RF_max_depth=2_min_samples_leaf=15
BPY2,0.09917134948373071,3,RF_max_depth=2_min_samples_leaf=15
FAM58BP,6.837243194389645e-14,4,RF_max_depth=2_min_samples_leaf=15
SLC35E4,0.002062130102695738,4,RF_max_depth=2_min_samples_leaf=15
AC006538.1,0.002062130102695738,4,RF_max_depth=2_min_samples_leaf=15
CABP2,0.003809964398686465,4,RF_max_depth=2_min_samples_leaf=15
AC135731.1,0.007439407953250224,4,RF_max_depth=2_min_samples_leaf=15
HIPK4,0.009212119250933681,4,RF_max_depth=2_min_samples_leaf=15
ZNF679,0.010794378835709889,4,RF_max_depth=2_min_samples_leaf=15
FAM47A,0.020026347935905527,4,RF_max_depth=2_min_samples_leaf=15
AC073548.1,0.02540962071786236,4,RF_max_depth=2_min_samples_leaf=15
MC4R,0.029230578174941905,4,RF_max_depth=2_min_samples_leaf=15
DLX6-AS1,0.03506192525510548,4,RF_max_depth=2_min_samples_leaf=15
GPR171,0.0641267909941677,4,RF_max_depth=2_min_samples_leaf=15
DCDC2C,0.0641267909941677,4,RF_max_depth=2_min_samples_leaf=15
OR51K1P,0.0641267909941677,4,RF_max_depth=2_min_samples_leaf=15
NEUROG2,0.06561035976348642,4,RF_max_depth=2_min_samples_leaf=15
SLC7A3,0.07527195956209312,4,RF_max_depth=2_min_samples_leaf=15
AC127070.4,0.09107117894278631,4,RF_max_depth=2_min_samples_leaf=15
IGKV1D-43,0.09107117894278631,4,RF_max_depth=2_min_samples_leaf=15
NTNG1,0.09107117894278631,4,RF_max_depth=2_min_samples_leaf=15
FAM83C,0.09107117894278631,4,RF_max_depth=2_min_samples_leaf=15
AL133245.1,0.09107117894278631,4,RF_max_depth=2_min_samples_leaf=15
AL162171.3,0.09107117894278631,4,RF_max_depth=2_min_samples_leaf=15
CAMK1G,0.0002346121904188318,1,RF_max_depth=4_min_samples_leaf=5
EFHC2,0.0031374001214932636,1,RF_max_depth=4_min_samples_leaf=5
CABP2,0.004218217529974291,1,RF_max_depth=4_min_samples_leaf=5
HNRNPCL4,0.004218217529974291,1,RF_max_depth=4_min_samples_leaf=5
MGAT4D,0.019711618421288726,1,RF_max_depth=4_min_samples_leaf=5
TRIM51CP,0.019711618421288726,1,RF_max_depth=4_min_samples_leaf=5
FAM47C,0.019711618421288726,1,RF_max_depth=4_min_samples_leaf=5
AC005696.4,0.019711618421288726,1,RF_max_depth=4_min_samples_leaf=5
KRTAP10-8,0.019711618421288726,1,RF_max_depth=4_min_samples_leaf=5
DEFB106B,0.019711618421288726,1,RF_max_depth=4_min_samples_leaf=5
DEFB106A,0.019711618421288726,1,RF_max_depth=4_min_samples_leaf=5
AC135731.1,0.019711618421288726,1,RF_max_depth=4_min_samples_leaf=5
AC127070.4,0.019711618421288726,1,RF_max_depth=4_min_samples_leaf=5
DEFB4B,0.019711618421288726,1,RF_max_depth=4_min_samples_leaf=5
WFDC5,0.019711618421288726,1,RF_max_depth=4_min_samples_leaf=5
DCDC2C,0.027057107307385093,1,RF_max_depth=4_min_samples_leaf=5
C2orf92,0.027385840492625924,1,RF_max_depth=4_min_samples_leaf=5
CSF2,0.03317754905023052,1,RF_max_depth=4_min_samples_leaf=5
AL117328.2,0.03317754905023052,1,RF_max_depth=4_min_samples_leaf=5
C8orf87,0.03317754905023052,1,RF_max_depth=4_min_samples_leaf=5
TAS1R2,0.03317754905023052,1,RF_max_depth=4_min_samples_leaf=5
AC092068.2,0.03317754905023052,1,RF_max_depth=4_min_samples_leaf=5
AL133245.1,0.03586210693144581,1,RF_max_depth=4_min_samples_leaf=5
OR52E6,0.038604436431056294,1,RF_max_depth=4_min_samples_leaf=5
AL353726.2,0.038629659973828924,1,RF_max_depth=4_min_samples_leaf=5
GPR6,0.038629659973828924,1,RF_max_depth=4_min_samples_leaf=5
KLF17,0.039947763987508066,1,RF_max_depth=4_min_samples_leaf=5
AC009086.3,0.039947763987508066,1,RF_max_depth=4_min_samples_leaf=5
AL139384.2,0.04422728165507532,1,RF_max_depth=4_min_samples_leaf=5
AC020917.4,0.04422728165507532,1,RF_max_depth=4_min_samples_leaf=5
AC017002.1,0.04422728165507532,1,RF_max_depth=4_min_samples_leaf=5
GP9,0.04422728165507532,1,RF_max_depth=4_min_samples_leaf=5
AC138647.1,0.058754469042218836,1,RF_max_depth=4_min_samples_leaf=5
LGALS14,0.07252118709399037,1,RF_max_depth=4_min_samples_leaf=5
AL162171.3,0.07741974148695221,1,RF_max_depth=4_min_samples_leaf=5
AC020908.3,0.08455257332165889,1,RF_max_depth=4_min_samples_leaf=5
AC005899.1,0.09002626812741678,1,RF_max_depth=4_min_samples_leaf=5
FAM47A,0.09125889972548598,1,RF_max_depth=4_min_samples_leaf=5
ATP5F1E,0.09125889972548598,1,RF_max_depth=4_min_samples_leaf=5
AC006538.1,0.09693472950570264,1,RF_max_depth=4_min_samples_leaf=5
OR5H2,0.09948872819526197,1,RF_max_depth=4_min_samples_leaf=5
CAMK2N2,0.09976288301590981,1,RF_max_depth=4_min_samples_leaf=5
TSPY2,0.13283227073027282,2,RF_max_depth=4_min_samples_leaf=5
LGI3,0.18427379154017176,2,RF_max_depth=4_min_samples_leaf=5
ATOH1,0.18427379154017176,2,RF_max_depth=4_min_samples_leaf=5
POU4F1,0.2371822219764822,2,RF_max_depth=4_min_samples_leaf=5
HAPLN1,0.2371822219764822,2,RF_max_depth=4_min_samples_leaf=5
KIR3DX1,0.2787111715702861,2,RF_max_depth=4_min_samples_leaf=5
TSPY9P,0.5016764055996401,2,RF_max_depth=4_min_samples_leaf=5
HOXA5,0.5069232359466297,2,RF_max_depth=4_min_samples_leaf=5
KCNJ10,0.5069232359466297,2,RF_max_depth=4_min_samples_leaf=5
LINC00304,0.5069232359466297,2,RF_max_depth=4_min_samples_leaf=5
AC135050.1,0.5069232359466297,2,RF_max_depth=4_min_samples_leaf=5
AC025430.1,0.5069232359466297,2,RF_max_depth=4_min_samples_leaf=5
AC064807.1,0.5723168173304156,2,RF_max_depth=4_min_samples_leaf=5
TBXT,0.5957011847396212,2,RF_max_depth=4_min_samples_leaf=5
CADM3,0.6240571435232605,2,RF_max_depth=4_min_samples_leaf=5
ZNF710-AS1,0.6240571435232605,2,RF_max_depth=4_min_samples_leaf=5
TSPY7P,0.6240571435232605,2,RF_max_depth=4_min_samples_leaf=5
AZIN2,0.6358078434146772,2,RF_max_depth=4_min_samples_leaf=5
OLFM3,0.6538460975620365,2,RF_max_depth=4_min_samples_leaf=5
TSPAN11,0.6538460975620365,2,RF_max_depth=4_min_samples_leaf=5
CCIN,3.556204501672295e-05,3,RF_max_depth=4_min_samples_leaf=5
FOXI2,4.30119628292221e-05,3,RF_max_depth=4_min_samples_leaf=5
TSNAXIP1,9.820043745730653e-05,3,RF_max_depth=4_min_samples_leaf=5
TRIM60,0.0001057561980992679,3,RF_max_depth=4_min_samples_leaf=5
EFHC2,0.00013254290395039013,3,RF_max_depth=4_min_samples_leaf=5
AC135731.1,0.00021077485487619576,3,RF_max_depth=4_min_samples_leaf=5
AQP12B,0.0005806761347163215,3,RF_max_depth=4_min_samples_leaf=5
SUN3,0.0007863187820017613,3,RF_max_depth=4_min_samples_leaf=5
SLC34A3,0.00111626315397771,3,RF_max_depth=4_min_samples_leaf=5
UBBP1,0.001417335229653906,3,RF_max_depth=4_min_samples_leaf=5
SPDYA,0.0014557504666834356,3,RF_max_depth=4_min_samples_leaf=5
AC139426.1,0.001965810460098856,3,RF_max_depth=4_min_samples_leaf=5
ZMAT4,0.001965810460098856,3,RF_max_depth=4_min_samples_leaf=5
C6orf222,0.001965810460098856,3,RF_max_depth=4_min_samples_leaf=5
DNM1P47,0.001965810460098856,3,RF_max_depth=4_min_samples_leaf=5
BSPRY,0.001965810460098856,3,RF_max_depth=4_min_samples_leaf=5
GRHL3,0.001965810460098856,3,RF_max_depth=4_min_samples_leaf=5
PADI1,0.0020987784117093354,3,RF_max_depth=4_min_samples_leaf=5
DEFB4B,0.0023265236672844144,3,RF_max_depth=4_min_samples_leaf=5
C3orf84,0.0023265236672844144,3,RF_max_depth=4_min_samples_leaf=5
CABP2,0.0023265236672844144,3,RF_max_depth=4_min_samples_leaf=5
MYF6,0.002393416775832938,3,RF_max_depth=4_min_samples_leaf=5
UMOD,0.0024370834868512638,3,RF_max_depth=4_min_samples_leaf=5
UGT3A2,0.0025324689231368265,3,RF_max_depth=4_min_samples_leaf=5
IRX6,0.0025324689231368265,3,RF_max_depth=4_min_samples_leaf=5
CCT8L1P,0.0025324689231368265,3,RF_max_depth=4_min_samples_leaf=5
C17orf78,0.00265201571097863,3,RF_max_depth=4_min_samples_leaf=5
TGIF2LX,0.002752915062437729,3,RF_max_depth=4_min_samples_leaf=5
OR10G9,0.002875224522415194,3,RF_max_depth=4_min_samples_leaf=5
ADAM6,0.0033334976973799202,3,RF_max_depth=4_min_samples_leaf=5
AC006538.1,0.003425993476437647,3,RF_max_depth=4_min_samples_leaf=5
NPY4R,0.004085390491956862,3,RF_max_depth=4_min_samples_leaf=5
HNRNPA1P9,0.004131978270379738,3,RF_max_depth=4_min_samples_leaf=5
NACAD,0.004204473090879509,3,RF_max_depth=4_min_samples_leaf=5
TNNC1,0.004204473090879509,3,RF_max_depth=4_min_samples_leaf=5
C2orf70,0.004436555200641601,3,RF_max_depth=4_min_samples_leaf=5
GPA33,0.004436555200641601,3,RF_max_depth=4_min_samples_leaf=5
SLC7A3,0.004438222826980152,3,RF_max_depth=4_min_samples_leaf=5
AP000552.3,0.004864663140060189,3,RF_max_depth=4_min_samples_leaf=5
DPPA3,0.004864663140060189,3,RF_max_depth=4_min_samples_leaf=5
AC004889.1,0.004864663140060189,3,RF_max_depth=4_min_samples_leaf=5
CAMK1G,0.005079476174166191,3,RF_max_depth=4_min_samples_leaf=5
CLDN19,0.005079476174166191,3,RF_max_depth=4_min_samples_leaf=5
REELD1,0.00513252575798901,3,RF_max_depth=4_min_samples_leaf=5
WFDC5,0.00513252575798901,3,RF_max_depth=4_min_samples_leaf=5
BPIFB6,0.00513252575798901,3,RF_max_depth=4_min_samples_leaf=5
GPR6,0.00513252575798901,3,RF_max_depth=4_min_samples_leaf=5
NPY5R,0.00513252575798901,3,RF_max_depth=4_min_samples_leaf=5
LRRC30,0.00513252575798901,3,RF_max_depth=4_min_samples_leaf=5
PROKR2,0.00513252575798901,3,RF_max_depth=4_min_samples_leaf=5
CATSPER4,0.00513252575798901,3,RF_max_depth=4_min_samples_leaf=5
AC012354.2,0.00513252575798901,3,RF_max_depth=4_min_samples_leaf=5
POPDC3,0.00513252575798901,3,RF_max_depth=4_min_samples_leaf=5
FGF8,0.00513252575798901,3,RF_max_depth=4_min_samples_leaf=5
FAM47C,0.00513252575798901,3,RF_max_depth=4_min_samples_leaf=5
IGKV1OR2-118,0.00513252575798901,3,RF_max_depth=4_min_samples_leaf=5
REC114,0.00513252575798901,3,RF_max_depth=4_min_samples_leaf=5
SMYD1,0.00536889924013486,3,RF_max_depth=4_min_samples_leaf=5
PADI3,0.005403135267365348,3,RF_max_depth=4_min_samples_leaf=5
MOS,0.005687326339847545,3,RF_max_depth=4_min_samples_leaf=5
KCNIP1,0.005687326339847545,3,RF_max_depth=4_min_samples_leaf=5
KRTAP10-8,0.005871614377615396,3,RF_max_depth=4_min_samples_leaf=5
RFPL4AP1,0.006104574791591355,3,RF_max_depth=4_min_samples_leaf=5
PPP4R3C,0.006104574791591355,3,RF_max_depth=4_min_samples_leaf=5
GJB3,0.006104574791591355,3,RF_max_depth=4_min_samples_leaf=5
ACTRT3,0.006104574791591355,3,RF_max_depth=4_min_samples_leaf=5
DEFB106A,0.00612084847942525,3,RF_max_depth=4_min_samples_leaf=5
SLC29A4P1,0.006163251206785638,3,RF_max_depth=4_min_samples_leaf=5
OR6P1,0.006694240499421805,3,RF_max_depth=4_min_samples_leaf=5
PF4V1,0.006706414089905437,3,RF_max_depth=4_min_samples_leaf=5
TAS1R2,0.006706414089905437,3,RF_max_depth=4_min_samples_leaf=5
C11orf16,0.006706414089905437,3,RF_max_depth=4_min_samples_leaf=5
LELP1,0.006952600488037477,3,RF_max_depth=4_min_samples_leaf=5
NTNG1,0.007003043354357123,3,RF_max_depth=4_min_samples_leaf=5
AC015911.1,0.007499184652322325,3,RF_max_depth=4_min_samples_leaf=5
CYTOR,0.007499184652322325,3,RF_max_depth=4_min_samples_leaf=5
ELANE,0.007499184652322325,3,RF_max_depth=4_min_samples_leaf=5
DEFB119,0.007499184652322325,3,RF_max_depth=4_min_samples_leaf=5
H2AFB2,0.007627623853773193,3,RF_max_depth=4_min_samples_leaf=5
DEFB107A,0.007627623853773193,3,RF_max_depth=4_min_samples_leaf=5
TGFBR3L,0.007886548048861542,3,RF_max_depth=4_min_samples_leaf=5
RS1,0.007886548048861542,3,RF_max_depth=4_min_samples_leaf=5
DEFB107B,0.007984439482166691,3,RF_max_depth=4_min_samples_leaf=5
SLC6A8,0.008424446513401863,3,RF_max_depth=4_min_samples_leaf=5
AL512310.6,0.008454176954173264,3,RF_max_depth=4_min_samples_leaf=5
DCDC2C,0.008733640460903786,3,RF_max_depth=4_min_samples_leaf=5
EPHB3,0.008942416619876362,3,RF_max_depth=4_min_samples_leaf=5
PGPEP1L,0.008942416619876362,3,RF_max_depth=4_min_samples_leaf=5
KDM4E,0.008942416619876362,3,RF_max_depth=4_min_samples_leaf=5
MYL1,0.008942416619876362,3,RF_max_depth=4_min_samples_leaf=5
DEFB106B,0.008942416619876362,3,RF_max_depth=4_min_samples_leaf=5
ASTL,0.008942416619876362,3,RF_max_depth=4_min_samples_leaf=5
OBP2B,0.008942416619876362,3,RF_max_depth=4_min_samples_leaf=5
LRRC3C,0.008942416619876362,3,RF_max_depth=4_min_samples_leaf=5
DEFB104A,0.008942416619876362,3,RF_max_depth=4_min_samples_leaf=5
RLBP1,0.008942416619876362,3,RF_max_depth=4_min_samples_leaf=5
KRTDAP,0.008942416619876362,3,RF_max_depth=4_min_samples_leaf=5
MYOG,0.008942416619876362,3,RF_max_depth=4_min_samples_leaf=5
GNRHR,0.008942416619876362,3,RF_max_depth=4_min_samples_leaf=5
AC008985.1,0.008942416619876362,3,RF_max_depth=4_min_samples_leaf=5
BPIFB3,0.009020553691482839,3,RF_max_depth=4_min_samples_leaf=5
ACTBL2,0.009020553691482839,3,RF_max_depth=4_min_samples_leaf=5
CNTD1,0.009020553691482839,3,RF_max_depth=4_min_samples_leaf=5
DNASE2B,0.009020553691482839,3,RF_max_depth=4_min_samples_leaf=5
CELA3A,0.009020553691482839,3,RF_max_depth=4_min_samples_leaf=5
FABP6,0.009020553691482839,3,RF_max_depth=4_min_samples_leaf=5
AC112504.1,0.009020553691482839,3,RF_max_depth=4_min_samples_leaf=5
DEFB104B,0.009020553691482839,3,RF_max_depth=4_min_samples_leaf=5
AC136443.1,0.009020553691482839,3,RF_max_depth=4_min_samples_leaf=5
CD177P1,0.009099090835679835,3,RF_max_depth=4_min_samples_leaf=5
RESP18,0.009539978098851293,3,RF_max_depth=4_min_samples_leaf=5
IGHE,0.009539978098851293,3,RF_max_depth=4_min_samples_leaf=5
LHCGR,0.009539978098851293,3,RF_max_depth=4_min_samples_leaf=5
DCAF12L2,0.009539978098851293,3,RF_max_depth=4_min_samples_leaf=5
ZNF488,0.009539978098851293,3,RF_max_depth=4_min_samples_leaf=5
PABPC1P2,0.009637286568264344,3,RF_max_depth=4_min_samples_leaf=5
MT-CO2,0.009637286568264344,3,RF_max_depth=4_min_samples_leaf=5
NYX,0.009637286568264344,3,RF_max_depth=4_min_samples_leaf=5
PRSS55,0.009637286568264344,3,RF_max_depth=4_min_samples_leaf=5
C7orf65,0.009637286568264344,3,RF_max_depth=4_min_samples_leaf=5
AC092068.2,0.009637286568264344,3,RF_max_depth=4_min_samples_leaf=5
CDRT15P1,0.009637286568264344,3,RF_max_depth=4_min_samples_leaf=5
MYBPHL,0.009960960752808147,3,RF_max_depth=4_min_samples_leaf=5
PRAMEF17,0.010049041368567822,3,RF_max_depth=4_min_samples_leaf=5
OR5AC2,0.010201976543035639,3,RF_max_depth=4_min_samples_leaf=5
NT5DC4,0.010418860434589465,3,RF_max_depth=4_min_samples_leaf=5
AQP8,0.010486484640233714,3,RF_max_depth=4_min_samples_leaf=5
FAM90A27P,0.010486484640233714,3,RF_max_depth=4_min_samples_leaf=5
AL691447.2,0.010544554669226328,3,RF_max_depth=4_min_samples_leaf=5
CAMK2N2,0.01067233362851584,3,RF_max_depth=4_min_samples_leaf=5
RAB13,0.01077245117874679,3,RF_max_depth=4_min_samples_leaf=5
AKAP4,0.010888728339933706,3,RF_max_depth=4_min_samples_leaf=5
KLF17,0.011221040415915182,3,RF_max_depth=4_min_samples_leaf=5
OR56A1,0.01143842902037742,3,RF_max_depth=4_min_samples_leaf=5
LINC02203,0.011558593650926272,3,RF_max_depth=4_min_samples_leaf=5
HS6ST2,0.011617951009847517,3,RF_max_depth=4_min_samples_leaf=5
NANOGP2,0.011698964007918733,3,RF_max_depth=4_min_samples_leaf=5
MTCO1P12,0.01183950477458477,3,RF_max_depth=4_min_samples_leaf=5
FOXL2,0.011993337765651006,3,RF_max_depth=4_min_samples_leaf=5
FZD9,0.012426847241995154,3,RF_max_depth=4_min_samples_leaf=5
FUNDC2P2,0.01246545023561772,3,RF_max_depth=4_min_samples_leaf=5
KCNK16,0.01262791929664901,3,RF_max_depth=4_min_samples_leaf=5
GPR152,0.01262791929664901,3,RF_max_depth=4_min_samples_leaf=5
REXO1L3P,0.012801450875359404,3,RF_max_depth=4_min_samples_leaf=5
VSTM1,0.013252153900712754,3,RF_max_depth=4_min_samples_leaf=5
RPS4XP3,0.013341217021609068,3,RF_max_depth=4_min_samples_leaf=5
AHSP,0.013345337090713427,3,RF_max_depth=4_min_samples_leaf=5
C9orf24,0.013428019456591498,3,RF_max_depth=4_min_samples_leaf=5
IGKV6D-21,0.013721518396763173,3,RF_max_depth=4_min_samples_leaf=5
IGKV1D-43,0.014046106592710413,3,RF_max_depth=4_min_samples_leaf=5
PDYN,0.014046106592710413,3,RF_max_depth=4_min_samples_leaf=5
PCDHAC2,0.014090935086277448,3,RF_max_depth=4_min_samples_leaf=5
OR2T27,0.014166735687059269,3,RF_max_depth=4_min_samples_leaf=5
FAM83C,0.014166735687059269,3,RF_max_depth=4_min_samples_leaf=5
GUCY2F,0.01422236508540898,3,RF_max_depth=4_min_samples_leaf=5
KRT33B,0.014270700001879851,3,RF_max_depth=4_min_samples_leaf=5
WNT16,0.014560691179057735,3,RF_max_depth=4_min_samples_leaf=5
OR51D1,0.014658689087934551,3,RF_max_depth=4_min_samples_leaf=5
ZMYND12,0.014842942552811874,3,RF_max_depth=4_min_samples_leaf=5
TAAR5,0.015597736735377104,3,RF_max_depth=4_min_samples_leaf=5
AC009060.2,0.01560325433251736,3,RF_max_depth=4_min_samples_leaf=5
TREM2,0.01578988686676743,3,RF_max_depth=4_min_samples_leaf=5
TEX13A,0.015924119684186753,3,RF_max_depth=4_min_samples_leaf=5
GPR139,0.01612243881583402,3,RF_max_depth=4_min_samples_leaf=5
AC127070.4,0.016228833677981797,3,RF_max_depth=4_min_samples_leaf=5
OR51K1P,0.016290341182164325,3,RF_max_depth=4_min_samples_leaf=5
LLCFC1,0.016829099525573325,3,RF_max_depth=4_min_samples_leaf=5
RHEBL1,0.016829099525573325,3,RF_max_depth=4_min_samples_leaf=5
GHSR,0.017047776162790844,3,RF_max_depth=4_min_samples_leaf=5
MYOZ3,0.017226993120161075,3,RF_max_depth=4_min_samples_leaf=5
ZNF648,0.01733853051204848,3,RF_max_depth=4_min_samples_leaf=5
VGLL2,0.017472051213725387,3,RF_max_depth=4_min_samples_leaf=5
RAB25,0.017773423665657425,3,RF_max_depth=4_min_samples_leaf=5
C8orf87,0.017773423665657425,3,RF_max_depth=4_min_samples_leaf=5
LRRC53,0.017773423665657425,3,RF_max_depth=4_min_samples_leaf=5
AC239859.6,0.017773423665657425,3,RF_max_depth=4_min_samples_leaf=5
CDRT15L2,0.017800498384435263,3,RF_max_depth=4_min_samples_leaf=5
AC092368.3,0.017976997630697024,3,RF_max_depth=4_min_samples_leaf=5
KRT84,0.017976997630697024,3,RF_max_depth=4_min_samples_leaf=5
OR10A3,0.017976997630697024,3,RF_max_depth=4_min_samples_leaf=5
DNM1P51,0.017976997630697024,3,RF_max_depth=4_min_samples_leaf=5
TIMP4,0.017976997630697024,3,RF_max_depth=4_min_samples_leaf=5
AC008033.1,0.017976997630697024,3,RF_max_depth=4_min_samples_leaf=5
PJVK,0.017976997630697024,3,RF_max_depth=4_min_samples_leaf=5
AC025594.1,0.017976997630697024,3,RF_max_depth=4_min_samples_leaf=5
OR52N5,0.017976997630697024,3,RF_max_depth=4_min_samples_leaf=5
LGALS16,0.017976997630697024,3,RF_max_depth=4_min_samples_leaf=5
CRABP2,0.01812924288724069,3,RF_max_depth=4_min_samples_leaf=5
OR52I2,0.018174128091738205,3,RF_max_depth=4_min_samples_leaf=5
AC008395.1,0.01834813333520814,3,RF_max_depth=4_min_samples_leaf=5
KRT32,0.01834813333520814,3,RF_max_depth=4_min_samples_leaf=5
DRD1,0.018392684925084953,3,RF_max_depth=4_min_samples_leaf=5
OR5H2,0.018392684925084953,3,RF_max_depth=4_min_samples_leaf=5
RNASE10,0.018392684925084953,3,RF_max_depth=4_min_samples_leaf=5
RNASE8,0.019042911789328498,3,RF_max_depth=4_min_samples_leaf=5
IGHV3OR16-8,0.01937348494359055,3,RF_max_depth=4_min_samples_leaf=5
RD3L,0.019700025202581524,3,RF_max_depth=4_min_samples_leaf=5
BARHL2,0.020097221812224945,3,RF_max_depth=4_min_samples_leaf=5
IFNL2,0.020209784499825693,3,RF_max_depth=4_min_samples_leaf=5
GSX2,0.020253715992435948,3,RF_max_depth=4_min_samples_leaf=5
CRYGD,0.020253715992435948,3,RF_max_depth=4_min_samples_leaf=5
PRDM13,0.020253715992435948,3,RF_max_depth=4_min_samples_leaf=5
C5orf17,0.020253715992435948,3,RF_max_depth=4_min_samples_leaf=5
AL138820.1,0.020754185741669994,3,RF_max_depth=4_min_samples_leaf=5
TSPAN16,0.020754185741669994,3,RF_max_depth=4_min_samples_leaf=5
IFNL1,0.020754185741669994,3,RF_max_depth=4_min_samples_leaf=5
ZNF679,0.020754185741669994,3,RF_max_depth=4_min_samples_leaf=5
UPK2,0.020754712277194852,3,RF_max_depth=4_min_samples_leaf=5
AC239798.2,0.020783361511227658,3,RF_max_depth=4_min_samples_leaf=5
FAM90A28P,0.021221074418733367,3,RF_max_depth=4_min_samples_leaf=5
C6orf52,0.02145653120292996,3,RF_max_depth=4_min_samples_leaf=5
INAFM2,0.02145653120292996,3,RF_max_depth=4_min_samples_leaf=5
PPDPFL,0.02145653120292996,3,RF_max_depth=4_min_samples_leaf=5
FFAR1,0.021478674102608227,3,RF_max_depth=4_min_samples_leaf=5
KHDC1,0.021504498212400334,3,RF_max_depth=4_min_samples_leaf=5
HIGD2B,0.021567578653555085,3,RF_max_depth=4_min_samples_leaf=5
INHA,0.021567578653555085,3,RF_max_depth=4_min_samples_leaf=5
SGCZ,0.022179920499129983,3,RF_max_depth=4_min_samples_leaf=5
MUCL1,0.022179920499129983,3,RF_max_depth=4_min_samples_leaf=5
OR8K5,0.022179920499129983,3,RF_max_depth=4_min_samples_leaf=5
SHISA3,0.022179920499129983,3,RF_max_depth=4_min_samples_leaf=5
AC090515.5,0.022179920499129983,3,RF_max_depth=4_min_samples_leaf=5
OR2W3,0.022179920499129983,3,RF_max_depth=4_min_samples_leaf=5
GML,0.022179920499129983,3,RF_max_depth=4_min_samples_leaf=5
C16orf78,0.02233376213660119,3,RF_max_depth=4_min_samples_leaf=5
OR1L3,0.02233376213660119,3,RF_max_depth=4_min_samples_leaf=5
C8orf74,0.02233376213660119,3,RF_max_depth=4_min_samples_leaf=5
PTGER1,0.02233376213660119,3,RF_max_depth=4_min_samples_leaf=5
C2orf83,0.02233376213660119,3,RF_max_depth=4_min_samples_leaf=5
LMLN2,0.022525114279871923,3,RF_max_depth=4_min_samples_leaf=5
AL589743.3,0.022875649735034115,3,RF_max_depth=4_min_samples_leaf=5
CIAPIN1P,0.023584742826429403,3,RF_max_depth=4_min_samples_leaf=5
SPACA1,0.023691956979151194,3,RF_max_depth=4_min_samples_leaf=5
TLX2,0.023913747921057615,3,RF_max_depth=4_min_samples_leaf=5
RHOA-IT1,0.024602635614022397,3,RF_max_depth=4_min_samples_leaf=5
KLHL41,0.024960859033448912,3,RF_max_depth=4_min_samples_leaf=5
WNT1,0.025031712629879795,3,RF_max_depth=4_min_samples_leaf=5
GPR149,0.0253606762475196,3,RF_max_depth=4_min_samples_leaf=5
VAX2,0.025923541168369525,3,RF_max_depth=4_min_samples_leaf=5
ZNF280A,0.025923541168369525,3,RF_max_depth=4_min_samples_leaf=5
OR2M5,0.02625481001732466,3,RF_max_depth=4_min_samples_leaf=5
U73166.1,0.026444809239549328,3,RF_max_depth=4_min_samples_leaf=5
FAM177B,0.026444809239549328,3,RF_max_depth=4_min_samples_leaf=5
FDCSP,0.026478444457494407,3,RF_max_depth=4_min_samples_leaf=5
KRTAP21-2,0.02678789725375651,3,RF_max_depth=4_min_samples_leaf=5
AC092127.1,0.027082213358308613,3,RF_max_depth=4_min_samples_leaf=5
TBC1D21,0.027238666548564765,3,RF_max_depth=4_min_samples_leaf=5
AC026468.1,0.027238666548564765,3,RF_max_depth=4_min_samples_leaf=5
NCR2,0.027238666548564765,3,RF_max_depth=4_min_samples_leaf=5
AC009113.1,0.027238666548564765,3,RF_max_depth=4_min_samples_leaf=5
AC007952.9,0.027238666548564765,3,RF_max_depth=4_min_samples_leaf=5
SLAMF9,0.027238666548564765,3,RF_max_depth=4_min_samples_leaf=5
RASSF10,0.027300279735954672,3,RF_max_depth=4_min_samples_leaf=5
GPR143,0.027300279735954672,3,RF_max_depth=4_min_samples_leaf=5
AC010538.1,0.027448725741733696,3,RF_max_depth=4_min_samples_leaf=5
SERPINA13P,0.027448725741733696,3,RF_max_depth=4_min_samples_leaf=5
BX276092.9,0.027738999694085335,3,RF_max_depth=4_min_samples_leaf=5
NEUROG2,0.028107271739950736,3,RF_max_depth=4_min_samples_leaf=5
RWDD4P1,0.028107271739950736,3,RF_max_depth=4_min_samples_leaf=5
KCNV1,0.028476568994889526,3,RF_max_depth=4_min_samples_leaf=5
IRGC,0.028476568994889526,3,RF_max_depth=4_min_samples_leaf=5
AC023310.1,0.02902062421591175,3,RF_max_depth=4_min_samples_leaf=5
JHDM1D-AS1,0.02924148495932061,3,RF_max_depth=4_min_samples_leaf=5
MT-CO1,0.02924148495932061,3,RF_max_depth=4_min_samples_leaf=5
IGHV1-58,0.029627403064097946,3,RF_max_depth=4_min_samples_leaf=5
CHRNA3,0.02982092004212631,3,RF_max_depth=4_min_samples_leaf=5
DQX1,0.02982092004212631,3,RF_max_depth=4_min_samples_leaf=5
GPAT2P2,0.030015122780838552,3,RF_max_depth=4_min_samples_leaf=5
OR52R1,0.03003284732985637,3,RF_max_depth=4_min_samples_leaf=5
C17orf98,0.030097579772352997,3,RF_max_depth=4_min_samples_leaf=5
OR52L1,0.030216753980034972,3,RF_max_depth=4_min_samples_leaf=5
TMEM174,0.030388555216073237,3,RF_max_depth=4_min_samples_leaf=5
PTCRA,0.030599240420079946,3,RF_max_depth=4_min_samples_leaf=5
MYL4,0.03100287323512565,3,RF_max_depth=4_min_samples_leaf=5
LPAR4,0.03155896324088166,3,RF_max_depth=4_min_samples_leaf=5
OR7E26P,0.032041088227059804,3,RF_max_depth=4_min_samples_leaf=5
AF186192.1,0.03256728373100144,3,RF_max_depth=4_min_samples_leaf=5
BPIFC,0.03273355757742095,3,RF_max_depth=4_min_samples_leaf=5
FAM47B,0.03278332421570266,3,RF_max_depth=4_min_samples_leaf=5
AL512770.1,0.03278332421570266,3,RF_max_depth=4_min_samples_leaf=5
PTGES2-AS1,0.032837965076932686,3,RF_max_depth=4_min_samples_leaf=5
AL031595.2,0.03330192832146371,3,RF_max_depth=4_min_samples_leaf=5
SBF2-AS1,0.033307817917094716,3,RF_max_depth=4_min_samples_leaf=5
BPIFB2,0.03339426485562948,3,RF_max_depth=4_min_samples_leaf=5
HOXA11,0.03587517154042598,3,RF_max_depth=4_min_samples_leaf=5
GK2,0.035897157044494164,3,RF_max_depth=4_min_samples_leaf=5
OR1F2P,0.035898160725198115,3,RF_max_depth=4_min_samples_leaf=5
AP000357.1,0.035898160725198115,3,RF_max_depth=4_min_samples_leaf=5
CELA2B,0.035898160725198115,3,RF_max_depth=4_min_samples_leaf=5
DBET,0.035898160725198115,3,RF_max_depth=4_min_samples_leaf=5
PDE6H,0.035898160725198115,3,RF_max_depth=4_min_samples_leaf=5
RLN2,0.03665650552697278,3,RF_max_depth=4_min_samples_leaf=5
A1BG,0.03700714662985853,3,RF_max_depth=4_min_samples_leaf=5
IGHV3OR16-9,0.03700714662985853,3,RF_max_depth=4_min_samples_leaf=5
AC120114.4,0.03700714662985853,3,RF_max_depth=4_min_samples_leaf=5
AC104791.2,0.038238155486517655,3,RF_max_depth=4_min_samples_leaf=5
AC138647.1,0.038238155486517655,3,RF_max_depth=4_min_samples_leaf=5
MAGEC2,0.038238155486517655,3,RF_max_depth=4_min_samples_leaf=5
JPX,0.038238155486517655,3,RF_max_depth=4_min_samples_leaf=5
OR2F2,0.03965687464442805,3,RF_max_depth=4_min_samples_leaf=5
AC009086.3,0.03965687464442805,3,RF_max_depth=4_min_samples_leaf=5
GOT1L1,0.039813326661151505,3,RF_max_depth=4_min_samples_leaf=5
LINC02197,0.03994475724324776,3,RF_max_depth=4_min_samples_leaf=5
SLC6A18,0.040055467748424785,3,RF_max_depth=4_min_samples_leaf=5
TBX22,0.040055467748424785,3,RF_max_depth=4_min_samples_leaf=5
GLRA4,0.04049252675991877,3,RF_max_depth=4_min_samples_leaf=5
AC012441.2,0.040647517455257444,3,RF_max_depth=4_min_samples_leaf=5
OR5P3,0.040647517455257444,3,RF_max_depth=4_min_samples_leaf=5
CCR8,0.04065825550243512,3,RF_max_depth=4_min_samples_leaf=5
AP005212.1,0.04069285952104445,3,RF_max_depth=4_min_samples_leaf=5
OR52B1P,0.04069285952104445,3,RF_max_depth=4_min_samples_leaf=5
SOHLH1,0.04069285952104445,3,RF_max_depth=4_min_samples_leaf=5
PSORS1C1,0.04111103193281701,3,RF_max_depth=4_min_samples_leaf=5
KCTD21-AS1,0.0419211275096112,3,RF_max_depth=4_min_samples_leaf=5
DYNLRB2,0.042939904056933945,3,RF_max_depth=4_min_samples_leaf=5
AC092053.3,0.04300767470686839,3,RF_max_depth=4_min_samples_leaf=5
ALG1L2,0.043193172627589156,3,RF_max_depth=4_min_samples_leaf=5
AC104794.2,0.043193172627589156,3,RF_max_depth=4_min_samples_leaf=5
AP003057.1,0.043193172627589156,3,RF_max_depth=4_min_samples_leaf=5
SPZ1,0.043193172627589156,3,RF_max_depth=4_min_samples_leaf=5
AL008638.3,0.043708795701659545,3,RF_max_depth=4_min_samples_leaf=5
AC008740.2,0.043708795701659545,3,RF_max_depth=4_min_samples_leaf=5
TNFSF18,0.043708795701659545,3,RF_max_depth=4_min_samples_leaf=5
PRSS29P,0.043708795701659545,3,RF_max_depth=4_min_samples_leaf=5
GRID1,0.04391718802109978,3,RF_max_depth=4_min_samples_leaf=5
S100B,0.04425478696688573,3,RF_max_depth=4_min_samples_leaf=5
MIAT,0.044456275875786204,3,RF_max_depth=4_min_samples_leaf=5
AC003681.1,0.04452820395791943,3,RF_max_depth=4_min_samples_leaf=5
AC099684.2,0.044770381813394454,3,RF_max_depth=4_min_samples_leaf=5
GPR20,0.044838415114245044,3,RF_max_depth=4_min_samples_leaf=5
C17orf113,0.046262603588788885,3,RF_max_depth=4_min_samples_leaf=5
P2RY4,0.046770060775709374,3,RF_max_depth=4_min_samples_leaf=5
OR5F1,0.046770060775709374,3,RF_max_depth=4_min_samples_leaf=5
DMRT3,0.04684604738147252,3,RF_max_depth=4_min_samples_leaf=5
AC018647.2,0.04684604738147252,3,RF_max_depth=4_min_samples_leaf=5
OR8B12,0.04726220553625128,3,RF_max_depth=4_min_samples_leaf=5
AC090525.2,0.04726220553625128,3,RF_max_depth=4_min_samples_leaf=5
MAPK11,0.04726220553625128,3,RF_max_depth=4_min_samples_leaf=5
GALR3,0.04727585937589916,3,RF_max_depth=4_min_samples_leaf=5
CA7,0.04727585937589916,3,RF_max_depth=4_min_samples_leaf=5
AC106788.2,0.04727585937589916,3,RF_max_depth=4_min_samples_leaf=5
TNFSF9,0.04727585937589916,3,RF_max_depth=4_min_samples_leaf=5
DEFB115,0.04727585937589916,3,RF_max_depth=4_min_samples_leaf=5
C11orf53,0.04727585937589916,3,RF_max_depth=4_min_samples_leaf=5
AL136982.1,0.04727585937589916,3,RF_max_depth=4_min_samples_leaf=5
AC015871.4,0.04727585937589916,3,RF_max_depth=4_min_samples_leaf=5
LIPM,0.04764107132822796,3,RF_max_depth=4_min_samples_leaf=5
KLK12,0.04764107132822796,3,RF_max_depth=4_min_samples_leaf=5
ANGPT4,0.04764107132822796,3,RF_max_depth=4_min_samples_leaf=5
IGKV1OR22-5,0.04794619944360568,3,RF_max_depth=4_min_samples_leaf=5
BEST3,0.04797521495961461,3,RF_max_depth=4_min_samples_leaf=5
MRPL30,0.04797521495961461,3,RF_max_depth=4_min_samples_leaf=5
AC012645.2,0.04797521495961461,3,RF_max_depth=4_min_samples_leaf=5
LENG9,0.04797521495961461,3,RF_max_depth=4_min_samples_leaf=5
TAS2R13,0.04811952110559851,3,RF_max_depth=4_min_samples_leaf=5
AL445235.1,0.04812250231912492,3,RF_max_depth=4_min_samples_leaf=5
FOSL1P1,0.04812250231912492,3,RF_max_depth=4_min_samples_leaf=5
TRAV13-2,0.04812250231912492,3,RF_max_depth=4_min_samples_leaf=5
CSF2,0.048357797822076116,3,RF_max_depth=4_min_samples_leaf=5
OR10J1,0.048357797822076116,3,RF_max_depth=4_min_samples_leaf=5
ANKRD65,0.048357797822076116,3,RF_max_depth=4_min_samples_leaf=5
AC025198.1,0.04869322304174243,3,RF_max_depth=4_min_samples_leaf=5
OR2I1P,0.04892625157862099,3,RF_max_depth=4_min_samples_leaf=5
TDRKH-AS1,0.04892625157862099,3,RF_max_depth=4_min_samples_leaf=5
AC067904.1,0.04892625157862099,3,RF_max_depth=4_min_samples_leaf=5
KRTAP2-1,0.04892625157862099,3,RF_max_depth=4_min_samples_leaf=5
SCGB1C2,0.048961275094975595,3,RF_max_depth=4_min_samples_leaf=5
ACOD1,0.0491882867185172,3,RF_max_depth=4_min_samples_leaf=5
VN1R4,0.0491882867185172,3,RF_max_depth=4_min_samples_leaf=5
CUBNP2,0.04921838427795398,3,RF_max_depth=4_min_samples_leaf=5
CYP51A1,0.04921838427795398,3,RF_max_depth=4_min_samples_leaf=5
DCAF12L1,0.04921838427795398,3,RF_max_depth=4_min_samples_leaf=5
TTC9B,0.04921838427795398,3,RF_max_depth=4_min_samples_leaf=5
BTBD17,0.04921838427795398,3,RF_max_depth=4_min_samples_leaf=5
OR10H1,0.04921838427795398,3,RF_max_depth=4_min_samples_leaf=5
OR13F1,0.04921838427795398,3,RF_max_depth=4_min_samples_leaf=5
MTND4P24,0.04930287564034296,3,RF_max_depth=4_min_samples_leaf=5
RAX2,0.04936796644301496,3,RF_max_depth=4_min_samples_leaf=5
RTP4,0.04936796644301496,3,RF_max_depth=4_min_samples_leaf=5
IGKV1OR-3,0.04937222289598894,3,RF_max_depth=4_min_samples_leaf=5
FAM47A,0.04937222289598894,3,RF_max_depth=4_min_samples_leaf=5
AC093826.2,0.05020962000870157,3,RF_max_depth=4_min_samples_leaf=5
RBMXL3,0.05028725639165374,3,RF_max_depth=4_min_samples_leaf=5
DDN,0.05040928592697564,3,RF_max_depth=4_min_samples_leaf=5
PCP4,0.05091762053557602,3,RF_max_depth=4_min_samples_leaf=5
CCL8,0.051342729802777765,3,RF_max_depth=4_min_samples_leaf=5
RPS13P2,0.0515200236589032,3,RF_max_depth=4_min_samples_leaf=5
CBLN4,0.051620609973247994,3,RF_max_depth=4_min_samples_leaf=5
CARD18,0.0516769859952159,3,RF_max_depth=4_min_samples_leaf=5
TAS2R8,0.0516769859952159,3,RF_max_depth=4_min_samples_leaf=5
AC099778.1,0.0516769859952159,3,RF_max_depth=4_min_samples_leaf=5
MT-CO3,0.0516769859952159,3,RF_max_depth=4_min_samples_leaf=5
GPR45,0.05188152434429806,3,RF_max_depth=4_min_samples_leaf=5
MORN5,0.05188152434429806,3,RF_max_depth=4_min_samples_leaf=5
SLC2A7,0.05188152434429806,3,RF_max_depth=4_min_samples_leaf=5
IGF2-AS,0.05188152434429806,3,RF_max_depth=4_min_samples_leaf=5
CLEC3A,0.05188152434429806,3,RF_max_depth=4_min_samples_leaf=5
CACNG7,0.05235579527549829,3,RF_max_depth=4_min_samples_leaf=5
AC246793.1,0.052567397050382714,3,RF_max_depth=4_min_samples_leaf=5
ZNF285B,0.052567397050382714,3,RF_max_depth=4_min_samples_leaf=5
ADRA1D,0.052981238236429196,3,RF_max_depth=4_min_samples_leaf=5
IGKV6-21,0.052981238236429196,3,RF_max_depth=4_min_samples_leaf=5
GPR173,0.05304148015715388,3,RF_max_depth=4_min_samples_leaf=5
OR5K4,0.0536518184154983,3,RF_max_depth=4_min_samples_leaf=5
OR8K3,0.054291071071658994,3,RF_max_depth=4_min_samples_leaf=5
RPL31P49,0.054291071071658994,3,RF_max_depth=4_min_samples_leaf=5
PTCHD3,0.054291071071658994,3,RF_max_depth=4_min_samples_leaf=5
RXFP3,0.054291071071658994,3,RF_max_depth=4_min_samples_leaf=5
ZNF474,0.054291071071658994,3,RF_max_depth=4_min_samples_leaf=5
LINC01996,0.05497987619196225,3,RF_max_depth=4_min_samples_leaf=5
TUBAL3,0.05497987619196225,3,RF_max_depth=4_min_samples_leaf=5
CLCA3P,0.05497987619196225,3,RF_max_depth=4_min_samples_leaf=5
CLDN20,0.05499957688333246,3,RF_max_depth=4_min_samples_leaf=5
FAM220BP,0.05507713920638184,3,RF_max_depth=4_min_samples_leaf=5
TEX26,0.055284290023507356,3,RF_max_depth=4_min_samples_leaf=5
TRAV13-1,0.05586022028776828,3,RF_max_depth=4_min_samples_leaf=5
AC139792.1,0.05586022028776828,3,RF_max_depth=4_min_samples_leaf=5
SERTAD4-AS1,0.056501719481951505,3,RF_max_depth=4_min_samples_leaf=5
NKX2-2,0.05697805962819983,3,RF_max_depth=4_min_samples_leaf=5
SPINK9,0.05832638529350883,3,RF_max_depth=4_min_samples_leaf=5
TAAR9,0.05848753115648872,3,RF_max_depth=4_min_samples_leaf=5
GDF10,0.05848753115648872,3,RF_max_depth=4_min_samples_leaf=5
CALHM3,0.05854458995750723,3,RF_max_depth=4_min_samples_leaf=5
AL161669.3,0.05854458995750723,3,RF_max_depth=4_min_samples_leaf=5
TMEM95,0.05947966314114111,3,RF_max_depth=4_min_samples_leaf=5
PPP1R2C,0.059693467146638715,3,RF_max_depth=4_min_samples_leaf=5
SERPINB11,0.05977704520854597,3,RF_max_depth=4_min_samples_leaf=5
UGT1A3,0.05978961639467165,3,RF_max_depth=4_min_samples_leaf=5
SULT1A4,0.05983684959908727,3,RF_max_depth=4_min_samples_leaf=5
TMEM132C,0.06018469207556507,3,RF_max_depth=4_min_samples_leaf=5
AC008895.1,0.060687335185842295,3,RF_max_depth=4_min_samples_leaf=5
AC020917.4,0.06135302152176458,3,RF_max_depth=4_min_samples_leaf=5
OR2W5,0.061629601207892924,3,RF_max_depth=4_min_samples_leaf=5
PRTN3,0.06361924246569112,3,RF_max_depth=4_min_samples_leaf=5
SF3A3P2,0.06383168420070903,3,RF_max_depth=4_min_samples_leaf=5
ZBTB20-AS4,0.06421719756737028,3,RF_max_depth=4_min_samples_leaf=5
PLSCR5,0.06421719756737028,3,RF_max_depth=4_min_samples_leaf=5
SMR3A,0.06566695110102469,3,RF_max_depth=4_min_samples_leaf=5
AC023794.1,0.06582209960467521,3,RF_max_depth=4_min_samples_leaf=5
LACRT,0.06632711556086388,3,RF_max_depth=4_min_samples_leaf=5
LINC00240,0.06632711556086388,3,RF_max_depth=4_min_samples_leaf=5
TUBA3FP,0.06639252310921588,3,RF_max_depth=4_min_samples_leaf=5
LRRC37A7P,0.06639252310921588,3,RF_max_depth=4_min_samples_leaf=5
GP9,0.06701475901078391,3,RF_max_depth=4_min_samples_leaf=5
BTBD10P1,0.06701475901078391,3,RF_max_depth=4_min_samples_leaf=5
CRYGA,0.06738334154464934,3,RF_max_depth=4_min_samples_leaf=5
LINC00426,0.06747919706573179,3,RF_max_depth=4_min_samples_leaf=5
AL137028.1,0.06747919706573179,3,RF_max_depth=4_min_samples_leaf=5
NPM1P9,0.06757678335466764,3,RF_max_depth=4_min_samples_leaf=5
AC093536.1,0.06781323266983076,3,RF_max_depth=4_min_samples_leaf=5
CTXND1,0.06790220430509408,3,RF_max_depth=4_min_samples_leaf=5
IL3,0.06825294526832477,3,RF_max_depth=4_min_samples_leaf=5
RPS7P4,0.06826639197034036,3,RF_max_depth=4_min_samples_leaf=5
OR5M8,0.06849643856725054,3,RF_max_depth=4_min_samples_leaf=5
CDC20P1,0.0685542613626393,3,RF_max_depth=4_min_samples_leaf=5
SSX5,0.0685542613626393,3,RF_max_depth=4_min_samples_leaf=5
OR6X1,0.0685542613626393,3,RF_max_depth=4_min_samples_leaf=5
DLX4,0.06969769409826443,3,RF_max_depth=4_min_samples_leaf=5
OR4C3,0.07002980513046307,3,RF_max_depth=4_min_samples_leaf=5
AP000550.2,0.07006802302438236,3,RF_max_depth=4_min_samples_leaf=5
MAB21L1,0.07053880439450257,3,RF_max_depth=4_min_samples_leaf=5
PCDHA12,0.07053880439450257,3,RF_max_depth=4_min_samples_leaf=5
PTX4,0.07053880439450257,3,RF_max_depth=4_min_samples_leaf=5
SMIM26,0.07053880439450257,3,RF_max_depth=4_min_samples_leaf=5
SERPINB2,0.07056571255798465,3,RF_max_depth=4_min_samples_leaf=5
CDX4,0.07056571255798465,3,RF_max_depth=4_min_samples_leaf=5
CSN3,0.07056571255798465,3,RF_max_depth=4_min_samples_leaf=5
XG,0.07056571255798465,3,RF_max_depth=4_min_samples_leaf=5
SCGB1C1,0.07056571255798465,3,RF_max_depth=4_min_samples_leaf=5
AIFM3,0.07073693183437599,3,RF_max_depth=4_min_samples_leaf=5
OR11H7,0.07079274325211031,3,RF_max_depth=4_min_samples_leaf=5
AC005776.2,0.07103635473273204,3,RF_max_depth=4_min_samples_leaf=5
GAL3ST2,0.07135026116712632,3,RF_max_depth=4_min_samples_leaf=5
HIST2H3D,0.07164798145894395,3,RF_max_depth=4_min_samples_leaf=5
MATN4,0.07246556462994681,3,RF_max_depth=4_min_samples_leaf=5
FAM19A1,0.07246556462994681,3,RF_max_depth=4_min_samples_leaf=5
RASL10A,0.07246556462994681,3,RF_max_depth=4_min_samples_leaf=5
SLC51B,0.0734200805325354,3,RF_max_depth=4_min_samples_leaf=5
AF186192.2,0.07343266491908008,3,RF_max_depth=4_min_samples_leaf=5
SFTPB,0.07366930926767208,3,RF_max_depth=4_min_samples_leaf=5
AC092683.1,0.07366930926767208,3,RF_max_depth=4_min_samples_leaf=5
C5orf47,0.07366930926767208,3,RF_max_depth=4_min_samples_leaf=5
RHOF,0.07366930926767208,3,RF_max_depth=4_min_samples_leaf=5
OR5V1,0.07366930926767208,3,RF_max_depth=4_min_samples_leaf=5
RASSF8-AS1,0.07422939467306837,3,RF_max_depth=4_min_samples_leaf=5
SLC35D3,0.07423446015182282,3,RF_max_depth=4_min_samples_leaf=5
AC009065.8,0.07423446015182282,3,RF_max_depth=4_min_samples_leaf=5
AC097518.1,0.07543765043869535,3,RF_max_depth=4_min_samples_leaf=5
AC018554.3,0.0755352581252407,3,RF_max_depth=4_min_samples_leaf=5
VIP,0.0755352581252407,3,RF_max_depth=4_min_samples_leaf=5
KRTAP19-6,0.0755352581252407,3,RF_max_depth=4_min_samples_leaf=5
AC004803.1,0.0755352581252407,3,RF_max_depth=4_min_samples_leaf=5
PRAMEF30P,0.0761383776211825,3,RF_max_depth=4_min_samples_leaf=5
SMIM34B,0.0768930966785187,3,RF_max_depth=4_min_samples_leaf=5
PPP1R42,0.0768930966785187,3,RF_max_depth=4_min_samples_leaf=5
SRMS,0.07741342733586667,3,RF_max_depth=4_min_samples_leaf=5
GDF5,0.07754475284171043,3,RF_max_depth=4_min_samples_leaf=5
AP004245.1,0.07754475284171043,3,RF_max_depth=4_min_samples_leaf=5
GABRA5,0.07851860246413218,3,RF_max_depth=4_min_samples_leaf=5
DHX40P1,0.07861959432011176,3,RF_max_depth=4_min_samples_leaf=5
PCSK6-AS1,0.07935389474305773,3,RF_max_depth=4_min_samples_leaf=5
UBE2U,0.079964082972102,3,RF_max_depth=4_min_samples_leaf=5
AL391421.1,0.079964082972102,3,RF_max_depth=4_min_samples_leaf=5
LINC02211,0.079964082972102,3,RF_max_depth=4_min_samples_leaf=5
ELF3-AS1,0.08034319307227783,3,RF_max_depth=4_min_samples_leaf=5
KRTAP3-1,0.08034319307227783,3,RF_max_depth=4_min_samples_leaf=5
MGAT4EP,0.08041010325752568,3,RF_max_depth=4_min_samples_leaf=5
HTR2C,0.08041010325752568,3,RF_max_depth=4_min_samples_leaf=5
PVALEF,0.08103239891828311,3,RF_max_depth=4_min_samples_leaf=5
DSCAM,0.08103239891828311,3,RF_max_depth=4_min_samples_leaf=5
IGLV3-32,0.08103239891828311,3,RF_max_depth=4_min_samples_leaf=5
ANXA2P1,0.08130645851384159,3,RF_max_depth=4_min_samples_leaf=5
HSPB3,0.08162259305083255,3,RF_max_depth=4_min_samples_leaf=5
ABCF2,0.08162952284585419,3,RF_max_depth=4_min_samples_leaf=5
MTCO3P12,0.08162952284585419,3,RF_max_depth=4_min_samples_leaf=5
CCDC54,0.08174211370009846,3,RF_max_depth=4_min_samples_leaf=5
AC120498.9,0.08174211370009846,3,RF_max_depth=4_min_samples_leaf=5
KCNQ1OT1,0.08174211370009846,3,RF_max_depth=4_min_samples_leaf=5
S100A2,0.08187603603455232,3,RF_max_depth=4_min_samples_leaf=5
FUT8-AS1,0.08187603603455232,3,RF_max_depth=4_min_samples_leaf=5
GALR2,0.08187603603455232,3,RF_max_depth=4_min_samples_leaf=5
AC136443.2,0.08202323104534251,3,RF_max_depth=4_min_samples_leaf=5
LINC01387,0.08214473652339278,3,RF_max_depth=4_min_samples_leaf=5
TRBV6-7,0.08214473652339278,3,RF_max_depth=4_min_samples_leaf=5
LGALS13,0.08214473652339278,3,RF_max_depth=4_min_samples_leaf=5
AC126755.5,0.08214473652339278,3,RF_max_depth=4_min_samples_leaf=5
PTPN5,0.08214473652339278,3,RF_max_depth=4_min_samples_leaf=5
AC116914.2,0.082456872867941,3,RF_max_depth=4_min_samples_leaf=5
OR14K1,0.08301906888233147,3,RF_max_depth=4_min_samples_leaf=5
HTR1E,0.08301906888233147,3,RF_max_depth=4_min_samples_leaf=5
ICAM3,0.083021556257611,3,RF_max_depth=4_min_samples_leaf=5
SHISAL2B,0.08308000585851563,3,RF_max_depth=4_min_samples_leaf=5
CLDN17,0.08315288020288387,3,RF_max_depth=4_min_samples_leaf=5
FP671120.3,0.08315288020288387,3,RF_max_depth=4_min_samples_leaf=5
TNNT3,0.08315288020288387,3,RF_max_depth=4_min_samples_leaf=5
RN7SL784P,0.08315288020288387,3,RF_max_depth=4_min_samples_leaf=5
FP236383.2,0.08315288020288387,3,RF_max_depth=4_min_samples_leaf=5
FP236383.3,0.08315288020288387,3,RF_max_depth=4_min_samples_leaf=5
MT-ND4,0.08315288020288387,3,RF_max_depth=4_min_samples_leaf=5
RPL13AP2,0.08315288020288387,3,RF_max_depth=4_min_samples_leaf=5
TSGA10IP,0.08315288020288387,3,RF_max_depth=4_min_samples_leaf=5
AP004607.5,0.08315288020288387,3,RF_max_depth=4_min_samples_leaf=5
AL049612.1,0.08315288020288387,3,RF_max_depth=4_min_samples_leaf=5
OR6K3,0.08315288020288387,3,RF_max_depth=4_min_samples_leaf=5
PRSS58,0.08315288020288387,3,RF_max_depth=4_min_samples_leaf=5
KLHL30,0.08315288020288387,3,RF_max_depth=4_min_samples_leaf=5
KRT73,0.08315288020288387,3,RF_max_depth=4_min_samples_leaf=5
CBR3-AS1,0.08315288020288387,3,RF_max_depth=4_min_samples_leaf=5
PTOV1-AS1,0.08315288020288387,3,RF_max_depth=4_min_samples_leaf=5
C2orf27AP1,0.08365840337678473,3,RF_max_depth=4_min_samples_leaf=5
CCDC188,0.08368173736375376,3,RF_max_depth=4_min_samples_leaf=5
AC087276.1,0.08368173736375376,3,RF_max_depth=4_min_samples_leaf=5
ALG1L10P,0.08368173736375376,3,RF_max_depth=4_min_samples_leaf=5
BTF3L4P1,0.08382534073436564,3,RF_max_depth=4_min_samples_leaf=5
DRD5,0.08393672510090534,3,RF_max_depth=4_min_samples_leaf=5
ACCSL,0.08393672510090534,3,RF_max_depth=4_min_samples_leaf=5
IL22,0.08393672510090534,3,RF_max_depth=4_min_samples_leaf=5
TTTY20,0.08438551078643522,3,RF_max_depth=4_min_samples_leaf=5
OR7C2,0.08438551078643522,3,RF_max_depth=4_min_samples_leaf=5
TRAV25,0.0852000394842371,3,RF_max_depth=4_min_samples_leaf=5
FNDC11,0.0852000394842371,3,RF_max_depth=4_min_samples_leaf=5
OR9I1,0.0852000394842371,3,RF_max_depth=4_min_samples_leaf=5
ENDOU,0.0852000394842371,3,RF_max_depth=4_min_samples_leaf=5
AC022905.1,0.08536636745005502,3,RF_max_depth=4_min_samples_leaf=5
LYPD8,0.08536636745005502,3,RF_max_depth=4_min_samples_leaf=5
CDC37P2,0.08536636745005502,3,RF_max_depth=4_min_samples_leaf=5
CFAP157,0.08627328654573467,3,RF_max_depth=4_min_samples_leaf=5
MIR494,0.08662264486853478,3,RF_max_depth=4_min_samples_leaf=5
EGLN2,0.08665179380671374,3,RF_max_depth=4_min_samples_leaf=5
C14orf180,0.08672066159964756,3,RF_max_depth=4_min_samples_leaf=5
TRAV14DV4,0.08672066159964756,3,RF_max_depth=4_min_samples_leaf=5
LRRC10,0.08682050630893452,3,RF_max_depth=4_min_samples_leaf=5
AL138889.1,0.08687471843542775,3,RF_max_depth=4_min_samples_leaf=5
OR8B2,0.08696996339902892,3,RF_max_depth=4_min_samples_leaf=5
AC073655.2,0.08700461374577681,3,RF_max_depth=4_min_samples_leaf=5
NRL,0.08780182870603112,3,RF_max_depth=4_min_samples_leaf=5
LINC00106,0.0888372204383191,3,RF_max_depth=4_min_samples_leaf=5
AL356488.3,0.08972656129353443,3,RF_max_depth=4_min_samples_leaf=5
TAS1R3,0.09034677274373416,3,RF_max_depth=4_min_samples_leaf=5
AL356481.2,0.09034677274373416,3,RF_max_depth=4_min_samples_leaf=5
CCDC189,0.09063221546473739,3,RF_max_depth=4_min_samples_leaf=5
AC007342.2,0.09063221546473739,3,RF_max_depth=4_min_samples_leaf=5
TMEM72,0.09094461397970742,3,RF_max_depth=4_min_samples_leaf=5
PSKH2,0.09094461397970742,3,RF_max_depth=4_min_samples_leaf=5
AC005014.1,0.0909961206246097,3,RF_max_depth=4_min_samples_leaf=5
LINC01949,0.09100348089344998,3,RF_max_depth=4_min_samples_leaf=5
OR6N1,0.09114958099183826,3,RF_max_depth=4_min_samples_leaf=5
KRTAP19-8,0.09142711978537638,3,RF_max_depth=4_min_samples_leaf=5
TRAV8-6,0.09223547108528418,3,RF_max_depth=4_min_samples_leaf=5
RNF148,0.09233782170511767,3,RF_max_depth=4_min_samples_leaf=5
BX664615.1,0.09330867749183563,3,RF_max_depth=4_min_samples_leaf=5
TPRXL,0.09330867749183563,3,RF_max_depth=4_min_samples_leaf=5
AP006545.1,0.09330867749183563,3,RF_max_depth=4_min_samples_leaf=5
AL360271.1,0.09330867749183563,3,RF_max_depth=4_min_samples_leaf=5
AL035587.1,0.09345733721816026,3,RF_max_depth=4_min_samples_leaf=5
HTR1B,0.09345733721816026,3,RF_max_depth=4_min_samples_leaf=5
OR9G4,0.09345733721816026,3,RF_max_depth=4_min_samples_leaf=5
NUDT9P1,0.09482106799298833,3,RF_max_depth=4_min_samples_leaf=5
AC015813.1,0.09575032999068078,3,RF_max_depth=4_min_samples_leaf=5
ROM1,0.09606353016027899,3,RF_max_depth=4_min_samples_leaf=5
AP002986.1,0.09606353016027899,3,RF_max_depth=4_min_samples_leaf=5
LEXM,0.0960653061500762,3,RF_max_depth=4_min_samples_leaf=5
RAB38,0.09658797951419316,3,RF_max_depth=4_min_samples_leaf=5
AC026410.1,0.09669303202848298,3,RF_max_depth=4_min_samples_leaf=5
LINC01565,0.09682982182275728,3,RF_max_depth=4_min_samples_leaf=5
AC234771.2,0.09719234423413033,3,RF_max_depth=4_min_samples_leaf=5
MT-RNR2,0.09745295345593145,3,RF_max_depth=4_min_samples_leaf=5
AC092301.1,0.09767164989922576,3,RF_max_depth=4_min_samples_leaf=5
AC110926.1,0.09827174795012915,3,RF_max_depth=4_min_samples_leaf=5
GATA1,0.09831289172213856,3,RF_max_depth=4_min_samples_leaf=5
GH2,0.0984224856400368,3,RF_max_depth=4_min_samples_leaf=5
BPY2B,0.09917134948373071,3,RF_max_depth=4_min_samples_leaf=5
AC009501.1,0.09917134948373071,3,RF_max_depth=4_min_samples_leaf=5
BPY2,0.09917134948373071,3,RF_max_depth=4_min_samples_leaf=5
FAM58BP,6.837243194389645e-14,4,RF_max_depth=4_min_samples_leaf=5
SLC35E4,0.002062130102695738,4,RF_max_depth=4_min_samples_leaf=5
AC006538.1,0.002062130102695738,4,RF_max_depth=4_min_samples_leaf=5
CABP2,0.003809964398686465,4,RF_max_depth=4_min_samples_leaf=5
AC135731.1,0.007439407953250224,4,RF_max_depth=4_min_samples_leaf=5
HIPK4,0.009212119250933681,4,RF_max_depth=4_min_samples_leaf=5
ZNF679,0.010794378835709889,4,RF_max_depth=4_min_samples_leaf=5
FAM47A,0.020026347935905527,4,RF_max_depth=4_min_samples_leaf=5
AC073548.1,0.02540962071786236,4,RF_max_depth=4_min_samples_leaf=5
MC4R,0.029230578174941905,4,RF_max_depth=4_min_samples_leaf=5
DLX6-AS1,0.03506192525510548,4,RF_max_depth=4_min_samples_leaf=5
GPR171,0.0641267909941677,4,RF_max_depth=4_min_samples_leaf=5
DCDC2C,0.0641267909941677,4,RF_max_depth=4_min_samples_leaf=5
OR51K1P,0.0641267909941677,4,RF_max_depth=4_min_samples_leaf=5
NEUROG2,0.06561035976348642,4,RF_max_depth=4_min_samples_leaf=5
SLC7A3,0.07527195956209312,4,RF_max_depth=4_min_samples_leaf=5
AC127070.4,0.09107117894278631,4,RF_max_depth=4_min_samples_leaf=5
IGKV1D-43,0.09107117894278631,4,RF_max_depth=4_min_samples_leaf=5
NTNG1,0.09107117894278631,4,RF_max_depth=4_min_samples_leaf=5
FAM83C,0.09107117894278631,4,RF_max_depth=4_min_samples_leaf=5
AL133245.1,0.09107117894278631,4,RF_max_depth=4_min_samples_leaf=5
AL162171.3,0.09107117894278631,4,RF_max_depth=4_min_samples_leaf=5
CAMK1G,0.0002346121904188318,1,RF_max_depth=4_min_samples_leaf=10
EFHC2,0.0031374001214932636,1,RF_max_depth=4_min_samples_leaf=10
CABP2,0.004218217529974291,1,RF_max_depth=4_min_samples_leaf=10
HNRNPCL4,0.004218217529974291,1,RF_max_depth=4_min_samples_leaf=10
MGAT4D,0.019711618421288726,1,RF_max_depth=4_min_samples_leaf=10
TRIM51CP,0.019711618421288726,1,RF_max_depth=4_min_samples_leaf=10
FAM47C,0.019711618421288726,1,RF_max_depth=4_min_samples_leaf=10
AC005696.4,0.019711618421288726,1,RF_max_depth=4_min_samples_leaf=10
KRTAP10-8,0.019711618421288726,1,RF_max_depth=4_min_samples_leaf=10
DEFB106B,0.019711618421288726,1,RF_max_depth=4_min_samples_leaf=10
DEFB106A,0.019711618421288726,1,RF_max_depth=4_min_samples_leaf=10
AC135731.1,0.019711618421288726,1,RF_max_depth=4_min_samples_leaf=10
AC127070.4,0.019711618421288726,1,RF_max_depth=4_min_samples_leaf=10
DEFB4B,0.019711618421288726,1,RF_max_depth=4_min_samples_leaf=10
WFDC5,0.019711618421288726,1,RF_max_depth=4_min_samples_leaf=10
DCDC2C,0.027057107307385093,1,RF_max_depth=4_min_samples_leaf=10
C2orf92,0.027385840492625924,1,RF_max_depth=4_min_samples_leaf=10
CSF2,0.03317754905023052,1,RF_max_depth=4_min_samples_leaf=10
AL117328.2,0.03317754905023052,1,RF_max_depth=4_min_samples_leaf=10
C8orf87,0.03317754905023052,1,RF_max_depth=4_min_samples_leaf=10
TAS1R2,0.03317754905023052,1,RF_max_depth=4_min_samples_leaf=10
AC092068.2,0.03317754905023052,1,RF_max_depth=4_min_samples_leaf=10
AL133245.1,0.03586210693144581,1,RF_max_depth=4_min_samples_leaf=10
OR52E6,0.038604436431056294,1,RF_max_depth=4_min_samples_leaf=10
AL353726.2,0.038629659973828924,1,RF_max_depth=4_min_samples_leaf=10
GPR6,0.038629659973828924,1,RF_max_depth=4_min_samples_leaf=10
KLF17,0.039947763987508066,1,RF_max_depth=4_min_samples_leaf=10
AC009086.3,0.039947763987508066,1,RF_max_depth=4_min_samples_leaf=10
AL139384.2,0.04422728165507532,1,RF_max_depth=4_min_samples_leaf=10
AC020917.4,0.04422728165507532,1,RF_max_depth=4_min_samples_leaf=10
AC017002.1,0.04422728165507532,1,RF_max_depth=4_min_samples_leaf=10
GP9,0.04422728165507532,1,RF_max_depth=4_min_samples_leaf=10
AC138647.1,0.058754469042218836,1,RF_max_depth=4_min_samples_leaf=10
LGALS14,0.07252118709399037,1,RF_max_depth=4_min_samples_leaf=10
AL162171.3,0.07741974148695221,1,RF_max_depth=4_min_samples_leaf=10
AC020908.3,0.08455257332165889,1,RF_max_depth=4_min_samples_leaf=10
AC005899.1,0.09002626812741678,1,RF_max_depth=4_min_samples_leaf=10
FAM47A,0.09125889972548598,1,RF_max_depth=4_min_samples_leaf=10
ATP5F1E,0.09125889972548598,1,RF_max_depth=4_min_samples_leaf=10
AC006538.1,0.09693472950570264,1,RF_max_depth=4_min_samples_leaf=10
OR5H2,0.09948872819526197,1,RF_max_depth=4_min_samples_leaf=10
CAMK2N2,0.09976288301590981,1,RF_max_depth=4_min_samples_leaf=10
TSPY2,0.13283227073027282,2,RF_max_depth=4_min_samples_leaf=10
LGI3,0.18427379154017176,2,RF_max_depth=4_min_samples_leaf=10
ATOH1,0.18427379154017176,2,RF_max_depth=4_min_samples_leaf=10
POU4F1,0.2371822219764822,2,RF_max_depth=4_min_samples_leaf=10
HAPLN1,0.2371822219764822,2,RF_max_depth=4_min_samples_leaf=10
KIR3DX1,0.2787111715702861,2,RF_max_depth=4_min_samples_leaf=10
TSPY9P,0.5016764055996401,2,RF_max_depth=4_min_samples_leaf=10
HOXA5,0.5069232359466297,2,RF_max_depth=4_min_samples_leaf=10
KCNJ10,0.5069232359466297,2,RF_max_depth=4_min_samples_leaf=10
LINC00304,0.5069232359466297,2,RF_max_depth=4_min_samples_leaf=10
AC135050.1,0.5069232359466297,2,RF_max_depth=4_min_samples_leaf=10
AC025430.1,0.5069232359466297,2,RF_max_depth=4_min_samples_leaf=10
AC064807.1,0.5723168173304156,2,RF_max_depth=4_min_samples_leaf=10
TBXT,0.5957011847396212,2,RF_max_depth=4_min_samples_leaf=10
CADM3,0.6240571435232605,2,RF_max_depth=4_min_samples_leaf=10
ZNF710-AS1,0.6240571435232605,2,RF_max_depth=4_min_samples_leaf=10
TSPY7P,0.6240571435232605,2,RF_max_depth=4_min_samples_leaf=10
AZIN2,0.6358078434146772,2,RF_max_depth=4_min_samples_leaf=10
OLFM3,0.6538460975620365,2,RF_max_depth=4_min_samples_leaf=10
TSPAN11,0.6538460975620365,2,RF_max_depth=4_min_samples_leaf=10
CCIN,3.556204501672295e-05,3,RF_max_depth=4_min_samples_leaf=10
FOXI2,4.30119628292221e-05,3,RF_max_depth=4_min_samples_leaf=10
TSNAXIP1,9.820043745730653e-05,3,RF_max_depth=4_min_samples_leaf=10
TRIM60,0.0001057561980992679,3,RF_max_depth=4_min_samples_leaf=10
EFHC2,0.00013254290395039013,3,RF_max_depth=4_min_samples_leaf=10
AC135731.1,0.00021077485487619576,3,RF_max_depth=4_min_samples_leaf=10
AQP12B,0.0005806761347163215,3,RF_max_depth=4_min_samples_leaf=10
SUN3,0.0007863187820017613,3,RF_max_depth=4_min_samples_leaf=10
SLC34A3,0.00111626315397771,3,RF_max_depth=4_min_samples_leaf=10
UBBP1,0.001417335229653906,3,RF_max_depth=4_min_samples_leaf=10
SPDYA,0.0014557504666834356,3,RF_max_depth=4_min_samples_leaf=10
AC139426.1,0.001965810460098856,3,RF_max_depth=4_min_samples_leaf=10
ZMAT4,0.001965810460098856,3,RF_max_depth=4_min_samples_leaf=10
C6orf222,0.001965810460098856,3,RF_max_depth=4_min_samples_leaf=10
DNM1P47,0.001965810460098856,3,RF_max_depth=4_min_samples_leaf=10
BSPRY,0.001965810460098856,3,RF_max_depth=4_min_samples_leaf=10
GRHL3,0.001965810460098856,3,RF_max_depth=4_min_samples_leaf=10
PADI1,0.0020987784117093354,3,RF_max_depth=4_min_samples_leaf=10
DEFB4B,0.0023265236672844144,3,RF_max_depth=4_min_samples_leaf=10
C3orf84,0.0023265236672844144,3,RF_max_depth=4_min_samples_leaf=10
CABP2,0.0023265236672844144,3,RF_max_depth=4_min_samples_leaf=10
MYF6,0.002393416775832938,3,RF_max_depth=4_min_samples_leaf=10
UMOD,0.0024370834868512638,3,RF_max_depth=4_min_samples_leaf=10
UGT3A2,0.0025324689231368265,3,RF_max_depth=4_min_samples_leaf=10
IRX6,0.0025324689231368265,3,RF_max_depth=4_min_samples_leaf=10
CCT8L1P,0.0025324689231368265,3,RF_max_depth=4_min_samples_leaf=10
C17orf78,0.00265201571097863,3,RF_max_depth=4_min_samples_leaf=10
TGIF2LX,0.002752915062437729,3,RF_max_depth=4_min_samples_leaf=10
OR10G9,0.002875224522415194,3,RF_max_depth=4_min_samples_leaf=10
ADAM6,0.0033334976973799202,3,RF_max_depth=4_min_samples_leaf=10
AC006538.1,0.003425993476437647,3,RF_max_depth=4_min_samples_leaf=10
NPY4R,0.004085390491956862,3,RF_max_depth=4_min_samples_leaf=10
HNRNPA1P9,0.004131978270379738,3,RF_max_depth=4_min_samples_leaf=10
NACAD,0.004204473090879509,3,RF_max_depth=4_min_samples_leaf=10
TNNC1,0.004204473090879509,3,RF_max_depth=4_min_samples_leaf=10
C2orf70,0.004436555200641601,3,RF_max_depth=4_min_samples_leaf=10
GPA33,0.004436555200641601,3,RF_max_depth=4_min_samples_leaf=10
SLC7A3,0.004438222826980152,3,RF_max_depth=4_min_samples_leaf=10
AP000552.3,0.004864663140060189,3,RF_max_depth=4_min_samples_leaf=10
DPPA3,0.004864663140060189,3,RF_max_depth=4_min_samples_leaf=10
AC004889.1,0.004864663140060189,3,RF_max_depth=4_min_samples_leaf=10
CAMK1G,0.005079476174166191,3,RF_max_depth=4_min_samples_leaf=10
CLDN19,0.005079476174166191,3,RF_max_depth=4_min_samples_leaf=10
REELD1,0.00513252575798901,3,RF_max_depth=4_min_samples_leaf=10
WFDC5,0.00513252575798901,3,RF_max_depth=4_min_samples_leaf=10
BPIFB6,0.00513252575798901,3,RF_max_depth=4_min_samples_leaf=10
GPR6,0.00513252575798901,3,RF_max_depth=4_min_samples_leaf=10
NPY5R,0.00513252575798901,3,RF_max_depth=4_min_samples_leaf=10
LRRC30,0.00513252575798901,3,RF_max_depth=4_min_samples_leaf=10
PROKR2,0.00513252575798901,3,RF_max_depth=4_min_samples_leaf=10
CATSPER4,0.00513252575798901,3,RF_max_depth=4_min_samples_leaf=10
AC012354.2,0.00513252575798901,3,RF_max_depth=4_min_samples_leaf=10
POPDC3,0.00513252575798901,3,RF_max_depth=4_min_samples_leaf=10
FGF8,0.00513252575798901,3,RF_max_depth=4_min_samples_leaf=10
FAM47C,0.00513252575798901,3,RF_max_depth=4_min_samples_leaf=10
IGKV1OR2-118,0.00513252575798901,3,RF_max_depth=4_min_samples_leaf=10
REC114,0.00513252575798901,3,RF_max_depth=4_min_samples_leaf=10
SMYD1,0.00536889924013486,3,RF_max_depth=4_min_samples_leaf=10
PADI3,0.005403135267365348,3,RF_max_depth=4_min_samples_leaf=10
MOS,0.005687326339847545,3,RF_max_depth=4_min_samples_leaf=10
KCNIP1,0.005687326339847545,3,RF_max_depth=4_min_samples_leaf=10
KRTAP10-8,0.005871614377615396,3,RF_max_depth=4_min_samples_leaf=10
RFPL4AP1,0.006104574791591355,3,RF_max_depth=4_min_samples_leaf=10
PPP4R3C,0.006104574791591355,3,RF_max_depth=4_min_samples_leaf=10
GJB3,0.006104574791591355,3,RF_max_depth=4_min_samples_leaf=10
ACTRT3,0.006104574791591355,3,RF_max_depth=4_min_samples_leaf=10
DEFB106A,0.00612084847942525,3,RF_max_depth=4_min_samples_leaf=10
SLC29A4P1,0.006163251206785638,3,RF_max_depth=4_min_samples_leaf=10
OR6P1,0.006694240499421805,3,RF_max_depth=4_min_samples_leaf=10
PF4V1,0.006706414089905437,3,RF_max_depth=4_min_samples_leaf=10
TAS1R2,0.006706414089905437,3,RF_max_depth=4_min_samples_leaf=10
C11orf16,0.006706414089905437,3,RF_max_depth=4_min_samples_leaf=10
LELP1,0.006952600488037477,3,RF_max_depth=4_min_samples_leaf=10
NTNG1,0.007003043354357123,3,RF_max_depth=4_min_samples_leaf=10
AC015911.1,0.007499184652322325,3,RF_max_depth=4_min_samples_leaf=10
CYTOR,0.007499184652322325,3,RF_max_depth=4_min_samples_leaf=10
ELANE,0.007499184652322325,3,RF_max_depth=4_min_samples_leaf=10
DEFB119,0.007499184652322325,3,RF_max_depth=4_min_samples_leaf=10
H2AFB2,0.007627623853773193,3,RF_max_depth=4_min_samples_leaf=10
DEFB107A,0.007627623853773193,3,RF_max_depth=4_min_samples_leaf=10
TGFBR3L,0.007886548048861542,3,RF_max_depth=4_min_samples_leaf=10
RS1,0.007886548048861542,3,RF_max_depth=4_min_samples_leaf=10
DEFB107B,0.007984439482166691,3,RF_max_depth=4_min_samples_leaf=10
SLC6A8,0.008424446513401863,3,RF_max_depth=4_min_samples_leaf=10
AL512310.6,0.008454176954173264,3,RF_max_depth=4_min_samples_leaf=10
DCDC2C,0.008733640460903786,3,RF_max_depth=4_min_samples_leaf=10
EPHB3,0.008942416619876362,3,RF_max_depth=4_min_samples_leaf=10
PGPEP1L,0.008942416619876362,3,RF_max_depth=4_min_samples_leaf=10
KDM4E,0.008942416619876362,3,RF_max_depth=4_min_samples_leaf=10
MYL1,0.008942416619876362,3,RF_max_depth=4_min_samples_leaf=10
DEFB106B,0.008942416619876362,3,RF_max_depth=4_min_samples_leaf=10
ASTL,0.008942416619876362,3,RF_max_depth=4_min_samples_leaf=10
OBP2B,0.008942416619876362,3,RF_max_depth=4_min_samples_leaf=10
LRRC3C,0.008942416619876362,3,RF_max_depth=4_min_samples_leaf=10
DEFB104A,0.008942416619876362,3,RF_max_depth=4_min_samples_leaf=10
RLBP1,0.008942416619876362,3,RF_max_depth=4_min_samples_leaf=10
KRTDAP,0.008942416619876362,3,RF_max_depth=4_min_samples_leaf=10
MYOG,0.008942416619876362,3,RF_max_depth=4_min_samples_leaf=10
GNRHR,0.008942416619876362,3,RF_max_depth=4_min_samples_leaf=10
AC008985.1,0.008942416619876362,3,RF_max_depth=4_min_samples_leaf=10
BPIFB3,0.009020553691482839,3,RF_max_depth=4_min_samples_leaf=10
ACTBL2,0.009020553691482839,3,RF_max_depth=4_min_samples_leaf=10
CNTD1,0.009020553691482839,3,RF_max_depth=4_min_samples_leaf=10
DNASE2B,0.009020553691482839,3,RF_max_depth=4_min_samples_leaf=10
CELA3A,0.009020553691482839,3,RF_max_depth=4_min_samples_leaf=10
FABP6,0.009020553691482839,3,RF_max_depth=4_min_samples_leaf=10
AC112504.1,0.009020553691482839,3,RF_max_depth=4_min_samples_leaf=10
DEFB104B,0.009020553691482839,3,RF_max_depth=4_min_samples_leaf=10
AC136443.1,0.009020553691482839,3,RF_max_depth=4_min_samples_leaf=10
CD177P1,0.009099090835679835,3,RF_max_depth=4_min_samples_leaf=10
RESP18,0.009539978098851293,3,RF_max_depth=4_min_samples_leaf=10
IGHE,0.009539978098851293,3,RF_max_depth=4_min_samples_leaf=10
LHCGR,0.009539978098851293,3,RF_max_depth=4_min_samples_leaf=10
DCAF12L2,0.009539978098851293,3,RF_max_depth=4_min_samples_leaf=10
ZNF488,0.009539978098851293,3,RF_max_depth=4_min_samples_leaf=10
PABPC1P2,0.009637286568264344,3,RF_max_depth=4_min_samples_leaf=10
MT-CO2,0.009637286568264344,3,RF_max_depth=4_min_samples_leaf=10
NYX,0.009637286568264344,3,RF_max_depth=4_min_samples_leaf=10
PRSS55,0.009637286568264344,3,RF_max_depth=4_min_samples_leaf=10
C7orf65,0.009637286568264344,3,RF_max_depth=4_min_samples_leaf=10
AC092068.2,0.009637286568264344,3,RF_max_depth=4_min_samples_leaf=10
CDRT15P1,0.009637286568264344,3,RF_max_depth=4_min_samples_leaf=10
MYBPHL,0.009960960752808147,3,RF_max_depth=4_min_samples_leaf=10
PRAMEF17,0.010049041368567822,3,RF_max_depth=4_min_samples_leaf=10
OR5AC2,0.010201976543035639,3,RF_max_depth=4_min_samples_leaf=10
NT5DC4,0.010418860434589465,3,RF_max_depth=4_min_samples_leaf=10
AQP8,0.010486484640233714,3,RF_max_depth=4_min_samples_leaf=10
FAM90A27P,0.010486484640233714,3,RF_max_depth=4_min_samples_leaf=10
AL691447.2,0.010544554669226328,3,RF_max_depth=4_min_samples_leaf=10
CAMK2N2,0.01067233362851584,3,RF_max_depth=4_min_samples_leaf=10
RAB13,0.01077245117874679,3,RF_max_depth=4_min_samples_leaf=10
AKAP4,0.010888728339933706,3,RF_max_depth=4_min_samples_leaf=10
KLF17,0.011221040415915182,3,RF_max_depth=4_min_samples_leaf=10
OR56A1,0.01143842902037742,3,RF_max_depth=4_min_samples_leaf=10
LINC02203,0.011558593650926272,3,RF_max_depth=4_min_samples_leaf=10
HS6ST2,0.011617951009847517,3,RF_max_depth=4_min_samples_leaf=10
NANOGP2,0.011698964007918733,3,RF_max_depth=4_min_samples_leaf=10
MTCO1P12,0.01183950477458477,3,RF_max_depth=4_min_samples_leaf=10
FOXL2,0.011993337765651006,3,RF_max_depth=4_min_samples_leaf=10
FZD9,0.012426847241995154,3,RF_max_depth=4_min_samples_leaf=10
FUNDC2P2,0.01246545023561772,3,RF_max_depth=4_min_samples_leaf=10
KCNK16,0.01262791929664901,3,RF_max_depth=4_min_samples_leaf=10
GPR152,0.01262791929664901,3,RF_max_depth=4_min_samples_leaf=10
REXO1L3P,0.012801450875359404,3,RF_max_depth=4_min_samples_leaf=10
VSTM1,0.013252153900712754,3,RF_max_depth=4_min_samples_leaf=10
RPS4XP3,0.013341217021609068,3,RF_max_depth=4_min_samples_leaf=10
AHSP,0.013345337090713427,3,RF_max_depth=4_min_samples_leaf=10
C9orf24,0.013428019456591498,3,RF_max_depth=4_min_samples_leaf=10
IGKV6D-21,0.013721518396763173,3,RF_max_depth=4_min_samples_leaf=10
IGKV1D-43,0.014046106592710413,3,RF_max_depth=4_min_samples_leaf=10
PDYN,0.014046106592710413,3,RF_max_depth=4_min_samples_leaf=10
PCDHAC2,0.014090935086277448,3,RF_max_depth=4_min_samples_leaf=10
OR2T27,0.014166735687059269,3,RF_max_depth=4_min_samples_leaf=10
FAM83C,0.014166735687059269,3,RF_max_depth=4_min_samples_leaf=10
GUCY2F,0.01422236508540898,3,RF_max_depth=4_min_samples_leaf=10
KRT33B,0.014270700001879851,3,RF_max_depth=4_min_samples_leaf=10
WNT16,0.014560691179057735,3,RF_max_depth=4_min_samples_leaf=10
OR51D1,0.014658689087934551,3,RF_max_depth=4_min_samples_leaf=10
ZMYND12,0.014842942552811874,3,RF_max_depth=4_min_samples_leaf=10
TAAR5,0.015597736735377104,3,RF_max_depth=4_min_samples_leaf=10
AC009060.2,0.01560325433251736,3,RF_max_depth=4_min_samples_leaf=10
TREM2,0.01578988686676743,3,RF_max_depth=4_min_samples_leaf=10
TEX13A,0.015924119684186753,3,RF_max_depth=4_min_samples_leaf=10
GPR139,0.01612243881583402,3,RF_max_depth=4_min_samples_leaf=10
AC127070.4,0.016228833677981797,3,RF_max_depth=4_min_samples_leaf=10
OR51K1P,0.016290341182164325,3,RF_max_depth=4_min_samples_leaf=10
LLCFC1,0.016829099525573325,3,RF_max_depth=4_min_samples_leaf=10
RHEBL1,0.016829099525573325,3,RF_max_depth=4_min_samples_leaf=10
GHSR,0.017047776162790844,3,RF_max_depth=4_min_samples_leaf=10
MYOZ3,0.017226993120161075,3,RF_max_depth=4_min_samples_leaf=10
ZNF648,0.01733853051204848,3,RF_max_depth=4_min_samples_leaf=10
VGLL2,0.017472051213725387,3,RF_max_depth=4_min_samples_leaf=10
RAB25,0.017773423665657425,3,RF_max_depth=4_min_samples_leaf=10
C8orf87,0.017773423665657425,3,RF_max_depth=4_min_samples_leaf=10
LRRC53,0.017773423665657425,3,RF_max_depth=4_min_samples_leaf=10
AC239859.6,0.017773423665657425,3,RF_max_depth=4_min_samples_leaf=10
CDRT15L2,0.017800498384435263,3,RF_max_depth=4_min_samples_leaf=10
AC092368.3,0.017976997630697024,3,RF_max_depth=4_min_samples_leaf=10
KRT84,0.017976997630697024,3,RF_max_depth=4_min_samples_leaf=10
OR10A3,0.017976997630697024,3,RF_max_depth=4_min_samples_leaf=10
DNM1P51,0.017976997630697024,3,RF_max_depth=4_min_samples_leaf=10
TIMP4,0.017976997630697024,3,RF_max_depth=4_min_samples_leaf=10
AC008033.1,0.017976997630697024,3,RF_max_depth=4_min_samples_leaf=10
PJVK,0.017976997630697024,3,RF_max_depth=4_min_samples_leaf=10
AC025594.1,0.017976997630697024,3,RF_max_depth=4_min_samples_leaf=10
OR52N5,0.017976997630697024,3,RF_max_depth=4_min_samples_leaf=10
LGALS16,0.017976997630697024,3,RF_max_depth=4_min_samples_leaf=10
CRABP2,0.01812924288724069,3,RF_max_depth=4_min_samples_leaf=10
OR52I2,0.018174128091738205,3,RF_max_depth=4_min_samples_leaf=10
AC008395.1,0.01834813333520814,3,RF_max_depth=4_min_samples_leaf=10
KRT32,0.01834813333520814,3,RF_max_depth=4_min_samples_leaf=10
DRD1,0.018392684925084953,3,RF_max_depth=4_min_samples_leaf=10
OR5H2,0.018392684925084953,3,RF_max_depth=4_min_samples_leaf=10
RNASE10,0.018392684925084953,3,RF_max_depth=4_min_samples_leaf=10
RNASE8,0.019042911789328498,3,RF_max_depth=4_min_samples_leaf=10
IGHV3OR16-8,0.01937348494359055,3,RF_max_depth=4_min_samples_leaf=10
RD3L,0.019700025202581524,3,RF_max_depth=4_min_samples_leaf=10
BARHL2,0.020097221812224945,3,RF_max_depth=4_min_samples_leaf=10
IFNL2,0.020209784499825693,3,RF_max_depth=4_min_samples_leaf=10
GSX2,0.020253715992435948,3,RF_max_depth=4_min_samples_leaf=10
CRYGD,0.020253715992435948,3,RF_max_depth=4_min_samples_leaf=10
PRDM13,0.020253715992435948,3,RF_max_depth=4_min_samples_leaf=10
C5orf17,0.020253715992435948,3,RF_max_depth=4_min_samples_leaf=10
AL138820.1,0.020754185741669994,3,RF_max_depth=4_min_samples_leaf=10
TSPAN16,0.020754185741669994,3,RF_max_depth=4_min_samples_leaf=10
IFNL1,0.020754185741669994,3,RF_max_depth=4_min_samples_leaf=10
ZNF679,0.020754185741669994,3,RF_max_depth=4_min_samples_leaf=10
UPK2,0.020754712277194852,3,RF_max_depth=4_min_samples_leaf=10
AC239798.2,0.020783361511227658,3,RF_max_depth=4_min_samples_leaf=10
FAM90A28P,0.021221074418733367,3,RF_max_depth=4_min_samples_leaf=10
C6orf52,0.02145653120292996,3,RF_max_depth=4_min_samples_leaf=10
INAFM2,0.02145653120292996,3,RF_max_depth=4_min_samples_leaf=10
PPDPFL,0.02145653120292996,3,RF_max_depth=4_min_samples_leaf=10
FFAR1,0.021478674102608227,3,RF_max_depth=4_min_samples_leaf=10
KHDC1,0.021504498212400334,3,RF_max_depth=4_min_samples_leaf=10
HIGD2B,0.021567578653555085,3,RF_max_depth=4_min_samples_leaf=10
INHA,0.021567578653555085,3,RF_max_depth=4_min_samples_leaf=10
SGCZ,0.022179920499129983,3,RF_max_depth=4_min_samples_leaf=10
MUCL1,0.022179920499129983,3,RF_max_depth=4_min_samples_leaf=10
OR8K5,0.022179920499129983,3,RF_max_depth=4_min_samples_leaf=10
SHISA3,0.022179920499129983,3,RF_max_depth=4_min_samples_leaf=10
AC090515.5,0.022179920499129983,3,RF_max_depth=4_min_samples_leaf=10
OR2W3,0.022179920499129983,3,RF_max_depth=4_min_samples_leaf=10
GML,0.022179920499129983,3,RF_max_depth=4_min_samples_leaf=10
C16orf78,0.02233376213660119,3,RF_max_depth=4_min_samples_leaf=10
OR1L3,0.02233376213660119,3,RF_max_depth=4_min_samples_leaf=10
C8orf74,0.02233376213660119,3,RF_max_depth=4_min_samples_leaf=10
PTGER1,0.02233376213660119,3,RF_max_depth=4_min_samples_leaf=10
C2orf83,0.02233376213660119,3,RF_max_depth=4_min_samples_leaf=10
LMLN2,0.022525114279871923,3,RF_max_depth=4_min_samples_leaf=10
AL589743.3,0.022875649735034115,3,RF_max_depth=4_min_samples_leaf=10
CIAPIN1P,0.023584742826429403,3,RF_max_depth=4_min_samples_leaf=10
SPACA1,0.023691956979151194,3,RF_max_depth=4_min_samples_leaf=10
TLX2,0.023913747921057615,3,RF_max_depth=4_min_samples_leaf=10
RHOA-IT1,0.024602635614022397,3,RF_max_depth=4_min_samples_leaf=10
KLHL41,0.024960859033448912,3,RF_max_depth=4_min_samples_leaf=10
WNT1,0.025031712629879795,3,RF_max_depth=4_min_samples_leaf=10
GPR149,0.0253606762475196,3,RF_max_depth=4_min_samples_leaf=10
VAX2,0.025923541168369525,3,RF_max_depth=4_min_samples_leaf=10
ZNF280A,0.025923541168369525,3,RF_max_depth=4_min_samples_leaf=10
OR2M5,0.02625481001732466,3,RF_max_depth=4_min_samples_leaf=10
U73166.1,0.026444809239549328,3,RF_max_depth=4_min_samples_leaf=10
FAM177B,0.026444809239549328,3,RF_max_depth=4_min_samples_leaf=10
FDCSP,0.026478444457494407,3,RF_max_depth=4_min_samples_leaf=10
KRTAP21-2,0.02678789725375651,3,RF_max_depth=4_min_samples_leaf=10
AC092127.1,0.027082213358308613,3,RF_max_depth=4_min_samples_leaf=10
TBC1D21,0.027238666548564765,3,RF_max_depth=4_min_samples_leaf=10
AC026468.1,0.027238666548564765,3,RF_max_depth=4_min_samples_leaf=10
NCR2,0.027238666548564765,3,RF_max_depth=4_min_samples_leaf=10
AC009113.1,0.027238666548564765,3,RF_max_depth=4_min_samples_leaf=10
AC007952.9,0.027238666548564765,3,RF_max_depth=4_min_samples_leaf=10
SLAMF9,0.027238666548564765,3,RF_max_depth=4_min_samples_leaf=10
RASSF10,0.027300279735954672,3,RF_max_depth=4_min_samples_leaf=10
GPR143,0.027300279735954672,3,RF_max_depth=4_min_samples_leaf=10
AC010538.1,0.027448725741733696,3,RF_max_depth=4_min_samples_leaf=10
SERPINA13P,0.027448725741733696,3,RF_max_depth=4_min_samples_leaf=10
BX276092.9,0.027738999694085335,3,RF_max_depth=4_min_samples_leaf=10
NEUROG2,0.028107271739950736,3,RF_max_depth=4_min_samples_leaf=10
RWDD4P1,0.028107271739950736,3,RF_max_depth=4_min_samples_leaf=10
KCNV1,0.028476568994889526,3,RF_max_depth=4_min_samples_leaf=10
IRGC,0.028476568994889526,3,RF_max_depth=4_min_samples_leaf=10
AC023310.1,0.02902062421591175,3,RF_max_depth=4_min_samples_leaf=10
JHDM1D-AS1,0.02924148495932061,3,RF_max_depth=4_min_samples_leaf=10
MT-CO1,0.02924148495932061,3,RF_max_depth=4_min_samples_leaf=10
IGHV1-58,0.029627403064097946,3,RF_max_depth=4_min_samples_leaf=10
CHRNA3,0.02982092004212631,3,RF_max_depth=4_min_samples_leaf=10
DQX1,0.02982092004212631,3,RF_max_depth=4_min_samples_leaf=10
GPAT2P2,0.030015122780838552,3,RF_max_depth=4_min_samples_leaf=10
OR52R1,0.03003284732985637,3,RF_max_depth=4_min_samples_leaf=10
C17orf98,0.030097579772352997,3,RF_max_depth=4_min_samples_leaf=10
OR52L1,0.030216753980034972,3,RF_max_depth=4_min_samples_leaf=10
TMEM174,0.030388555216073237,3,RF_max_depth=4_min_samples_leaf=10
PTCRA,0.030599240420079946,3,RF_max_depth=4_min_samples_leaf=10
MYL4,0.03100287323512565,3,RF_max_depth=4_min_samples_leaf=10
LPAR4,0.03155896324088166,3,RF_max_depth=4_min_samples_leaf=10
OR7E26P,0.032041088227059804,3,RF_max_depth=4_min_samples_leaf=10
AF186192.1,0.03256728373100144,3,RF_max_depth=4_min_samples_leaf=10
BPIFC,0.03273355757742095,3,RF_max_depth=4_min_samples_leaf=10
FAM47B,0.03278332421570266,3,RF_max_depth=4_min_samples_leaf=10
AL512770.1,0.03278332421570266,3,RF_max_depth=4_min_samples_leaf=10
PTGES2-AS1,0.032837965076932686,3,RF_max_depth=4_min_samples_leaf=10
AL031595.2,0.03330192832146371,3,RF_max_depth=4_min_samples_leaf=10
SBF2-AS1,0.033307817917094716,3,RF_max_depth=4_min_samples_leaf=10
BPIFB2,0.03339426485562948,3,RF_max_depth=4_min_samples_leaf=10
HOXA11,0.03587517154042598,3,RF_max_depth=4_min_samples_leaf=10
GK2,0.035897157044494164,3,RF_max_depth=4_min_samples_leaf=10
OR1F2P,0.035898160725198115,3,RF_max_depth=4_min_samples_leaf=10
AP000357.1,0.035898160725198115,3,RF_max_depth=4_min_samples_leaf=10
CELA2B,0.035898160725198115,3,RF_max_depth=4_min_samples_leaf=10
DBET,0.035898160725198115,3,RF_max_depth=4_min_samples_leaf=10
PDE6H,0.035898160725198115,3,RF_max_depth=4_min_samples_leaf=10
RLN2,0.03665650552697278,3,RF_max_depth=4_min_samples_leaf=10
A1BG,0.03700714662985853,3,RF_max_depth=4_min_samples_leaf=10
IGHV3OR16-9,0.03700714662985853,3,RF_max_depth=4_min_samples_leaf=10
AC120114.4,0.03700714662985853,3,RF_max_depth=4_min_samples_leaf=10
AC104791.2,0.038238155486517655,3,RF_max_depth=4_min_samples_leaf=10
AC138647.1,0.038238155486517655,3,RF_max_depth=4_min_samples_leaf=10
MAGEC2,0.038238155486517655,3,RF_max_depth=4_min_samples_leaf=10
JPX,0.038238155486517655,3,RF_max_depth=4_min_samples_leaf=10
OR2F2,0.03965687464442805,3,RF_max_depth=4_min_samples_leaf=10
AC009086.3,0.03965687464442805,3,RF_max_depth=4_min_samples_leaf=10
GOT1L1,0.039813326661151505,3,RF_max_depth=4_min_samples_leaf=10
LINC02197,0.03994475724324776,3,RF_max_depth=4_min_samples_leaf=10
SLC6A18,0.040055467748424785,3,RF_max_depth=4_min_samples_leaf=10
TBX22,0.040055467748424785,3,RF_max_depth=4_min_samples_leaf=10
GLRA4,0.04049252675991877,3,RF_max_depth=4_min_samples_leaf=10
AC012441.2,0.040647517455257444,3,RF_max_depth=4_min_samples_leaf=10
OR5P3,0.040647517455257444,3,RF_max_depth=4_min_samples_leaf=10
CCR8,0.04065825550243512,3,RF_max_depth=4_min_samples_leaf=10
AP005212.1,0.04069285952104445,3,RF_max_depth=4_min_samples_leaf=10
OR52B1P,0.04069285952104445,3,RF_max_depth=4_min_samples_leaf=10
SOHLH1,0.04069285952104445,3,RF_max_depth=4_min_samples_leaf=10
PSORS1C1,0.04111103193281701,3,RF_max_depth=4_min_samples_leaf=10
KCTD21-AS1,0.0419211275096112,3,RF_max_depth=4_min_samples_leaf=10
DYNLRB2,0.042939904056933945,3,RF_max_depth=4_min_samples_leaf=10
AC092053.3,0.04300767470686839,3,RF_max_depth=4_min_samples_leaf=10
ALG1L2,0.043193172627589156,3,RF_max_depth=4_min_samples_leaf=10
AC104794.2,0.043193172627589156,3,RF_max_depth=4_min_samples_leaf=10
AP003057.1,0.043193172627589156,3,RF_max_depth=4_min_samples_leaf=10
SPZ1,0.043193172627589156,3,RF_max_depth=4_min_samples_leaf=10
AL008638.3,0.043708795701659545,3,RF_max_depth=4_min_samples_leaf=10
AC008740.2,0.043708795701659545,3,RF_max_depth=4_min_samples_leaf=10
TNFSF18,0.043708795701659545,3,RF_max_depth=4_min_samples_leaf=10
PRSS29P,0.043708795701659545,3,RF_max_depth=4_min_samples_leaf=10
GRID1,0.04391718802109978,3,RF_max_depth=4_min_samples_leaf=10
S100B,0.04425478696688573,3,RF_max_depth=4_min_samples_leaf=10
MIAT,0.044456275875786204,3,RF_max_depth=4_min_samples_leaf=10
AC003681.1,0.04452820395791943,3,RF_max_depth=4_min_samples_leaf=10
AC099684.2,0.044770381813394454,3,RF_max_depth=4_min_samples_leaf=10
GPR20,0.044838415114245044,3,RF_max_depth=4_min_samples_leaf=10
C17orf113,0.046262603588788885,3,RF_max_depth=4_min_samples_leaf=10
P2RY4,0.046770060775709374,3,RF_max_depth=4_min_samples_leaf=10
OR5F1,0.046770060775709374,3,RF_max_depth=4_min_samples_leaf=10
DMRT3,0.04684604738147252,3,RF_max_depth=4_min_samples_leaf=10
AC018647.2,0.04684604738147252,3,RF_max_depth=4_min_samples_leaf=10
OR8B12,0.04726220553625128,3,RF_max_depth=4_min_samples_leaf=10
AC090525.2,0.04726220553625128,3,RF_max_depth=4_min_samples_leaf=10
MAPK11,0.04726220553625128,3,RF_max_depth=4_min_samples_leaf=10
GALR3,0.04727585937589916,3,RF_max_depth=4_min_samples_leaf=10
CA7,0.04727585937589916,3,RF_max_depth=4_min_samples_leaf=10
AC106788.2,0.04727585937589916,3,RF_max_depth=4_min_samples_leaf=10
TNFSF9,0.04727585937589916,3,RF_max_depth=4_min_samples_leaf=10
DEFB115,0.04727585937589916,3,RF_max_depth=4_min_samples_leaf=10
C11orf53,0.04727585937589916,3,RF_max_depth=4_min_samples_leaf=10
AL136982.1,0.04727585937589916,3,RF_max_depth=4_min_samples_leaf=10
AC015871.4,0.04727585937589916,3,RF_max_depth=4_min_samples_leaf=10
LIPM,0.04764107132822796,3,RF_max_depth=4_min_samples_leaf=10
KLK12,0.04764107132822796,3,RF_max_depth=4_min_samples_leaf=10
ANGPT4,0.04764107132822796,3,RF_max_depth=4_min_samples_leaf=10
IGKV1OR22-5,0.04794619944360568,3,RF_max_depth=4_min_samples_leaf=10
BEST3,0.04797521495961461,3,RF_max_depth=4_min_samples_leaf=10
MRPL30,0.04797521495961461,3,RF_max_depth=4_min_samples_leaf=10
AC012645.2,0.04797521495961461,3,RF_max_depth=4_min_samples_leaf=10
LENG9,0.04797521495961461,3,RF_max_depth=4_min_samples_leaf=10
TAS2R13,0.04811952110559851,3,RF_max_depth=4_min_samples_leaf=10
AL445235.1,0.04812250231912492,3,RF_max_depth=4_min_samples_leaf=10
FOSL1P1,0.04812250231912492,3,RF_max_depth=4_min_samples_leaf=10
TRAV13-2,0.04812250231912492,3,RF_max_depth=4_min_samples_leaf=10
CSF2,0.048357797822076116,3,RF_max_depth=4_min_samples_leaf=10
OR10J1,0.048357797822076116,3,RF_max_depth=4_min_samples_leaf=10
ANKRD65,0.048357797822076116,3,RF_max_depth=4_min_samples_leaf=10
AC025198.1,0.04869322304174243,3,RF_max_depth=4_min_samples_leaf=10
OR2I1P,0.04892625157862099,3,RF_max_depth=4_min_samples_leaf=10
TDRKH-AS1,0.04892625157862099,3,RF_max_depth=4_min_samples_leaf=10
AC067904.1,0.04892625157862099,3,RF_max_depth=4_min_samples_leaf=10
KRTAP2-1,0.04892625157862099,3,RF_max_depth=4_min_samples_leaf=10
SCGB1C2,0.048961275094975595,3,RF_max_depth=4_min_samples_leaf=10
ACOD1,0.0491882867185172,3,RF_max_depth=4_min_samples_leaf=10
VN1R4,0.0491882867185172,3,RF_max_depth=4_min_samples_leaf=10
CUBNP2,0.04921838427795398,3,RF_max_depth=4_min_samples_leaf=10
CYP51A1,0.04921838427795398,3,RF_max_depth=4_min_samples_leaf=10
DCAF12L1,0.04921838427795398,3,RF_max_depth=4_min_samples_leaf=10
TTC9B,0.04921838427795398,3,RF_max_depth=4_min_samples_leaf=10
BTBD17,0.04921838427795398,3,RF_max_depth=4_min_samples_leaf=10
OR10H1,0.04921838427795398,3,RF_max_depth=4_min_samples_leaf=10
OR13F1,0.04921838427795398,3,RF_max_depth=4_min_samples_leaf=10
MTND4P24,0.04930287564034296,3,RF_max_depth=4_min_samples_leaf=10
RAX2,0.04936796644301496,3,RF_max_depth=4_min_samples_leaf=10
RTP4,0.04936796644301496,3,RF_max_depth=4_min_samples_leaf=10
IGKV1OR-3,0.04937222289598894,3,RF_max_depth=4_min_samples_leaf=10
FAM47A,0.04937222289598894,3,RF_max_depth=4_min_samples_leaf=10
AC093826.2,0.05020962000870157,3,RF_max_depth=4_min_samples_leaf=10
RBMXL3,0.05028725639165374,3,RF_max_depth=4_min_samples_leaf=10
DDN,0.05040928592697564,3,RF_max_depth=4_min_samples_leaf=10
PCP4,0.05091762053557602,3,RF_max_depth=4_min_samples_leaf=10
CCL8,0.051342729802777765,3,RF_max_depth=4_min_samples_leaf=10
RPS13P2,0.0515200236589032,3,RF_max_depth=4_min_samples_leaf=10
CBLN4,0.051620609973247994,3,RF_max_depth=4_min_samples_leaf=10
CARD18,0.0516769859952159,3,RF_max_depth=4_min_samples_leaf=10
TAS2R8,0.0516769859952159,3,RF_max_depth=4_min_samples_leaf=10
AC099778.1,0.0516769859952159,3,RF_max_depth=4_min_samples_leaf=10
MT-CO3,0.0516769859952159,3,RF_max_depth=4_min_samples_leaf=10
GPR45,0.05188152434429806,3,RF_max_depth=4_min_samples_leaf=10
MORN5,0.05188152434429806,3,RF_max_depth=4_min_samples_leaf=10
SLC2A7,0.05188152434429806,3,RF_max_depth=4_min_samples_leaf=10
IGF2-AS,0.05188152434429806,3,RF_max_depth=4_min_samples_leaf=10
CLEC3A,0.05188152434429806,3,RF_max_depth=4_min_samples_leaf=10
CACNG7,0.05235579527549829,3,RF_max_depth=4_min_samples_leaf=10
AC246793.1,0.052567397050382714,3,RF_max_depth=4_min_samples_leaf=10
ZNF285B,0.052567397050382714,3,RF_max_depth=4_min_samples_leaf=10
ADRA1D,0.052981238236429196,3,RF_max_depth=4_min_samples_leaf=10
IGKV6-21,0.052981238236429196,3,RF_max_depth=4_min_samples_leaf=10
GPR173,0.05304148015715388,3,RF_max_depth=4_min_samples_leaf=10
OR5K4,0.0536518184154983,3,RF_max_depth=4_min_samples_leaf=10
OR8K3,0.054291071071658994,3,RF_max_depth=4_min_samples_leaf=10
RPL31P49,0.054291071071658994,3,RF_max_depth=4_min_samples_leaf=10
PTCHD3,0.054291071071658994,3,RF_max_depth=4_min_samples_leaf=10
RXFP3,0.054291071071658994,3,RF_max_depth=4_min_samples_leaf=10
ZNF474,0.054291071071658994,3,RF_max_depth=4_min_samples_leaf=10
LINC01996,0.05497987619196225,3,RF_max_depth=4_min_samples_leaf=10
TUBAL3,0.05497987619196225,3,RF_max_depth=4_min_samples_leaf=10
CLCA3P,0.05497987619196225,3,RF_max_depth=4_min_samples_leaf=10
CLDN20,0.05499957688333246,3,RF_max_depth=4_min_samples_leaf=10
FAM220BP,0.05507713920638184,3,RF_max_depth=4_min_samples_leaf=10
TEX26,0.055284290023507356,3,RF_max_depth=4_min_samples_leaf=10
TRAV13-1,0.05586022028776828,3,RF_max_depth=4_min_samples_leaf=10
AC139792.1,0.05586022028776828,3,RF_max_depth=4_min_samples_leaf=10
SERTAD4-AS1,0.056501719481951505,3,RF_max_depth=4_min_samples_leaf=10
NKX2-2,0.05697805962819983,3,RF_max_depth=4_min_samples_leaf=10
SPINK9,0.05832638529350883,3,RF_max_depth=4_min_samples_leaf=10
TAAR9,0.05848753115648872,3,RF_max_depth=4_min_samples_leaf=10
GDF10,0.05848753115648872,3,RF_max_depth=4_min_samples_leaf=10
CALHM3,0.05854458995750723,3,RF_max_depth=4_min_samples_leaf=10
AL161669.3,0.05854458995750723,3,RF_max_depth=4_min_samples_leaf=10
TMEM95,0.05947966314114111,3,RF_max_depth=4_min_samples_leaf=10
PPP1R2C,0.059693467146638715,3,RF_max_depth=4_min_samples_leaf=10
SERPINB11,0.05977704520854597,3,RF_max_depth=4_min_samples_leaf=10
UGT1A3,0.05978961639467165,3,RF_max_depth=4_min_samples_leaf=10
SULT1A4,0.05983684959908727,3,RF_max_depth=4_min_samples_leaf=10
TMEM132C,0.06018469207556507,3,RF_max_depth=4_min_samples_leaf=10
AC008895.1,0.060687335185842295,3,RF_max_depth=4_min_samples_leaf=10
AC020917.4,0.06135302152176458,3,RF_max_depth=4_min_samples_leaf=10
OR2W5,0.061629601207892924,3,RF_max_depth=4_min_samples_leaf=10
PRTN3,0.06361924246569112,3,RF_max_depth=4_min_samples_leaf=10
SF3A3P2,0.06383168420070903,3,RF_max_depth=4_min_samples_leaf=10
ZBTB20-AS4,0.06421719756737028,3,RF_max_depth=4_min_samples_leaf=10
PLSCR5,0.06421719756737028,3,RF_max_depth=4_min_samples_leaf=10
SMR3A,0.06566695110102469,3,RF_max_depth=4_min_samples_leaf=10
AC023794.1,0.06582209960467521,3,RF_max_depth=4_min_samples_leaf=10
LACRT,0.06632711556086388,3,RF_max_depth=4_min_samples_leaf=10
LINC00240,0.06632711556086388,3,RF_max_depth=4_min_samples_leaf=10
TUBA3FP,0.06639252310921588,3,RF_max_depth=4_min_samples_leaf=10
LRRC37A7P,0.06639252310921588,3,RF_max_depth=4_min_samples_leaf=10
GP9,0.06701475901078391,3,RF_max_depth=4_min_samples_leaf=10
BTBD10P1,0.06701475901078391,3,RF_max_depth=4_min_samples_leaf=10
CRYGA,0.06738334154464934,3,RF_max_depth=4_min_samples_leaf=10
LINC00426,0.06747919706573179,3,RF_max_depth=4_min_samples_leaf=10
AL137028.1,0.06747919706573179,3,RF_max_depth=4_min_samples_leaf=10
NPM1P9,0.06757678335466764,3,RF_max_depth=4_min_samples_leaf=10
AC093536.1,0.06781323266983076,3,RF_max_depth=4_min_samples_leaf=10
CTXND1,0.06790220430509408,3,RF_max_depth=4_min_samples_leaf=10
IL3,0.06825294526832477,3,RF_max_depth=4_min_samples_leaf=10
RPS7P4,0.06826639197034036,3,RF_max_depth=4_min_samples_leaf=10
OR5M8,0.06849643856725054,3,RF_max_depth=4_min_samples_leaf=10
CDC20P1,0.0685542613626393,3,RF_max_depth=4_min_samples_leaf=10
SSX5,0.0685542613626393,3,RF_max_depth=4_min_samples_leaf=10
OR6X1,0.0685542613626393,3,RF_max_depth=4_min_samples_leaf=10
DLX4,0.06969769409826443,3,RF_max_depth=4_min_samples_leaf=10
OR4C3,0.07002980513046307,3,RF_max_depth=4_min_samples_leaf=10
AP000550.2,0.07006802302438236,3,RF_max_depth=4_min_samples_leaf=10
MAB21L1,0.07053880439450257,3,RF_max_depth=4_min_samples_leaf=10
PCDHA12,0.07053880439450257,3,RF_max_depth=4_min_samples_leaf=10
PTX4,0.07053880439450257,3,RF_max_depth=4_min_samples_leaf=10
SMIM26,0.07053880439450257,3,RF_max_depth=4_min_samples_leaf=10
SERPINB2,0.07056571255798465,3,RF_max_depth=4_min_samples_leaf=10
CDX4,0.07056571255798465,3,RF_max_depth=4_min_samples_leaf=10
CSN3,0.07056571255798465,3,RF_max_depth=4_min_samples_leaf=10
XG,0.07056571255798465,3,RF_max_depth=4_min_samples_leaf=10
SCGB1C1,0.07056571255798465,3,RF_max_depth=4_min_samples_leaf=10
AIFM3,0.07073693183437599,3,RF_max_depth=4_min_samples_leaf=10
OR11H7,0.07079274325211031,3,RF_max_depth=4_min_samples_leaf=10
AC005776.2,0.07103635473273204,3,RF_max_depth=4_min_samples_leaf=10
GAL3ST2,0.07135026116712632,3,RF_max_depth=4_min_samples_leaf=10
HIST2H3D,0.07164798145894395,3,RF_max_depth=4_min_samples_leaf=10
MATN4,0.07246556462994681,3,RF_max_depth=4_min_samples_leaf=10
FAM19A1,0.07246556462994681,3,RF_max_depth=4_min_samples_leaf=10
RASL10A,0.07246556462994681,3,RF_max_depth=4_min_samples_leaf=10
SLC51B,0.0734200805325354,3,RF_max_depth=4_min_samples_leaf=10
AF186192.2,0.07343266491908008,3,RF_max_depth=4_min_samples_leaf=10
SFTPB,0.07366930926767208,3,RF_max_depth=4_min_samples_leaf=10
AC092683.1,0.07366930926767208,3,RF_max_depth=4_min_samples_leaf=10
C5orf47,0.07366930926767208,3,RF_max_depth=4_min_samples_leaf=10
RHOF,0.07366930926767208,3,RF_max_depth=4_min_samples_leaf=10
OR5V1,0.07366930926767208,3,RF_max_depth=4_min_samples_leaf=10
RASSF8-AS1,0.07422939467306837,3,RF_max_depth=4_min_samples_leaf=10
SLC35D3,0.07423446015182282,3,RF_max_depth=4_min_samples_leaf=10
AC009065.8,0.07423446015182282,3,RF_max_depth=4_min_samples_leaf=10
AC097518.1,0.07543765043869535,3,RF_max_depth=4_min_samples_leaf=10
AC018554.3,0.0755352581252407,3,RF_max_depth=4_min_samples_leaf=10
VIP,0.0755352581252407,3,RF_max_depth=4_min_samples_leaf=10
KRTAP19-6,0.0755352581252407,3,RF_max_depth=4_min_samples_leaf=10
AC004803.1,0.0755352581252407,3,RF_max_depth=4_min_samples_leaf=10
PRAMEF30P,0.0761383776211825,3,RF_max_depth=4_min_samples_leaf=10
SMIM34B,0.0768930966785187,3,RF_max_depth=4_min_samples_leaf=10
PPP1R42,0.0768930966785187,3,RF_max_depth=4_min_samples_leaf=10
SRMS,0.07741342733586667,3,RF_max_depth=4_min_samples_leaf=10
GDF5,0.07754475284171043,3,RF_max_depth=4_min_samples_leaf=10
AP004245.1,0.07754475284171043,3,RF_max_depth=4_min_samples_leaf=10
GABRA5,0.07851860246413218,3,RF_max_depth=4_min_samples_leaf=10
DHX40P1,0.07861959432011176,3,RF_max_depth=4_min_samples_leaf=10
PCSK6-AS1,0.07935389474305773,3,RF_max_depth=4_min_samples_leaf=10
UBE2U,0.079964082972102,3,RF_max_depth=4_min_samples_leaf=10
AL391421.1,0.079964082972102,3,RF_max_depth=4_min_samples_leaf=10
LINC02211,0.079964082972102,3,RF_max_depth=4_min_samples_leaf=10
ELF3-AS1,0.08034319307227783,3,RF_max_depth=4_min_samples_leaf=10
KRTAP3-1,0.08034319307227783,3,RF_max_depth=4_min_samples_leaf=10
MGAT4EP,0.08041010325752568,3,RF_max_depth=4_min_samples_leaf=10
HTR2C,0.08041010325752568,3,RF_max_depth=4_min_samples_leaf=10
PVALEF,0.08103239891828311,3,RF_max_depth=4_min_samples_leaf=10
DSCAM,0.08103239891828311,3,RF_max_depth=4_min_samples_leaf=10
IGLV3-32,0.08103239891828311,3,RF_max_depth=4_min_samples_leaf=10
ANXA2P1,0.08130645851384159,3,RF_max_depth=4_min_samples_leaf=10
HSPB3,0.08162259305083255,3,RF_max_depth=4_min_samples_leaf=10
ABCF2,0.08162952284585419,3,RF_max_depth=4_min_samples_leaf=10
MTCO3P12,0.08162952284585419,3,RF_max_depth=4_min_samples_leaf=10
CCDC54,0.08174211370009846,3,RF_max_depth=4_min_samples_leaf=10
AC120498.9,0.08174211370009846,3,RF_max_depth=4_min_samples_leaf=10
KCNQ1OT1,0.08174211370009846,3,RF_max_depth=4_min_samples_leaf=10
S100A2,0.08187603603455232,3,RF_max_depth=4_min_samples_leaf=10
FUT8-AS1,0.08187603603455232,3,RF_max_depth=4_min_samples_leaf=10
GALR2,0.08187603603455232,3,RF_max_depth=4_min_samples_leaf=10
AC136443.2,0.08202323104534251,3,RF_max_depth=4_min_samples_leaf=10
LINC01387,0.08214473652339278,3,RF_max_depth=4_min_samples_leaf=10
TRBV6-7,0.08214473652339278,3,RF_max_depth=4_min_samples_leaf=10
LGALS13,0.08214473652339278,3,RF_max_depth=4_min_samples_leaf=10
AC126755.5,0.08214473652339278,3,RF_max_depth=4_min_samples_leaf=10
PTPN5,0.08214473652339278,3,RF_max_depth=4_min_samples_leaf=10
AC116914.2,0.082456872867941,3,RF_max_depth=4_min_samples_leaf=10
OR14K1,0.08301906888233147,3,RF_max_depth=4_min_samples_leaf=10
HTR1E,0.08301906888233147,3,RF_max_depth=4_min_samples_leaf=10
ICAM3,0.083021556257611,3,RF_max_depth=4_min_samples_leaf=10
SHISAL2B,0.08308000585851563,3,RF_max_depth=4_min_samples_leaf=10
CLDN17,0.08315288020288387,3,RF_max_depth=4_min_samples_leaf=10
FP671120.3,0.08315288020288387,3,RF_max_depth=4_min_samples_leaf=10
TNNT3,0.08315288020288387,3,RF_max_depth=4_min_samples_leaf=10
RN7SL784P,0.08315288020288387,3,RF_max_depth=4_min_samples_leaf=10
FP236383.2,0.08315288020288387,3,RF_max_depth=4_min_samples_leaf=10
FP236383.3,0.08315288020288387,3,RF_max_depth=4_min_samples_leaf=10
MT-ND4,0.08315288020288387,3,RF_max_depth=4_min_samples_leaf=10
RPL13AP2,0.08315288020288387,3,RF_max_depth=4_min_samples_leaf=10
TSGA10IP,0.08315288020288387,3,RF_max_depth=4_min_samples_leaf=10
AP004607.5,0.08315288020288387,3,RF_max_depth=4_min_samples_leaf=10
AL049612.1,0.08315288020288387,3,RF_max_depth=4_min_samples_leaf=10
OR6K3,0.08315288020288387,3,RF_max_depth=4_min_samples_leaf=10
PRSS58,0.08315288020288387,3,RF_max_depth=4_min_samples_leaf=10
KLHL30,0.08315288020288387,3,RF_max_depth=4_min_samples_leaf=10
KRT73,0.08315288020288387,3,RF_max_depth=4_min_samples_leaf=10
CBR3-AS1,0.08315288020288387,3,RF_max_depth=4_min_samples_leaf=10
PTOV1-AS1,0.08315288020288387,3,RF_max_depth=4_min_samples_leaf=10
C2orf27AP1,0.08365840337678473,3,RF_max_depth=4_min_samples_leaf=10
CCDC188,0.08368173736375376,3,RF_max_depth=4_min_samples_leaf=10
AC087276.1,0.08368173736375376,3,RF_max_depth=4_min_samples_leaf=10
ALG1L10P,0.08368173736375376,3,RF_max_depth=4_min_samples_leaf=10
BTF3L4P1,0.08382534073436564,3,RF_max_depth=4_min_samples_leaf=10
DRD5,0.08393672510090534,3,RF_max_depth=4_min_samples_leaf=10
ACCSL,0.08393672510090534,3,RF_max_depth=4_min_samples_leaf=10
IL22,0.08393672510090534,3,RF_max_depth=4_min_samples_leaf=10
TTTY20,0.08438551078643522,3,RF_max_depth=4_min_samples_leaf=10
OR7C2,0.08438551078643522,3,RF_max_depth=4_min_samples_leaf=10
TRAV25,0.0852000394842371,3,RF_max_depth=4_min_samples_leaf=10
FNDC11,0.0852000394842371,3,RF_max_depth=4_min_samples_leaf=10
OR9I1,0.0852000394842371,3,RF_max_depth=4_min_samples_leaf=10
ENDOU,0.0852000394842371,3,RF_max_depth=4_min_samples_leaf=10
AC022905.1,0.08536636745005502,3,RF_max_depth=4_min_samples_leaf=10
LYPD8,0.08536636745005502,3,RF_max_depth=4_min_samples_leaf=10
CDC37P2,0.08536636745005502,3,RF_max_depth=4_min_samples_leaf=10
CFAP157,0.08627328654573467,3,RF_max_depth=4_min_samples_leaf=10
MIR494,0.08662264486853478,3,RF_max_depth=4_min_samples_leaf=10
EGLN2,0.08665179380671374,3,RF_max_depth=4_min_samples_leaf=10
C14orf180,0.08672066159964756,3,RF_max_depth=4_min_samples_leaf=10
TRAV14DV4,0.08672066159964756,3,RF_max_depth=4_min_samples_leaf=10
LRRC10,0.08682050630893452,3,RF_max_depth=4_min_samples_leaf=10
AL138889.1,0.08687471843542775,3,RF_max_depth=4_min_samples_leaf=10
OR8B2,0.08696996339902892,3,RF_max_depth=4_min_samples_leaf=10
AC073655.2,0.08700461374577681,3,RF_max_depth=4_min_samples_leaf=10
NRL,0.08780182870603112,3,RF_max_depth=4_min_samples_leaf=10
LINC00106,0.0888372204383191,3,RF_max_depth=4_min_samples_leaf=10
AL356488.3,0.08972656129353443,3,RF_max_depth=4_min_samples_leaf=10
TAS1R3,0.09034677274373416,3,RF_max_depth=4_min_samples_leaf=10
AL356481.2,0.09034677274373416,3,RF_max_depth=4_min_samples_leaf=10
CCDC189,0.09063221546473739,3,RF_max_depth=4_min_samples_leaf=10
AC007342.2,0.09063221546473739,3,RF_max_depth=4_min_samples_leaf=10
TMEM72,0.09094461397970742,3,RF_max_depth=4_min_samples_leaf=10
PSKH2,0.09094461397970742,3,RF_max_depth=4_min_samples_leaf=10
AC005014.1,0.0909961206246097,3,RF_max_depth=4_min_samples_leaf=10
LINC01949,0.09100348089344998,3,RF_max_depth=4_min_samples_leaf=10
OR6N1,0.09114958099183826,3,RF_max_depth=4_min_samples_leaf=10
KRTAP19-8,0.09142711978537638,3,RF_max_depth=4_min_samples_leaf=10
TRAV8-6,0.09223547108528418,3,RF_max_depth=4_min_samples_leaf=10
RNF148,0.09233782170511767,3,RF_max_depth=4_min_samples_leaf=10
BX664615.1,0.09330867749183563,3,RF_max_depth=4_min_samples_leaf=10
TPRXL,0.09330867749183563,3,RF_max_depth=4_min_samples_leaf=10
AP006545.1,0.09330867749183563,3,RF_max_depth=4_min_samples_leaf=10
AL360271.1,0.09330867749183563,3,RF_max_depth=4_min_samples_leaf=10
AL035587.1,0.09345733721816026,3,RF_max_depth=4_min_samples_leaf=10
HTR1B,0.09345733721816026,3,RF_max_depth=4_min_samples_leaf=10
OR9G4,0.09345733721816026,3,RF_max_depth=4_min_samples_leaf=10
NUDT9P1,0.09482106799298833,3,RF_max_depth=4_min_samples_leaf=10
AC015813.1,0.09575032999068078,3,RF_max_depth=4_min_samples_leaf=10
ROM1,0.09606353016027899,3,RF_max_depth=4_min_samples_leaf=10
AP002986.1,0.09606353016027899,3,RF_max_depth=4_min_samples_leaf=10
LEXM,0.0960653061500762,3,RF_max_depth=4_min_samples_leaf=10
RAB38,0.09658797951419316,3,RF_max_depth=4_min_samples_leaf=10
AC026410.1,0.09669303202848298,3,RF_max_depth=4_min_samples_leaf=10
LINC01565,0.09682982182275728,3,RF_max_depth=4_min_samples_leaf=10
AC234771.2,0.09719234423413033,3,RF_max_depth=4_min_samples_leaf=10
MT-RNR2,0.09745295345593145,3,RF_max_depth=4_min_samples_leaf=10
AC092301.1,0.09767164989922576,3,RF_max_depth=4_min_samples_leaf=10
AC110926.1,0.09827174795012915,3,RF_max_depth=4_min_samples_leaf=10
GATA1,0.09831289172213856,3,RF_max_depth=4_min_samples_leaf=10
GH2,0.0984224856400368,3,RF_max_depth=4_min_samples_leaf=10
BPY2B,0.09917134948373071,3,RF_max_depth=4_min_samples_leaf=10
AC009501.1,0.09917134948373071,3,RF_max_depth=4_min_samples_leaf=10
BPY2,0.09917134948373071,3,RF_max_depth=4_min_samples_leaf=10
FAM58BP,6.837243194389645e-14,4,RF_max_depth=4_min_samples_leaf=10
SLC35E4,0.002062130102695738,4,RF_max_depth=4_min_samples_leaf=10
AC006538.1,0.002062130102695738,4,RF_max_depth=4_min_samples_leaf=10
CABP2,0.003809964398686465,4,RF_max_depth=4_min_samples_leaf=10
AC135731.1,0.007439407953250224,4,RF_max_depth=4_min_samples_leaf=10
HIPK4,0.009212119250933681,4,RF_max_depth=4_min_samples_leaf=10
ZNF679,0.010794378835709889,4,RF_max_depth=4_min_samples_leaf=10
FAM47A,0.020026347935905527,4,RF_max_depth=4_min_samples_leaf=10
AC073548.1,0.02540962071786236,4,RF_max_depth=4_min_samples_leaf=10
MC4R,0.029230578174941905,4,RF_max_depth=4_min_samples_leaf=10
DLX6-AS1,0.03506192525510548,4,RF_max_depth=4_min_samples_leaf=10
GPR171,0.0641267909941677,4,RF_max_depth=4_min_samples_leaf=10
DCDC2C,0.0641267909941677,4,RF_max_depth=4_min_samples_leaf=10
OR51K1P,0.0641267909941677,4,RF_max_depth=4_min_samples_leaf=10
NEUROG2,0.06561035976348642,4,RF_max_depth=4_min_samples_leaf=10
SLC7A3,0.07527195956209312,4,RF_max_depth=4_min_samples_leaf=10
AC127070.4,0.09107117894278631,4,RF_max_depth=4_min_samples_leaf=10
IGKV1D-43,0.09107117894278631,4,RF_max_depth=4_min_samples_leaf=10
NTNG1,0.09107117894278631,4,RF_max_depth=4_min_samples_leaf=10
FAM83C,0.09107117894278631,4,RF_max_depth=4_min_samples_leaf=10
AL133245.1,0.09107117894278631,4,RF_max_depth=4_min_samples_leaf=10
AL162171.3,0.09107117894278631,4,RF_max_depth=4_min_samples_leaf=10
CAMK1G,0.0002346121904188318,1,RF_max_depth=4_min_samples_leaf=15
EFHC2,0.0031374001214932636,1,RF_max_depth=4_min_samples_leaf=15
CABP2,0.004218217529974291,1,RF_max_depth=4_min_samples_leaf=15
HNRNPCL4,0.004218217529974291,1,RF_max_depth=4_min_samples_leaf=15
MGAT4D,0.019711618421288726,1,RF_max_depth=4_min_samples_leaf=15
TRIM51CP,0.019711618421288726,1,RF_max_depth=4_min_samples_leaf=15
FAM47C,0.019711618421288726,1,RF_max_depth=4_min_samples_leaf=15
AC005696.4,0.019711618421288726,1,RF_max_depth=4_min_samples_leaf=15
KRTAP10-8,0.019711618421288726,1,RF_max_depth=4_min_samples_leaf=15
DEFB106B,0.019711618421288726,1,RF_max_depth=4_min_samples_leaf=15
DEFB106A,0.019711618421288726,1,RF_max_depth=4_min_samples_leaf=15
AC135731.1,0.019711618421288726,1,RF_max_depth=4_min_samples_leaf=15
AC127070.4,0.019711618421288726,1,RF_max_depth=4_min_samples_leaf=15
DEFB4B,0.019711618421288726,1,RF_max_depth=4_min_samples_leaf=15
WFDC5,0.019711618421288726,1,RF_max_depth=4_min_samples_leaf=15
DCDC2C,0.027057107307385093,1,RF_max_depth=4_min_samples_leaf=15
C2orf92,0.027385840492625924,1,RF_max_depth=4_min_samples_leaf=15
CSF2,0.03317754905023052,1,RF_max_depth=4_min_samples_leaf=15
AL117328.2,0.03317754905023052,1,RF_max_depth=4_min_samples_leaf=15
C8orf87,0.03317754905023052,1,RF_max_depth=4_min_samples_leaf=15
TAS1R2,0.03317754905023052,1,RF_max_depth=4_min_samples_leaf=15
AC092068.2,0.03317754905023052,1,RF_max_depth=4_min_samples_leaf=15
AL133245.1,0.03586210693144581,1,RF_max_depth=4_min_samples_leaf=15
OR52E6,0.038604436431056294,1,RF_max_depth=4_min_samples_leaf=15
AL353726.2,0.038629659973828924,1,RF_max_depth=4_min_samples_leaf=15
GPR6,0.038629659973828924,1,RF_max_depth=4_min_samples_leaf=15
KLF17,0.039947763987508066,1,RF_max_depth=4_min_samples_leaf=15
AC009086.3,0.039947763987508066,1,RF_max_depth=4_min_samples_leaf=15
AL139384.2,0.04422728165507532,1,RF_max_depth=4_min_samples_leaf=15
AC020917.4,0.04422728165507532,1,RF_max_depth=4_min_samples_leaf=15
AC017002.1,0.04422728165507532,1,RF_max_depth=4_min_samples_leaf=15
GP9,0.04422728165507532,1,RF_max_depth=4_min_samples_leaf=15
AC138647.1,0.058754469042218836,1,RF_max_depth=4_min_samples_leaf=15
LGALS14,0.07252118709399037,1,RF_max_depth=4_min_samples_leaf=15
AL162171.3,0.07741974148695221,1,RF_max_depth=4_min_samples_leaf=15
AC020908.3,0.08455257332165889,1,RF_max_depth=4_min_samples_leaf=15
AC005899.1,0.09002626812741678,1,RF_max_depth=4_min_samples_leaf=15
FAM47A,0.09125889972548598,1,RF_max_depth=4_min_samples_leaf=15
ATP5F1E,0.09125889972548598,1,RF_max_depth=4_min_samples_leaf=15
AC006538.1,0.09693472950570264,1,RF_max_depth=4_min_samples_leaf=15
OR5H2,0.09948872819526197,1,RF_max_depth=4_min_samples_leaf=15
CAMK2N2,0.09976288301590981,1,RF_max_depth=4_min_samples_leaf=15
TSPY2,0.13283227073027282,2,RF_max_depth=4_min_samples_leaf=15
LGI3,0.18427379154017176,2,RF_max_depth=4_min_samples_leaf=15
ATOH1,0.18427379154017176,2,RF_max_depth=4_min_samples_leaf=15
POU4F1,0.2371822219764822,2,RF_max_depth=4_min_samples_leaf=15
HAPLN1,0.2371822219764822,2,RF_max_depth=4_min_samples_leaf=15
KIR3DX1,0.2787111715702861,2,RF_max_depth=4_min_samples_leaf=15
TSPY9P,0.5016764055996401,2,RF_max_depth=4_min_samples_leaf=15
HOXA5,0.5069232359466297,2,RF_max_depth=4_min_samples_leaf=15
KCNJ10,0.5069232359466297,2,RF_max_depth=4_min_samples_leaf=15
LINC00304,0.5069232359466297,2,RF_max_depth=4_min_samples_leaf=15
AC135050.1,0.5069232359466297,2,RF_max_depth=4_min_samples_leaf=15
AC025430.1,0.5069232359466297,2,RF_max_depth=4_min_samples_leaf=15
AC064807.1,0.5723168173304156,2,RF_max_depth=4_min_samples_leaf=15
TBXT,0.5957011847396212,2,RF_max_depth=4_min_samples_leaf=15
CADM3,0.6240571435232605,2,RF_max_depth=4_min_samples_leaf=15
ZNF710-AS1,0.6240571435232605,2,RF_max_depth=4_min_samples_leaf=15
TSPY7P,0.6240571435232605,2,RF_max_depth=4_min_samples_leaf=15
AZIN2,0.6358078434146772,2,RF_max_depth=4_min_samples_leaf=15
OLFM3,0.6538460975620365,2,RF_max_depth=4_min_samples_leaf=15
TSPAN11,0.6538460975620365,2,RF_max_depth=4_min_samples_leaf=15
CCIN,3.556204501672295e-05,3,RF_max_depth=4_min_samples_leaf=15
FOXI2,4.30119628292221e-05,3,RF_max_depth=4_min_samples_leaf=15
TSNAXIP1,9.820043745730653e-05,3,RF_max_depth=4_min_samples_leaf=15
TRIM60,0.0001057561980992679,3,RF_max_depth=4_min_samples_leaf=15
EFHC2,0.00013254290395039013,3,RF_max_depth=4_min_samples_leaf=15
AC135731.1,0.00021077485487619576,3,RF_max_depth=4_min_samples_leaf=15
AQP12B,0.0005806761347163215,3,RF_max_depth=4_min_samples_leaf=15
SUN3,0.0007863187820017613,3,RF_max_depth=4_min_samples_leaf=15
SLC34A3,0.00111626315397771,3,RF_max_depth=4_min_samples_leaf=15
UBBP1,0.001417335229653906,3,RF_max_depth=4_min_samples_leaf=15
SPDYA,0.0014557504666834356,3,RF_max_depth=4_min_samples_leaf=15
AC139426.1,0.001965810460098856,3,RF_max_depth=4_min_samples_leaf=15
ZMAT4,0.001965810460098856,3,RF_max_depth=4_min_samples_leaf=15
C6orf222,0.001965810460098856,3,RF_max_depth=4_min_samples_leaf=15
DNM1P47,0.001965810460098856,3,RF_max_depth=4_min_samples_leaf=15
BSPRY,0.001965810460098856,3,RF_max_depth=4_min_samples_leaf=15
GRHL3,0.001965810460098856,3,RF_max_depth=4_min_samples_leaf=15
PADI1,0.0020987784117093354,3,RF_max_depth=4_min_samples_leaf=15
DEFB4B,0.0023265236672844144,3,RF_max_depth=4_min_samples_leaf=15
C3orf84,0.0023265236672844144,3,RF_max_depth=4_min_samples_leaf=15
CABP2,0.0023265236672844144,3,RF_max_depth=4_min_samples_leaf=15
MYF6,0.002393416775832938,3,RF_max_depth=4_min_samples_leaf=15
UMOD,0.0024370834868512638,3,RF_max_depth=4_min_samples_leaf=15
UGT3A2,0.0025324689231368265,3,RF_max_depth=4_min_samples_leaf=15
IRX6,0.0025324689231368265,3,RF_max_depth=4_min_samples_leaf=15
CCT8L1P,0.0025324689231368265,3,RF_max_depth=4_min_samples_leaf=15
C17orf78,0.00265201571097863,3,RF_max_depth=4_min_samples_leaf=15
TGIF2LX,0.002752915062437729,3,RF_max_depth=4_min_samples_leaf=15
OR10G9,0.002875224522415194,3,RF_max_depth=4_min_samples_leaf=15
ADAM6,0.0033334976973799202,3,RF_max_depth=4_min_samples_leaf=15
AC006538.1,0.003425993476437647,3,RF_max_depth=4_min_samples_leaf=15
NPY4R,0.004085390491956862,3,RF_max_depth=4_min_samples_leaf=15
HNRNPA1P9,0.004131978270379738,3,RF_max_depth=4_min_samples_leaf=15
NACAD,0.004204473090879509,3,RF_max_depth=4_min_samples_leaf=15
TNNC1,0.004204473090879509,3,RF_max_depth=4_min_samples_leaf=15
C2orf70,0.004436555200641601,3,RF_max_depth=4_min_samples_leaf=15
GPA33,0.004436555200641601,3,RF_max_depth=4_min_samples_leaf=15
SLC7A3,0.004438222826980152,3,RF_max_depth=4_min_samples_leaf=15
AP000552.3,0.004864663140060189,3,RF_max_depth=4_min_samples_leaf=15
DPPA3,0.004864663140060189,3,RF_max_depth=4_min_samples_leaf=15
AC004889.1,0.004864663140060189,3,RF_max_depth=4_min_samples_leaf=15
CAMK1G,0.005079476174166191,3,RF_max_depth=4_min_samples_leaf=15
CLDN19,0.005079476174166191,3,RF_max_depth=4_min_samples_leaf=15
REELD1,0.00513252575798901,3,RF_max_depth=4_min_samples_leaf=15
WFDC5,0.00513252575798901,3,RF_max_depth=4_min_samples_leaf=15
BPIFB6,0.00513252575798901,3,RF_max_depth=4_min_samples_leaf=15
GPR6,0.00513252575798901,3,RF_max_depth=4_min_samples_leaf=15
NPY5R,0.00513252575798901,3,RF_max_depth=4_min_samples_leaf=15
LRRC30,0.00513252575798901,3,RF_max_depth=4_min_samples_leaf=15
PROKR2,0.00513252575798901,3,RF_max_depth=4_min_samples_leaf=15
CATSPER4,0.00513252575798901,3,RF_max_depth=4_min_samples_leaf=15
AC012354.2,0.00513252575798901,3,RF_max_depth=4_min_samples_leaf=15
POPDC3,0.00513252575798901,3,RF_max_depth=4_min_samples_leaf=15
FGF8,0.00513252575798901,3,RF_max_depth=4_min_samples_leaf=15
FAM47C,0.00513252575798901,3,RF_max_depth=4_min_samples_leaf=15
IGKV1OR2-118,0.00513252575798901,3,RF_max_depth=4_min_samples_leaf=15
REC114,0.00513252575798901,3,RF_max_depth=4_min_samples_leaf=15
SMYD1,0.00536889924013486,3,RF_max_depth=4_min_samples_leaf=15
PADI3,0.005403135267365348,3,RF_max_depth=4_min_samples_leaf=15
MOS,0.005687326339847545,3,RF_max_depth=4_min_samples_leaf=15
KCNIP1,0.005687326339847545,3,RF_max_depth=4_min_samples_leaf=15
KRTAP10-8,0.005871614377615396,3,RF_max_depth=4_min_samples_leaf=15
RFPL4AP1,0.006104574791591355,3,RF_max_depth=4_min_samples_leaf=15
PPP4R3C,0.006104574791591355,3,RF_max_depth=4_min_samples_leaf=15
GJB3,0.006104574791591355,3,RF_max_depth=4_min_samples_leaf=15
ACTRT3,0.006104574791591355,3,RF_max_depth=4_min_samples_leaf=15
DEFB106A,0.00612084847942525,3,RF_max_depth=4_min_samples_leaf=15
SLC29A4P1,0.006163251206785638,3,RF_max_depth=4_min_samples_leaf=15
OR6P1,0.006694240499421805,3,RF_max_depth=4_min_samples_leaf=15
PF4V1,0.006706414089905437,3,RF_max_depth=4_min_samples_leaf=15
TAS1R2,0.006706414089905437,3,RF_max_depth=4_min_samples_leaf=15
C11orf16,0.006706414089905437,3,RF_max_depth=4_min_samples_leaf=15
LELP1,0.006952600488037477,3,RF_max_depth=4_min_samples_leaf=15
NTNG1,0.007003043354357123,3,RF_max_depth=4_min_samples_leaf=15
AC015911.1,0.007499184652322325,3,RF_max_depth=4_min_samples_leaf=15
CYTOR,0.007499184652322325,3,RF_max_depth=4_min_samples_leaf=15
ELANE,0.007499184652322325,3,RF_max_depth=4_min_samples_leaf=15
DEFB119,0.007499184652322325,3,RF_max_depth=4_min_samples_leaf=15
H2AFB2,0.007627623853773193,3,RF_max_depth=4_min_samples_leaf=15
DEFB107A,0.007627623853773193,3,RF_max_depth=4_min_samples_leaf=15
TGFBR3L,0.007886548048861542,3,RF_max_depth=4_min_samples_leaf=15
RS1,0.007886548048861542,3,RF_max_depth=4_min_samples_leaf=15
DEFB107B,0.007984439482166691,3,RF_max_depth=4_min_samples_leaf=15
SLC6A8,0.008424446513401863,3,RF_max_depth=4_min_samples_leaf=15
AL512310.6,0.008454176954173264,3,RF_max_depth=4_min_samples_leaf=15
DCDC2C,0.008733640460903786,3,RF_max_depth=4_min_samples_leaf=15
EPHB3,0.008942416619876362,3,RF_max_depth=4_min_samples_leaf=15
PGPEP1L,0.008942416619876362,3,RF_max_depth=4_min_samples_leaf=15
KDM4E,0.008942416619876362,3,RF_max_depth=4_min_samples_leaf=15
MYL1,0.008942416619876362,3,RF_max_depth=4_min_samples_leaf=15
DEFB106B,0.008942416619876362,3,RF_max_depth=4_min_samples_leaf=15
ASTL,0.008942416619876362,3,RF_max_depth=4_min_samples_leaf=15
OBP2B,0.008942416619876362,3,RF_max_depth=4_min_samples_leaf=15
LRRC3C,0.008942416619876362,3,RF_max_depth=4_min_samples_leaf=15
DEFB104A,0.008942416619876362,3,RF_max_depth=4_min_samples_leaf=15
RLBP1,0.008942416619876362,3,RF_max_depth=4_min_samples_leaf=15
KRTDAP,0.008942416619876362,3,RF_max_depth=4_min_samples_leaf=15
MYOG,0.008942416619876362,3,RF_max_depth=4_min_samples_leaf=15
GNRHR,0.008942416619876362,3,RF_max_depth=4_min_samples_leaf=15
AC008985.1,0.008942416619876362,3,RF_max_depth=4_min_samples_leaf=15
BPIFB3,0.009020553691482839,3,RF_max_depth=4_min_samples_leaf=15
ACTBL2,0.009020553691482839,3,RF_max_depth=4_min_samples_leaf=15
CNTD1,0.009020553691482839,3,RF_max_depth=4_min_samples_leaf=15
DNASE2B,0.009020553691482839,3,RF_max_depth=4_min_samples_leaf=15
CELA3A,0.009020553691482839,3,RF_max_depth=4_min_samples_leaf=15
FABP6,0.009020553691482839,3,RF_max_depth=4_min_samples_leaf=15
AC112504.1,0.009020553691482839,3,RF_max_depth=4_min_samples_leaf=15
DEFB104B,0.009020553691482839,3,RF_max_depth=4_min_samples_leaf=15
AC136443.1,0.009020553691482839,3,RF_max_depth=4_min_samples_leaf=15
CD177P1,0.009099090835679835,3,RF_max_depth=4_min_samples_leaf=15
RESP18,0.009539978098851293,3,RF_max_depth=4_min_samples_leaf=15
IGHE,0.009539978098851293,3,RF_max_depth=4_min_samples_leaf=15
LHCGR,0.009539978098851293,3,RF_max_depth=4_min_samples_leaf=15
DCAF12L2,0.009539978098851293,3,RF_max_depth=4_min_samples_leaf=15
ZNF488,0.009539978098851293,3,RF_max_depth=4_min_samples_leaf=15
PABPC1P2,0.009637286568264344,3,RF_max_depth=4_min_samples_leaf=15
MT-CO2,0.009637286568264344,3,RF_max_depth=4_min_samples_leaf=15
NYX,0.009637286568264344,3,RF_max_depth=4_min_samples_leaf=15
PRSS55,0.009637286568264344,3,RF_max_depth=4_min_samples_leaf=15
C7orf65,0.009637286568264344,3,RF_max_depth=4_min_samples_leaf=15
AC092068.2,0.009637286568264344,3,RF_max_depth=4_min_samples_leaf=15
CDRT15P1,0.009637286568264344,3,RF_max_depth=4_min_samples_leaf=15
MYBPHL,0.009960960752808147,3,RF_max_depth=4_min_samples_leaf=15
PRAMEF17,0.010049041368567822,3,RF_max_depth=4_min_samples_leaf=15
OR5AC2,0.010201976543035639,3,RF_max_depth=4_min_samples_leaf=15
NT5DC4,0.010418860434589465,3,RF_max_depth=4_min_samples_leaf=15
AQP8,0.010486484640233714,3,RF_max_depth=4_min_samples_leaf=15
FAM90A27P,0.010486484640233714,3,RF_max_depth=4_min_samples_leaf=15
AL691447.2,0.010544554669226328,3,RF_max_depth=4_min_samples_leaf=15
CAMK2N2,0.01067233362851584,3,RF_max_depth=4_min_samples_leaf=15
RAB13,0.01077245117874679,3,RF_max_depth=4_min_samples_leaf=15
AKAP4,0.010888728339933706,3,RF_max_depth=4_min_samples_leaf=15
KLF17,0.011221040415915182,3,RF_max_depth=4_min_samples_leaf=15
OR56A1,0.01143842902037742,3,RF_max_depth=4_min_samples_leaf=15
LINC02203,0.011558593650926272,3,RF_max_depth=4_min_samples_leaf=15
HS6ST2,0.011617951009847517,3,RF_max_depth=4_min_samples_leaf=15
NANOGP2,0.011698964007918733,3,RF_max_depth=4_min_samples_leaf=15
MTCO1P12,0.01183950477458477,3,RF_max_depth=4_min_samples_leaf=15
FOXL2,0.011993337765651006,3,RF_max_depth=4_min_samples_leaf=15
FZD9,0.012426847241995154,3,RF_max_depth=4_min_samples_leaf=15
FUNDC2P2,0.01246545023561772,3,RF_max_depth=4_min_samples_leaf=15
KCNK16,0.01262791929664901,3,RF_max_depth=4_min_samples_leaf=15
GPR152,0.01262791929664901,3,RF_max_depth=4_min_samples_leaf=15
REXO1L3P,0.012801450875359404,3,RF_max_depth=4_min_samples_leaf=15
VSTM1,0.013252153900712754,3,RF_max_depth=4_min_samples_leaf=15
RPS4XP3,0.013341217021609068,3,RF_max_depth=4_min_samples_leaf=15
AHSP,0.013345337090713427,3,RF_max_depth=4_min_samples_leaf=15
C9orf24,0.013428019456591498,3,RF_max_depth=4_min_samples_leaf=15
IGKV6D-21,0.013721518396763173,3,RF_max_depth=4_min_samples_leaf=15
IGKV1D-43,0.014046106592710413,3,RF_max_depth=4_min_samples_leaf=15
PDYN,0.014046106592710413,3,RF_max_depth=4_min_samples_leaf=15
PCDHAC2,0.014090935086277448,3,RF_max_depth=4_min_samples_leaf=15
OR2T27,0.014166735687059269,3,RF_max_depth=4_min_samples_leaf=15
FAM83C,0.014166735687059269,3,RF_max_depth=4_min_samples_leaf=15
GUCY2F,0.01422236508540898,3,RF_max_depth=4_min_samples_leaf=15
KRT33B,0.014270700001879851,3,RF_max_depth=4_min_samples_leaf=15
WNT16,0.014560691179057735,3,RF_max_depth=4_min_samples_leaf=15
OR51D1,0.014658689087934551,3,RF_max_depth=4_min_samples_leaf=15
ZMYND12,0.014842942552811874,3,RF_max_depth=4_min_samples_leaf=15
TAAR5,0.015597736735377104,3,RF_max_depth=4_min_samples_leaf=15
AC009060.2,0.01560325433251736,3,RF_max_depth=4_min_samples_leaf=15
TREM2,0.01578988686676743,3,RF_max_depth=4_min_samples_leaf=15
TEX13A,0.015924119684186753,3,RF_max_depth=4_min_samples_leaf=15
GPR139,0.01612243881583402,3,RF_max_depth=4_min_samples_leaf=15
AC127070.4,0.016228833677981797,3,RF_max_depth=4_min_samples_leaf=15
OR51K1P,0.016290341182164325,3,RF_max_depth=4_min_samples_leaf=15
LLCFC1,0.016829099525573325,3,RF_max_depth=4_min_samples_leaf=15
RHEBL1,0.016829099525573325,3,RF_max_depth=4_min_samples_leaf=15
GHSR,0.017047776162790844,3,RF_max_depth=4_min_samples_leaf=15
MYOZ3,0.017226993120161075,3,RF_max_depth=4_min_samples_leaf=15
ZNF648,0.01733853051204848,3,RF_max_depth=4_min_samples_leaf=15
VGLL2,0.017472051213725387,3,RF_max_depth=4_min_samples_leaf=15
RAB25,0.017773423665657425,3,RF_max_depth=4_min_samples_leaf=15
C8orf87,0.017773423665657425,3,RF_max_depth=4_min_samples_leaf=15
LRRC53,0.017773423665657425,3,RF_max_depth=4_min_samples_leaf=15
AC239859.6,0.017773423665657425,3,RF_max_depth=4_min_samples_leaf=15
CDRT15L2,0.017800498384435263,3,RF_max_depth=4_min_samples_leaf=15
AC092368.3,0.017976997630697024,3,RF_max_depth=4_min_samples_leaf=15
KRT84,0.017976997630697024,3,RF_max_depth=4_min_samples_leaf=15
OR10A3,0.017976997630697024,3,RF_max_depth=4_min_samples_leaf=15
DNM1P51,0.017976997630697024,3,RF_max_depth=4_min_samples_leaf=15
TIMP4,0.017976997630697024,3,RF_max_depth=4_min_samples_leaf=15
AC008033.1,0.017976997630697024,3,RF_max_depth=4_min_samples_leaf=15
PJVK,0.017976997630697024,3,RF_max_depth=4_min_samples_leaf=15
AC025594.1,0.017976997630697024,3,RF_max_depth=4_min_samples_leaf=15
OR52N5,0.017976997630697024,3,RF_max_depth=4_min_samples_leaf=15
LGALS16,0.017976997630697024,3,RF_max_depth=4_min_samples_leaf=15
CRABP2,0.01812924288724069,3,RF_max_depth=4_min_samples_leaf=15
OR52I2,0.018174128091738205,3,RF_max_depth=4_min_samples_leaf=15
AC008395.1,0.01834813333520814,3,RF_max_depth=4_min_samples_leaf=15
KRT32,0.01834813333520814,3,RF_max_depth=4_min_samples_leaf=15
DRD1,0.018392684925084953,3,RF_max_depth=4_min_samples_leaf=15
OR5H2,0.018392684925084953,3,RF_max_depth=4_min_samples_leaf=15
RNASE10,0.018392684925084953,3,RF_max_depth=4_min_samples_leaf=15
RNASE8,0.019042911789328498,3,RF_max_depth=4_min_samples_leaf=15
IGHV3OR16-8,0.01937348494359055,3,RF_max_depth=4_min_samples_leaf=15
RD3L,0.019700025202581524,3,RF_max_depth=4_min_samples_leaf=15
BARHL2,0.020097221812224945,3,RF_max_depth=4_min_samples_leaf=15
IFNL2,0.020209784499825693,3,RF_max_depth=4_min_samples_leaf=15
GSX2,0.020253715992435948,3,RF_max_depth=4_min_samples_leaf=15
CRYGD,0.020253715992435948,3,RF_max_depth=4_min_samples_leaf=15
PRDM13,0.020253715992435948,3,RF_max_depth=4_min_samples_leaf=15
C5orf17,0.020253715992435948,3,RF_max_depth=4_min_samples_leaf=15
AL138820.1,0.020754185741669994,3,RF_max_depth=4_min_samples_leaf=15
TSPAN16,0.020754185741669994,3,RF_max_depth=4_min_samples_leaf=15
IFNL1,0.020754185741669994,3,RF_max_depth=4_min_samples_leaf=15
ZNF679,0.020754185741669994,3,RF_max_depth=4_min_samples_leaf=15
UPK2,0.020754712277194852,3,RF_max_depth=4_min_samples_leaf=15
AC239798.2,0.020783361511227658,3,RF_max_depth=4_min_samples_leaf=15
FAM90A28P,0.021221074418733367,3,RF_max_depth=4_min_samples_leaf=15
C6orf52,0.02145653120292996,3,RF_max_depth=4_min_samples_leaf=15
INAFM2,0.02145653120292996,3,RF_max_depth=4_min_samples_leaf=15
PPDPFL,0.02145653120292996,3,RF_max_depth=4_min_samples_leaf=15
FFAR1,0.021478674102608227,3,RF_max_depth=4_min_samples_leaf=15
KHDC1,0.021504498212400334,3,RF_max_depth=4_min_samples_leaf=15
HIGD2B,0.021567578653555085,3,RF_max_depth=4_min_samples_leaf=15
INHA,0.021567578653555085,3,RF_max_depth=4_min_samples_leaf=15
SGCZ,0.022179920499129983,3,RF_max_depth=4_min_samples_leaf=15
MUCL1,0.022179920499129983,3,RF_max_depth=4_min_samples_leaf=15
OR8K5,0.022179920499129983,3,RF_max_depth=4_min_samples_leaf=15
SHISA3,0.022179920499129983,3,RF_max_depth=4_min_samples_leaf=15
AC090515.5,0.022179920499129983,3,RF_max_depth=4_min_samples_leaf=15
OR2W3,0.022179920499129983,3,RF_max_depth=4_min_samples_leaf=15
GML,0.022179920499129983,3,RF_max_depth=4_min_samples_leaf=15
C16orf78,0.02233376213660119,3,RF_max_depth=4_min_samples_leaf=15
OR1L3,0.02233376213660119,3,RF_max_depth=4_min_samples_leaf=15
C8orf74,0.02233376213660119,3,RF_max_depth=4_min_samples_leaf=15
PTGER1,0.02233376213660119,3,RF_max_depth=4_min_samples_leaf=15
C2orf83,0.02233376213660119,3,RF_max_depth=4_min_samples_leaf=15
LMLN2,0.022525114279871923,3,RF_max_depth=4_min_samples_leaf=15
AL589743.3,0.022875649735034115,3,RF_max_depth=4_min_samples_leaf=15
CIAPIN1P,0.023584742826429403,3,RF_max_depth=4_min_samples_leaf=15
SPACA1,0.023691956979151194,3,RF_max_depth=4_min_samples_leaf=15
TLX2,0.023913747921057615,3,RF_max_depth=4_min_samples_leaf=15
RHOA-IT1,0.024602635614022397,3,RF_max_depth=4_min_samples_leaf=15
KLHL41,0.024960859033448912,3,RF_max_depth=4_min_samples_leaf=15
WNT1,0.025031712629879795,3,RF_max_depth=4_min_samples_leaf=15
GPR149,0.0253606762475196,3,RF_max_depth=4_min_samples_leaf=15
VAX2,0.025923541168369525,3,RF_max_depth=4_min_samples_leaf=15
ZNF280A,0.025923541168369525,3,RF_max_depth=4_min_samples_leaf=15
OR2M5,0.02625481001732466,3,RF_max_depth=4_min_samples_leaf=15
U73166.1,0.026444809239549328,3,RF_max_depth=4_min_samples_leaf=15
FAM177B,0.026444809239549328,3,RF_max_depth=4_min_samples_leaf=15
FDCSP,0.026478444457494407,3,RF_max_depth=4_min_samples_leaf=15
KRTAP21-2,0.02678789725375651,3,RF_max_depth=4_min_samples_leaf=15
AC092127.1,0.027082213358308613,3,RF_max_depth=4_min_samples_leaf=15
TBC1D21,0.027238666548564765,3,RF_max_depth=4_min_samples_leaf=15
AC026468.1,0.027238666548564765,3,RF_max_depth=4_min_samples_leaf=15
NCR2,0.027238666548564765,3,RF_max_depth=4_min_samples_leaf=15
AC009113.1,0.027238666548564765,3,RF_max_depth=4_min_samples_leaf=15
AC007952.9,0.027238666548564765,3,RF_max_depth=4_min_samples_leaf=15
SLAMF9,0.027238666548564765,3,RF_max_depth=4_min_samples_leaf=15
RASSF10,0.027300279735954672,3,RF_max_depth=4_min_samples_leaf=15
GPR143,0.027300279735954672,3,RF_max_depth=4_min_samples_leaf=15
AC010538.1,0.027448725741733696,3,RF_max_depth=4_min_samples_leaf=15
SERPINA13P,0.027448725741733696,3,RF_max_depth=4_min_samples_leaf=15
BX276092.9,0.027738999694085335,3,RF_max_depth=4_min_samples_leaf=15
NEUROG2,0.028107271739950736,3,RF_max_depth=4_min_samples_leaf=15
RWDD4P1,0.028107271739950736,3,RF_max_depth=4_min_samples_leaf=15
KCNV1,0.028476568994889526,3,RF_max_depth=4_min_samples_leaf=15
IRGC,0.028476568994889526,3,RF_max_depth=4_min_samples_leaf=15
AC023310.1,0.02902062421591175,3,RF_max_depth=4_min_samples_leaf=15
JHDM1D-AS1,0.02924148495932061,3,RF_max_depth=4_min_samples_leaf=15
MT-CO1,0.02924148495932061,3,RF_max_depth=4_min_samples_leaf=15
IGHV1-58,0.029627403064097946,3,RF_max_depth=4_min_samples_leaf=15
CHRNA3,0.02982092004212631,3,RF_max_depth=4_min_samples_leaf=15
DQX1,0.02982092004212631,3,RF_max_depth=4_min_samples_leaf=15
GPAT2P2,0.030015122780838552,3,RF_max_depth=4_min_samples_leaf=15
OR52R1,0.03003284732985637,3,RF_max_depth=4_min_samples_leaf=15
C17orf98,0.030097579772352997,3,RF_max_depth=4_min_samples_leaf=15
OR52L1,0.030216753980034972,3,RF_max_depth=4_min_samples_leaf=15
TMEM174,0.030388555216073237,3,RF_max_depth=4_min_samples_leaf=15
PTCRA,0.030599240420079946,3,RF_max_depth=4_min_samples_leaf=15
MYL4,0.03100287323512565,3,RF_max_depth=4_min_samples_leaf=15
LPAR4,0.03155896324088166,3,RF_max_depth=4_min_samples_leaf=15
OR7E26P,0.032041088227059804,3,RF_max_depth=4_min_samples_leaf=15
AF186192.1,0.03256728373100144,3,RF_max_depth=4_min_samples_leaf=15
BPIFC,0.03273355757742095,3,RF_max_depth=4_min_samples_leaf=15
FAM47B,0.03278332421570266,3,RF_max_depth=4_min_samples_leaf=15
AL512770.1,0.03278332421570266,3,RF_max_depth=4_min_samples_leaf=15
PTGES2-AS1,0.032837965076932686,3,RF_max_depth=4_min_samples_leaf=15
AL031595.2,0.03330192832146371,3,RF_max_depth=4_min_samples_leaf=15
SBF2-AS1,0.033307817917094716,3,RF_max_depth=4_min_samples_leaf=15
BPIFB2,0.03339426485562948,3,RF_max_depth=4_min_samples_leaf=15
HOXA11,0.03587517154042598,3,RF_max_depth=4_min_samples_leaf=15
GK2,0.035897157044494164,3,RF_max_depth=4_min_samples_leaf=15
OR1F2P,0.035898160725198115,3,RF_max_depth=4_min_samples_leaf=15
AP000357.1,0.035898160725198115,3,RF_max_depth=4_min_samples_leaf=15
CELA2B,0.035898160725198115,3,RF_max_depth=4_min_samples_leaf=15
DBET,0.035898160725198115,3,RF_max_depth=4_min_samples_leaf=15
PDE6H,0.035898160725198115,3,RF_max_depth=4_min_samples_leaf=15
RLN2,0.03665650552697278,3,RF_max_depth=4_min_samples_leaf=15
A1BG,0.03700714662985853,3,RF_max_depth=4_min_samples_leaf=15
IGHV3OR16-9,0.03700714662985853,3,RF_max_depth=4_min_samples_leaf=15
AC120114.4,0.03700714662985853,3,RF_max_depth=4_min_samples_leaf=15
AC104791.2,0.038238155486517655,3,RF_max_depth=4_min_samples_leaf=15
AC138647.1,0.038238155486517655,3,RF_max_depth=4_min_samples_leaf=15
MAGEC2,0.038238155486517655,3,RF_max_depth=4_min_samples_leaf=15
JPX,0.038238155486517655,3,RF_max_depth=4_min_samples_leaf=15
OR2F2,0.03965687464442805,3,RF_max_depth=4_min_samples_leaf=15
AC009086.3,0.03965687464442805,3,RF_max_depth=4_min_samples_leaf=15
GOT1L1,0.039813326661151505,3,RF_max_depth=4_min_samples_leaf=15
LINC02197,0.03994475724324776,3,RF_max_depth=4_min_samples_leaf=15
SLC6A18,0.040055467748424785,3,RF_max_depth=4_min_samples_leaf=15
TBX22,0.040055467748424785,3,RF_max_depth=4_min_samples_leaf=15
GLRA4,0.04049252675991877,3,RF_max_depth=4_min_samples_leaf=15
AC012441.2,0.040647517455257444,3,RF_max_depth=4_min_samples_leaf=15
OR5P3,0.040647517455257444,3,RF_max_depth=4_min_samples_leaf=15
CCR8,0.04065825550243512,3,RF_max_depth=4_min_samples_leaf=15
AP005212.1,0.04069285952104445,3,RF_max_depth=4_min_samples_leaf=15
OR52B1P,0.04069285952104445,3,RF_max_depth=4_min_samples_leaf=15
SOHLH1,0.04069285952104445,3,RF_max_depth=4_min_samples_leaf=15
PSORS1C1,0.04111103193281701,3,RF_max_depth=4_min_samples_leaf=15
KCTD21-AS1,0.0419211275096112,3,RF_max_depth=4_min_samples_leaf=15
DYNLRB2,0.042939904056933945,3,RF_max_depth=4_min_samples_leaf=15
AC092053.3,0.04300767470686839,3,RF_max_depth=4_min_samples_leaf=15
ALG1L2,0.043193172627589156,3,RF_max_depth=4_min_samples_leaf=15
AC104794.2,0.043193172627589156,3,RF_max_depth=4_min_samples_leaf=15
AP003057.1,0.043193172627589156,3,RF_max_depth=4_min_samples_leaf=15
SPZ1,0.043193172627589156,3,RF_max_depth=4_min_samples_leaf=15
AL008638.3,0.043708795701659545,3,RF_max_depth=4_min_samples_leaf=15
AC008740.2,0.043708795701659545,3,RF_max_depth=4_min_samples_leaf=15
TNFSF18,0.043708795701659545,3,RF_max_depth=4_min_samples_leaf=15
PRSS29P,0.043708795701659545,3,RF_max_depth=4_min_samples_leaf=15
GRID1,0.04391718802109978,3,RF_max_depth=4_min_samples_leaf=15
S100B,0.04425478696688573,3,RF_max_depth=4_min_samples_leaf=15
MIAT,0.044456275875786204,3,RF_max_depth=4_min_samples_leaf=15
AC003681.1,0.04452820395791943,3,RF_max_depth=4_min_samples_leaf=15
AC099684.2,0.044770381813394454,3,RF_max_depth=4_min_samples_leaf=15
GPR20,0.044838415114245044,3,RF_max_depth=4_min_samples_leaf=15
C17orf113,0.046262603588788885,3,RF_max_depth=4_min_samples_leaf=15
P2RY4,0.046770060775709374,3,RF_max_depth=4_min_samples_leaf=15
OR5F1,0.046770060775709374,3,RF_max_depth=4_min_samples_leaf=15
DMRT3,0.04684604738147252,3,RF_max_depth=4_min_samples_leaf=15
AC018647.2,0.04684604738147252,3,RF_max_depth=4_min_samples_leaf=15
OR8B12,0.04726220553625128,3,RF_max_depth=4_min_samples_leaf=15
AC090525.2,0.04726220553625128,3,RF_max_depth=4_min_samples_leaf=15
MAPK11,0.04726220553625128,3,RF_max_depth=4_min_samples_leaf=15
GALR3,0.04727585937589916,3,RF_max_depth=4_min_samples_leaf=15
CA7,0.04727585937589916,3,RF_max_depth=4_min_samples_leaf=15
AC106788.2,0.04727585937589916,3,RF_max_depth=4_min_samples_leaf=15
TNFSF9,0.04727585937589916,3,RF_max_depth=4_min_samples_leaf=15
DEFB115,0.04727585937589916,3,RF_max_depth=4_min_samples_leaf=15
C11orf53,0.04727585937589916,3,RF_max_depth=4_min_samples_leaf=15
AL136982.1,0.04727585937589916,3,RF_max_depth=4_min_samples_leaf=15
AC015871.4,0.04727585937589916,3,RF_max_depth=4_min_samples_leaf=15
LIPM,0.04764107132822796,3,RF_max_depth=4_min_samples_leaf=15
KLK12,0.04764107132822796,3,RF_max_depth=4_min_samples_leaf=15
ANGPT4,0.04764107132822796,3,RF_max_depth=4_min_samples_leaf=15
IGKV1OR22-5,0.04794619944360568,3,RF_max_depth=4_min_samples_leaf=15
BEST3,0.04797521495961461,3,RF_max_depth=4_min_samples_leaf=15
MRPL30,0.04797521495961461,3,RF_max_depth=4_min_samples_leaf=15
AC012645.2,0.04797521495961461,3,RF_max_depth=4_min_samples_leaf=15
LENG9,0.04797521495961461,3,RF_max_depth=4_min_samples_leaf=15
TAS2R13,0.04811952110559851,3,RF_max_depth=4_min_samples_leaf=15
AL445235.1,0.04812250231912492,3,RF_max_depth=4_min_samples_leaf=15
FOSL1P1,0.04812250231912492,3,RF_max_depth=4_min_samples_leaf=15
TRAV13-2,0.04812250231912492,3,RF_max_depth=4_min_samples_leaf=15
CSF2,0.048357797822076116,3,RF_max_depth=4_min_samples_leaf=15
OR10J1,0.048357797822076116,3,RF_max_depth=4_min_samples_leaf=15
ANKRD65,0.048357797822076116,3,RF_max_depth=4_min_samples_leaf=15
AC025198.1,0.04869322304174243,3,RF_max_depth=4_min_samples_leaf=15
OR2I1P,0.04892625157862099,3,RF_max_depth=4_min_samples_leaf=15
TDRKH-AS1,0.04892625157862099,3,RF_max_depth=4_min_samples_leaf=15
AC067904.1,0.04892625157862099,3,RF_max_depth=4_min_samples_leaf=15
KRTAP2-1,0.04892625157862099,3,RF_max_depth=4_min_samples_leaf=15
SCGB1C2,0.048961275094975595,3,RF_max_depth=4_min_samples_leaf=15
ACOD1,0.0491882867185172,3,RF_max_depth=4_min_samples_leaf=15
VN1R4,0.0491882867185172,3,RF_max_depth=4_min_samples_leaf=15
CUBNP2,0.04921838427795398,3,RF_max_depth=4_min_samples_leaf=15
CYP51A1,0.04921838427795398,3,RF_max_depth=4_min_samples_leaf=15
DCAF12L1,0.04921838427795398,3,RF_max_depth=4_min_samples_leaf=15
TTC9B,0.04921838427795398,3,RF_max_depth=4_min_samples_leaf=15
BTBD17,0.04921838427795398,3,RF_max_depth=4_min_samples_leaf=15
OR10H1,0.04921838427795398,3,RF_max_depth=4_min_samples_leaf=15
OR13F1,0.04921838427795398,3,RF_max_depth=4_min_samples_leaf=15
MTND4P24,0.04930287564034296,3,RF_max_depth=4_min_samples_leaf=15
RAX2,0.04936796644301496,3,RF_max_depth=4_min_samples_leaf=15
RTP4,0.04936796644301496,3,RF_max_depth=4_min_samples_leaf=15
IGKV1OR-3,0.04937222289598894,3,RF_max_depth=4_min_samples_leaf=15
FAM47A,0.04937222289598894,3,RF_max_depth=4_min_samples_leaf=15
AC093826.2,0.05020962000870157,3,RF_max_depth=4_min_samples_leaf=15
RBMXL3,0.05028725639165374,3,RF_max_depth=4_min_samples_leaf=15
DDN,0.05040928592697564,3,RF_max_depth=4_min_samples_leaf=15
PCP4,0.05091762053557602,3,RF_max_depth=4_min_samples_leaf=15
CCL8,0.051342729802777765,3,RF_max_depth=4_min_samples_leaf=15
RPS13P2,0.0515200236589032,3,RF_max_depth=4_min_samples_leaf=15
CBLN4,0.051620609973247994,3,RF_max_depth=4_min_samples_leaf=15
CARD18,0.0516769859952159,3,RF_max_depth=4_min_samples_leaf=15
TAS2R8,0.0516769859952159,3,RF_max_depth=4_min_samples_leaf=15
AC099778.1,0.0516769859952159,3,RF_max_depth=4_min_samples_leaf=15
MT-CO3,0.0516769859952159,3,RF_max_depth=4_min_samples_leaf=15
GPR45,0.05188152434429806,3,RF_max_depth=4_min_samples_leaf=15
MORN5,0.05188152434429806,3,RF_max_depth=4_min_samples_leaf=15
SLC2A7,0.05188152434429806,3,RF_max_depth=4_min_samples_leaf=15
IGF2-AS,0.05188152434429806,3,RF_max_depth=4_min_samples_leaf=15
CLEC3A,0.05188152434429806,3,RF_max_depth=4_min_samples_leaf=15
CACNG7,0.05235579527549829,3,RF_max_depth=4_min_samples_leaf=15
AC246793.1,0.052567397050382714,3,RF_max_depth=4_min_samples_leaf=15
ZNF285B,0.052567397050382714,3,RF_max_depth=4_min_samples_leaf=15
ADRA1D,0.052981238236429196,3,RF_max_depth=4_min_samples_leaf=15
IGKV6-21,0.052981238236429196,3,RF_max_depth=4_min_samples_leaf=15
GPR173,0.05304148015715388,3,RF_max_depth=4_min_samples_leaf=15
OR5K4,0.0536518184154983,3,RF_max_depth=4_min_samples_leaf=15
OR8K3,0.054291071071658994,3,RF_max_depth=4_min_samples_leaf=15
RPL31P49,0.054291071071658994,3,RF_max_depth=4_min_samples_leaf=15
PTCHD3,0.054291071071658994,3,RF_max_depth=4_min_samples_leaf=15
RXFP3,0.054291071071658994,3,RF_max_depth=4_min_samples_leaf=15
ZNF474,0.054291071071658994,3,RF_max_depth=4_min_samples_leaf=15
LINC01996,0.05497987619196225,3,RF_max_depth=4_min_samples_leaf=15
TUBAL3,0.05497987619196225,3,RF_max_depth=4_min_samples_leaf=15
CLCA3P,0.05497987619196225,3,RF_max_depth=4_min_samples_leaf=15
CLDN20,0.05499957688333246,3,RF_max_depth=4_min_samples_leaf=15
FAM220BP,0.05507713920638184,3,RF_max_depth=4_min_samples_leaf=15
TEX26,0.055284290023507356,3,RF_max_depth=4_min_samples_leaf=15
TRAV13-1,0.05586022028776828,3,RF_max_depth=4_min_samples_leaf=15
AC139792.1,0.05586022028776828,3,RF_max_depth=4_min_samples_leaf=15
SERTAD4-AS1,0.056501719481951505,3,RF_max_depth=4_min_samples_leaf=15
NKX2-2,0.05697805962819983,3,RF_max_depth=4_min_samples_leaf=15
SPINK9,0.05832638529350883,3,RF_max_depth=4_min_samples_leaf=15
TAAR9,0.05848753115648872,3,RF_max_depth=4_min_samples_leaf=15
GDF10,0.05848753115648872,3,RF_max_depth=4_min_samples_leaf=15
CALHM3,0.05854458995750723,3,RF_max_depth=4_min_samples_leaf=15
AL161669.3,0.05854458995750723,3,RF_max_depth=4_min_samples_leaf=15
TMEM95,0.05947966314114111,3,RF_max_depth=4_min_samples_leaf=15
PPP1R2C,0.059693467146638715,3,RF_max_depth=4_min_samples_leaf=15
SERPINB11,0.05977704520854597,3,RF_max_depth=4_min_samples_leaf=15
UGT1A3,0.05978961639467165,3,RF_max_depth=4_min_samples_leaf=15
SULT1A4,0.05983684959908727,3,RF_max_depth=4_min_samples_leaf=15
TMEM132C,0.06018469207556507,3,RF_max_depth=4_min_samples_leaf=15
AC008895.1,0.060687335185842295,3,RF_max_depth=4_min_samples_leaf=15
AC020917.4,0.06135302152176458,3,RF_max_depth=4_min_samples_leaf=15
OR2W5,0.061629601207892924,3,RF_max_depth=4_min_samples_leaf=15
PRTN3,0.06361924246569112,3,RF_max_depth=4_min_samples_leaf=15
SF3A3P2,0.06383168420070903,3,RF_max_depth=4_min_samples_leaf=15
ZBTB20-AS4,0.06421719756737028,3,RF_max_depth=4_min_samples_leaf=15
PLSCR5,0.06421719756737028,3,RF_max_depth=4_min_samples_leaf=15
SMR3A,0.06566695110102469,3,RF_max_depth=4_min_samples_leaf=15
AC023794.1,0.06582209960467521,3,RF_max_depth=4_min_samples_leaf=15
LACRT,0.06632711556086388,3,RF_max_depth=4_min_samples_leaf=15
LINC00240,0.06632711556086388,3,RF_max_depth=4_min_samples_leaf=15
TUBA3FP,0.06639252310921588,3,RF_max_depth=4_min_samples_leaf=15
LRRC37A7P,0.06639252310921588,3,RF_max_depth=4_min_samples_leaf=15
GP9,0.06701475901078391,3,RF_max_depth=4_min_samples_leaf=15
BTBD10P1,0.06701475901078391,3,RF_max_depth=4_min_samples_leaf=15
CRYGA,0.06738334154464934,3,RF_max_depth=4_min_samples_leaf=15
LINC00426,0.06747919706573179,3,RF_max_depth=4_min_samples_leaf=15
AL137028.1,0.06747919706573179,3,RF_max_depth=4_min_samples_leaf=15
NPM1P9,0.06757678335466764,3,RF_max_depth=4_min_samples_leaf=15
AC093536.1,0.06781323266983076,3,RF_max_depth=4_min_samples_leaf=15
CTXND1,0.06790220430509408,3,RF_max_depth=4_min_samples_leaf=15
IL3,0.06825294526832477,3,RF_max_depth=4_min_samples_leaf=15
RPS7P4,0.06826639197034036,3,RF_max_depth=4_min_samples_leaf=15
OR5M8,0.06849643856725054,3,RF_max_depth=4_min_samples_leaf=15
CDC20P1,0.0685542613626393,3,RF_max_depth=4_min_samples_leaf=15
SSX5,0.0685542613626393,3,RF_max_depth=4_min_samples_leaf=15
OR6X1,0.0685542613626393,3,RF_max_depth=4_min_samples_leaf=15
DLX4,0.06969769409826443,3,RF_max_depth=4_min_samples_leaf=15
OR4C3,0.07002980513046307,3,RF_max_depth=4_min_samples_leaf=15
AP000550.2,0.07006802302438236,3,RF_max_depth=4_min_samples_leaf=15
MAB21L1,0.07053880439450257,3,RF_max_depth=4_min_samples_leaf=15
PCDHA12,0.07053880439450257,3,RF_max_depth=4_min_samples_leaf=15
PTX4,0.07053880439450257,3,RF_max_depth=4_min_samples_leaf=15
SMIM26,0.07053880439450257,3,RF_max_depth=4_min_samples_leaf=15
SERPINB2,0.07056571255798465,3,RF_max_depth=4_min_samples_leaf=15
CDX4,0.07056571255798465,3,RF_max_depth=4_min_samples_leaf=15
CSN3,0.07056571255798465,3,RF_max_depth=4_min_samples_leaf=15
XG,0.07056571255798465,3,RF_max_depth=4_min_samples_leaf=15
SCGB1C1,0.07056571255798465,3,RF_max_depth=4_min_samples_leaf=15
AIFM3,0.07073693183437599,3,RF_max_depth=4_min_samples_leaf=15
OR11H7,0.07079274325211031,3,RF_max_depth=4_min_samples_leaf=15
AC005776.2,0.07103635473273204,3,RF_max_depth=4_min_samples_leaf=15
GAL3ST2,0.07135026116712632,3,RF_max_depth=4_min_samples_leaf=15
HIST2H3D,0.07164798145894395,3,RF_max_depth=4_min_samples_leaf=15
MATN4,0.07246556462994681,3,RF_max_depth=4_min_samples_leaf=15
FAM19A1,0.07246556462994681,3,RF_max_depth=4_min_samples_leaf=15
RASL10A,0.07246556462994681,3,RF_max_depth=4_min_samples_leaf=15
SLC51B,0.0734200805325354,3,RF_max_depth=4_min_samples_leaf=15
AF186192.2,0.07343266491908008,3,RF_max_depth=4_min_samples_leaf=15
SFTPB,0.07366930926767208,3,RF_max_depth=4_min_samples_leaf=15
AC092683.1,0.07366930926767208,3,RF_max_depth=4_min_samples_leaf=15
C5orf47,0.07366930926767208,3,RF_max_depth=4_min_samples_leaf=15
RHOF,0.07366930926767208,3,RF_max_depth=4_min_samples_leaf=15
OR5V1,0.07366930926767208,3,RF_max_depth=4_min_samples_leaf=15
RASSF8-AS1,0.07422939467306837,3,RF_max_depth=4_min_samples_leaf=15
SLC35D3,0.07423446015182282,3,RF_max_depth=4_min_samples_leaf=15
AC009065.8,0.07423446015182282,3,RF_max_depth=4_min_samples_leaf=15
AC097518.1,0.07543765043869535,3,RF_max_depth=4_min_samples_leaf=15
AC018554.3,0.0755352581252407,3,RF_max_depth=4_min_samples_leaf=15
VIP,0.0755352581252407,3,RF_max_depth=4_min_samples_leaf=15
KRTAP19-6,0.0755352581252407,3,RF_max_depth=4_min_samples_leaf=15
AC004803.1,0.0755352581252407,3,RF_max_depth=4_min_samples_leaf=15
PRAMEF30P,0.0761383776211825,3,RF_max_depth=4_min_samples_leaf=15
SMIM34B,0.0768930966785187,3,RF_max_depth=4_min_samples_leaf=15
PPP1R42,0.0768930966785187,3,RF_max_depth=4_min_samples_leaf=15
SRMS,0.07741342733586667,3,RF_max_depth=4_min_samples_leaf=15
GDF5,0.07754475284171043,3,RF_max_depth=4_min_samples_leaf=15
AP004245.1,0.07754475284171043,3,RF_max_depth=4_min_samples_leaf=15
GABRA5,0.07851860246413218,3,RF_max_depth=4_min_samples_leaf=15
DHX40P1,0.07861959432011176,3,RF_max_depth=4_min_samples_leaf=15
PCSK6-AS1,0.07935389474305773,3,RF_max_depth=4_min_samples_leaf=15
UBE2U,0.079964082972102,3,RF_max_depth=4_min_samples_leaf=15
AL391421.1,0.079964082972102,3,RF_max_depth=4_min_samples_leaf=15
LINC02211,0.079964082972102,3,RF_max_depth=4_min_samples_leaf=15
ELF3-AS1,0.08034319307227783,3,RF_max_depth=4_min_samples_leaf=15
KRTAP3-1,0.08034319307227783,3,RF_max_depth=4_min_samples_leaf=15
MGAT4EP,0.08041010325752568,3,RF_max_depth=4_min_samples_leaf=15
HTR2C,0.08041010325752568,3,RF_max_depth=4_min_samples_leaf=15
PVALEF,0.08103239891828311,3,RF_max_depth=4_min_samples_leaf=15
DSCAM,0.08103239891828311,3,RF_max_depth=4_min_samples_leaf=15
IGLV3-32,0.08103239891828311,3,RF_max_depth=4_min_samples_leaf=15
ANXA2P1,0.08130645851384159,3,RF_max_depth=4_min_samples_leaf=15
HSPB3,0.08162259305083255,3,RF_max_depth=4_min_samples_leaf=15
ABCF2,0.08162952284585419,3,RF_max_depth=4_min_samples_leaf=15
MTCO3P12,0.08162952284585419,3,RF_max_depth=4_min_samples_leaf=15
CCDC54,0.08174211370009846,3,RF_max_depth=4_min_samples_leaf=15
AC120498.9,0.08174211370009846,3,RF_max_depth=4_min_samples_leaf=15
KCNQ1OT1,0.08174211370009846,3,RF_max_depth=4_min_samples_leaf=15
S100A2,0.08187603603455232,3,RF_max_depth=4_min_samples_leaf=15
FUT8-AS1,0.08187603603455232,3,RF_max_depth=4_min_samples_leaf=15
GALR2,0.08187603603455232,3,RF_max_depth=4_min_samples_leaf=15
AC136443.2,0.08202323104534251,3,RF_max_depth=4_min_samples_leaf=15
LINC01387,0.08214473652339278,3,RF_max_depth=4_min_samples_leaf=15
TRBV6-7,0.08214473652339278,3,RF_max_depth=4_min_samples_leaf=15
LGALS13,0.08214473652339278,3,RF_max_depth=4_min_samples_leaf=15
AC126755.5,0.08214473652339278,3,RF_max_depth=4_min_samples_leaf=15
PTPN5,0.08214473652339278,3,RF_max_depth=4_min_samples_leaf=15
AC116914.2,0.082456872867941,3,RF_max_depth=4_min_samples_leaf=15
OR14K1,0.08301906888233147,3,RF_max_depth=4_min_samples_leaf=15
HTR1E,0.08301906888233147,3,RF_max_depth=4_min_samples_leaf=15
ICAM3,0.083021556257611,3,RF_max_depth=4_min_samples_leaf=15
SHISAL2B,0.08308000585851563,3,RF_max_depth=4_min_samples_leaf=15
CLDN17,0.08315288020288387,3,RF_max_depth=4_min_samples_leaf=15
FP671120.3,0.08315288020288387,3,RF_max_depth=4_min_samples_leaf=15
TNNT3,0.08315288020288387,3,RF_max_depth=4_min_samples_leaf=15
RN7SL784P,0.08315288020288387,3,RF_max_depth=4_min_samples_leaf=15
FP236383.2,0.08315288020288387,3,RF_max_depth=4_min_samples_leaf=15
FP236383.3,0.08315288020288387,3,RF_max_depth=4_min_samples_leaf=15
MT-ND4,0.08315288020288387,3,RF_max_depth=4_min_samples_leaf=15
RPL13AP2,0.08315288020288387,3,RF_max_depth=4_min_samples_leaf=15
TSGA10IP,0.08315288020288387,3,RF_max_depth=4_min_samples_leaf=15
AP004607.5,0.08315288020288387,3,RF_max_depth=4_min_samples_leaf=15
AL049612.1,0.08315288020288387,3,RF_max_depth=4_min_samples_leaf=15
OR6K3,0.08315288020288387,3,RF_max_depth=4_min_samples_leaf=15
PRSS58,0.08315288020288387,3,RF_max_depth=4_min_samples_leaf=15
KLHL30,0.08315288020288387,3,RF_max_depth=4_min_samples_leaf=15
KRT73,0.08315288020288387,3,RF_max_depth=4_min_samples_leaf=15
CBR3-AS1,0.08315288020288387,3,RF_max_depth=4_min_samples_leaf=15
PTOV1-AS1,0.08315288020288387,3,RF_max_depth=4_min_samples_leaf=15
C2orf27AP1,0.08365840337678473,3,RF_max_depth=4_min_samples_leaf=15
CCDC188,0.08368173736375376,3,RF_max_depth=4_min_samples_leaf=15
AC087276.1,0.08368173736375376,3,RF_max_depth=4_min_samples_leaf=15
ALG1L10P,0.08368173736375376,3,RF_max_depth=4_min_samples_leaf=15
BTF3L4P1,0.08382534073436564,3,RF_max_depth=4_min_samples_leaf=15
DRD5,0.08393672510090534,3,RF_max_depth=4_min_samples_leaf=15
ACCSL,0.08393672510090534,3,RF_max_depth=4_min_samples_leaf=15
IL22,0.08393672510090534,3,RF_max_depth=4_min_samples_leaf=15
TTTY20,0.08438551078643522,3,RF_max_depth=4_min_samples_leaf=15
OR7C2,0.08438551078643522,3,RF_max_depth=4_min_samples_leaf=15
TRAV25,0.0852000394842371,3,RF_max_depth=4_min_samples_leaf=15
FNDC11,0.0852000394842371,3,RF_max_depth=4_min_samples_leaf=15
OR9I1,0.0852000394842371,3,RF_max_depth=4_min_samples_leaf=15
ENDOU,0.0852000394842371,3,RF_max_depth=4_min_samples_leaf=15
AC022905.1,0.08536636745005502,3,RF_max_depth=4_min_samples_leaf=15
LYPD8,0.08536636745005502,3,RF_max_depth=4_min_samples_leaf=15
CDC37P2,0.08536636745005502,3,RF_max_depth=4_min_samples_leaf=15
CFAP157,0.08627328654573467,3,RF_max_depth=4_min_samples_leaf=15
MIR494,0.08662264486853478,3,RF_max_depth=4_min_samples_leaf=15
EGLN2,0.08665179380671374,3,RF_max_depth=4_min_samples_leaf=15
C14orf180,0.08672066159964756,3,RF_max_depth=4_min_samples_leaf=15
TRAV14DV4,0.08672066159964756,3,RF_max_depth=4_min_samples_leaf=15
LRRC10,0.08682050630893452,3,RF_max_depth=4_min_samples_leaf=15
AL138889.1,0.08687471843542775,3,RF_max_depth=4_min_samples_leaf=15
OR8B2,0.08696996339902892,3,RF_max_depth=4_min_samples_leaf=15
AC073655.2,0.08700461374577681,3,RF_max_depth=4_min_samples_leaf=15
NRL,0.08780182870603112,3,RF_max_depth=4_min_samples_leaf=15
LINC00106,0.0888372204383191,3,RF_max_depth=4_min_samples_leaf=15
AL356488.3,0.08972656129353443,3,RF_max_depth=4_min_samples_leaf=15
TAS1R3,0.09034677274373416,3,RF_max_depth=4_min_samples_leaf=15
AL356481.2,0.09034677274373416,3,RF_max_depth=4_min_samples_leaf=15
CCDC189,0.09063221546473739,3,RF_max_depth=4_min_samples_leaf=15
AC007342.2,0.09063221546473739,3,RF_max_depth=4_min_samples_leaf=15
TMEM72,0.09094461397970742,3,RF_max_depth=4_min_samples_leaf=15
PSKH2,0.09094461397970742,3,RF_max_depth=4_min_samples_leaf=15
AC005014.1,0.0909961206246097,3,RF_max_depth=4_min_samples_leaf=15
LINC01949,0.09100348089344998,3,RF_max_depth=4_min_samples_leaf=15
OR6N1,0.09114958099183826,3,RF_max_depth=4_min_samples_leaf=15
KRTAP19-8,0.09142711978537638,3,RF_max_depth=4_min_samples_leaf=15
TRAV8-6,0.09223547108528418,3,RF_max_depth=4_min_samples_leaf=15
RNF148,0.09233782170511767,3,RF_max_depth=4_min_samples_leaf=15
BX664615.1,0.09330867749183563,3,RF_max_depth=4_min_samples_leaf=15
TPRXL,0.09330867749183563,3,RF_max_depth=4_min_samples_leaf=15
AP006545.1,0.09330867749183563,3,RF_max_depth=4_min_samples_leaf=15
AL360271.1,0.09330867749183563,3,RF_max_depth=4_min_samples_leaf=15
AL035587.1,0.09345733721816026,3,RF_max_depth=4_min_samples_leaf=15
HTR1B,0.09345733721816026,3,RF_max_depth=4_min_samples_leaf=15
OR9G4,0.09345733721816026,3,RF_max_depth=4_min_samples_leaf=15
NUDT9P1,0.09482106799298833,3,RF_max_depth=4_min_samples_leaf=15
AC015813.1,0.09575032999068078,3,RF_max_depth=4_min_samples_leaf=15
ROM1,0.09606353016027899,3,RF_max_depth=4_min_samples_leaf=15
AP002986.1,0.09606353016027899,3,RF_max_depth=4_min_samples_leaf=15
LEXM,0.0960653061500762,3,RF_max_depth=4_min_samples_leaf=15
RAB38,0.09658797951419316,3,RF_max_depth=4_min_samples_leaf=15
AC026410.1,0.09669303202848298,3,RF_max_depth=4_min_samples_leaf=15
LINC01565,0.09682982182275728,3,RF_max_depth=4_min_samples_leaf=15
AC234771.2,0.09719234423413033,3,RF_max_depth=4_min_samples_leaf=15
MT-RNR2,0.09745295345593145,3,RF_max_depth=4_min_samples_leaf=15
AC092301.1,0.09767164989922576,3,RF_max_depth=4_min_samples_leaf=15
AC110926.1,0.09827174795012915,3,RF_max_depth=4_min_samples_leaf=15
GATA1,0.09831289172213856,3,RF_max_depth=4_min_samples_leaf=15
GH2,0.0984224856400368,3,RF_max_depth=4_min_samples_leaf=15
BPY2B,0.09917134948373071,3,RF_max_depth=4_min_samples_leaf=15
AC009501.1,0.09917134948373071,3,RF_max_depth=4_min_samples_leaf=15
BPY2,0.09917134948373071,3,RF_max_depth=4_min_samples_leaf=15
FAM58BP,6.837243194389645e-14,4,RF_max_depth=4_min_samples_leaf=15
SLC35E4,0.002062130102695738,4,RF_max_depth=4_min_samples_leaf=15
AC006538.1,0.002062130102695738,4,RF_max_depth=4_min_samples_leaf=15
CABP2,0.003809964398686465,4,RF_max_depth=4_min_samples_leaf=15
AC135731.1,0.007439407953250224,4,RF_max_depth=4_min_samples_leaf=15
HIPK4,0.009212119250933681,4,RF_max_depth=4_min_samples_leaf=15
ZNF679,0.010794378835709889,4,RF_max_depth=4_min_samples_leaf=15
FAM47A,0.020026347935905527,4,RF_max_depth=4_min_samples_leaf=15
AC073548.1,0.02540962071786236,4,RF_max_depth=4_min_samples_leaf=15
MC4R,0.029230578174941905,4,RF_max_depth=4_min_samples_leaf=15
DLX6-AS1,0.03506192525510548,4,RF_max_depth=4_min_samples_leaf=15
GPR171,0.0641267909941677,4,RF_max_depth=4_min_samples_leaf=15
DCDC2C,0.0641267909941677,4,RF_max_depth=4_min_samples_leaf=15
OR51K1P,0.0641267909941677,4,RF_max_depth=4_min_samples_leaf=15
NEUROG2,0.06561035976348642,4,RF_max_depth=4_min_samples_leaf=15
SLC7A3,0.07527195956209312,4,RF_max_depth=4_min_samples_leaf=15
AC127070.4,0.09107117894278631,4,RF_max_depth=4_min_samples_leaf=15
IGKV1D-43,0.09107117894278631,4,RF_max_depth=4_min_samples_leaf=15
NTNG1,0.09107117894278631,4,RF_max_depth=4_min_samples_leaf=15
FAM83C,0.09107117894278631,4,RF_max_depth=4_min_samples_leaf=15
AL133245.1,0.09107117894278631,4,RF_max_depth=4_min_samples_leaf=15
AL162171.3,0.09107117894278631,4,RF_max_depth=4_min_samples_leaf=15
