gene,padj,fold,model
CAMK1G,0.0002346121904188318,1,LR_C=0.001
EFHC2,0.0031374001214932636,1,LR_C=0.001
CABP2,0.004218217529974291,1,LR_C=0.001
HNRNPCL4,0.004218217529974291,1,LR_C=0.001
MGAT4D,0.019711618421288726,1,LR_C=0.001
TRIM51CP,0.019711618421288726,1,LR_C=0.001
FAM47C,0.019711618421288726,1,LR_C=0.001
AC005696.4,0.019711618421288726,1,LR_C=0.001
KRTAP10-8,0.019711618421288726,1,LR_C=0.001
DEFB106B,0.019711618421288726,1,LR_C=0.001
DEFB106A,0.019711618421288726,1,LR_C=0.001
AC135731.1,0.019711618421288726,1,LR_C=0.001
AC127070.4,0.019711618421288726,1,LR_C=0.001
DEFB4B,0.019711618421288726,1,LR_C=0.001
WFDC5,0.019711618421288726,1,LR_C=0.001
DCDC2C,0.027057107307385093,1,LR_C=0.001
C2orf92,0.027385840492625924,1,LR_C=0.001
CSF2,0.03317754905023052,1,LR_C=0.001
AL117328.2,0.03317754905023052,1,LR_C=0.001
C8orf87,0.03317754905023052,1,LR_C=0.001
TAS1R2,0.03317754905023052,1,LR_C=0.001
AC092068.2,0.03317754905023052,1,LR_C=0.001
AL133245.1,0.03586210693144581,1,LR_C=0.001
OR52E6,0.038604436431056294,1,LR_C=0.001
AL353726.2,0.038629659973828924,1,LR_C=0.001
GPR6,0.038629659973828924,1,LR_C=0.001
KLF17,0.039947763987508066,1,LR_C=0.001
AC009086.3,0.039947763987508066,1,LR_C=0.001
AL139384.2,0.04422728165507532,1,LR_C=0.001
AC020917.4,0.04422728165507532,1,LR_C=0.001
AC017002.1,0.04422728165507532,1,LR_C=0.001
GP9,0.04422728165507532,1,LR_C=0.001
AC138647.1,0.058754469042218836,1,LR_C=0.001
LGALS14,0.07252118709399037,1,LR_C=0.001
AL162171.3,0.07741974148695221,1,LR_C=0.001
AC020908.3,0.08455257332165889,1,LR_C=0.001
AC005899.1,0.09002626812741678,1,LR_C=0.001
FAM47A,0.09125889972548598,1,LR_C=0.001
ATP5F1E,0.09125889972548598,1,LR_C=0.001
AC006538.1,0.09693472950570264,1,LR_C=0.001
OR5H2,0.09948872819526197,1,LR_C=0.001
CAMK2N2,0.09976288301590981,1,LR_C=0.001
TSPY2,0.13283227073027282,2,LR_C=0.001
LGI3,0.18427379154017176,2,LR_C=0.001
ATOH1,0.18427379154017176,2,LR_C=0.001
POU4F1,0.2371822219764822,2,LR_C=0.001
HAPLN1,0.2371822219764822,2,LR_C=0.001
KIR3DX1,0.2787111715702861,2,LR_C=0.001
TSPY9P,0.5016764055996401,2,LR_C=0.001
HOXA5,0.5069232359466297,2,LR_C=0.001
KCNJ10,0.5069232359466297,2,LR_C=0.001
LINC00304,0.5069232359466297,2,LR_C=0.001
AC135050.1,0.5069232359466297,2,LR_C=0.001
AC025430.1,0.5069232359466297,2,LR_C=0.001
AC064807.1,0.5723168173304156,2,LR_C=0.001
TBXT,0.5957011847396212,2,LR_C=0.001
CADM3,0.6240571435232605,2,LR_C=0.001
ZNF710-AS1,0.6240571435232605,2,LR_C=0.001
TSPY7P,0.6240571435232605,2,LR_C=0.001
AZIN2,0.6358078434146772,2,LR_C=0.001
OLFM3,0.6538460975620365,2,LR_C=0.001
TSPAN11,0.6538460975620365,2,LR_C=0.001
CCIN,3.556204501672295e-05,3,LR_C=0.001
FOXI2,4.30119628292221e-05,3,LR_C=0.001
TSNAXIP1,9.820043745730653e-05,3,LR_C=0.001
TRIM60,0.0001057561980992679,3,LR_C=0.001
EFHC2,0.00013254290395039013,3,LR_C=0.001
AC135731.1,0.00021077485487619576,3,LR_C=0.001
AQP12B,0.0005806761347163215,3,LR_C=0.001
SUN3,0.0007863187820017613,3,LR_C=0.001
SLC34A3,0.00111626315397771,3,LR_C=0.001
UBBP1,0.001417335229653906,3,LR_C=0.001
SPDYA,0.0014557504666834356,3,LR_C=0.001
AC139426.1,0.001965810460098856,3,LR_C=0.001
ZMAT4,0.001965810460098856,3,LR_C=0.001
C6orf222,0.001965810460098856,3,LR_C=0.001
DNM1P47,0.001965810460098856,3,LR_C=0.001
BSPRY,0.001965810460098856,3,LR_C=0.001
GRHL3,0.001965810460098856,3,LR_C=0.001
PADI1,0.0020987784117093354,3,LR_C=0.001
DEFB4B,0.0023265236672844144,3,LR_C=0.001
C3orf84,0.0023265236672844144,3,LR_C=0.001
CABP2,0.0023265236672844144,3,LR_C=0.001
MYF6,0.002393416775832938,3,LR_C=0.001
UMOD,0.0024370834868512638,3,LR_C=0.001
UGT3A2,0.0025324689231368265,3,LR_C=0.001
IRX6,0.0025324689231368265,3,LR_C=0.001
CCT8L1P,0.0025324689231368265,3,LR_C=0.001
C17orf78,0.00265201571097863,3,LR_C=0.001
TGIF2LX,0.002752915062437729,3,LR_C=0.001
OR10G9,0.002875224522415194,3,LR_C=0.001
ADAM6,0.0033334976973799202,3,LR_C=0.001
AC006538.1,0.003425993476437647,3,LR_C=0.001
NPY4R,0.004085390491956862,3,LR_C=0.001
HNRNPA1P9,0.004131978270379738,3,LR_C=0.001
NACAD,0.004204473090879509,3,LR_C=0.001
TNNC1,0.004204473090879509,3,LR_C=0.001
C2orf70,0.004436555200641601,3,LR_C=0.001
GPA33,0.004436555200641601,3,LR_C=0.001
SLC7A3,0.004438222826980152,3,LR_C=0.001
AP000552.3,0.004864663140060189,3,LR_C=0.001
DPPA3,0.004864663140060189,3,LR_C=0.001
AC004889.1,0.004864663140060189,3,LR_C=0.001
CAMK1G,0.005079476174166191,3,LR_C=0.001
CLDN19,0.005079476174166191,3,LR_C=0.001
REELD1,0.00513252575798901,3,LR_C=0.001
WFDC5,0.00513252575798901,3,LR_C=0.001
BPIFB6,0.00513252575798901,3,LR_C=0.001
GPR6,0.00513252575798901,3,LR_C=0.001
NPY5R,0.00513252575798901,3,LR_C=0.001
LRRC30,0.00513252575798901,3,LR_C=0.001
PROKR2,0.00513252575798901,3,LR_C=0.001
CATSPER4,0.00513252575798901,3,LR_C=0.001
AC012354.2,0.00513252575798901,3,LR_C=0.001
POPDC3,0.00513252575798901,3,LR_C=0.001
FGF8,0.00513252575798901,3,LR_C=0.001
FAM47C,0.00513252575798901,3,LR_C=0.001
IGKV1OR2-118,0.00513252575798901,3,LR_C=0.001
REC114,0.00513252575798901,3,LR_C=0.001
SMYD1,0.00536889924013486,3,LR_C=0.001
PADI3,0.005403135267365348,3,LR_C=0.001
MOS,0.005687326339847545,3,LR_C=0.001
KCNIP1,0.005687326339847545,3,LR_C=0.001
KRTAP10-8,0.005871614377615396,3,LR_C=0.001
RFPL4AP1,0.006104574791591355,3,LR_C=0.001
PPP4R3C,0.006104574791591355,3,LR_C=0.001
GJB3,0.006104574791591355,3,LR_C=0.001
ACTRT3,0.006104574791591355,3,LR_C=0.001
DEFB106A,0.00612084847942525,3,LR_C=0.001
SLC29A4P1,0.006163251206785638,3,LR_C=0.001
OR6P1,0.006694240499421805,3,LR_C=0.001
PF4V1,0.006706414089905437,3,LR_C=0.001
TAS1R2,0.006706414089905437,3,LR_C=0.001
C11orf16,0.006706414089905437,3,LR_C=0.001
LELP1,0.006952600488037477,3,LR_C=0.001
NTNG1,0.007003043354357123,3,LR_C=0.001
AC015911.1,0.007499184652322325,3,LR_C=0.001
CYTOR,0.007499184652322325,3,LR_C=0.001
ELANE,0.007499184652322325,3,LR_C=0.001
DEFB119,0.007499184652322325,3,LR_C=0.001
H2AFB2,0.007627623853773193,3,LR_C=0.001
DEFB107A,0.007627623853773193,3,LR_C=0.001
TGFBR3L,0.007886548048861542,3,LR_C=0.001
RS1,0.007886548048861542,3,LR_C=0.001
DEFB107B,0.007984439482166691,3,LR_C=0.001
SLC6A8,0.008424446513401863,3,LR_C=0.001
AL512310.6,0.008454176954173264,3,LR_C=0.001
DCDC2C,0.008733640460903786,3,LR_C=0.001
EPHB3,0.008942416619876362,3,LR_C=0.001
PGPEP1L,0.008942416619876362,3,LR_C=0.001
KDM4E,0.008942416619876362,3,LR_C=0.001
MYL1,0.008942416619876362,3,LR_C=0.001
DEFB106B,0.008942416619876362,3,LR_C=0.001
ASTL,0.008942416619876362,3,LR_C=0.001
OBP2B,0.008942416619876362,3,LR_C=0.001
LRRC3C,0.008942416619876362,3,LR_C=0.001
DEFB104A,0.008942416619876362,3,LR_C=0.001
RLBP1,0.008942416619876362,3,LR_C=0.001
KRTDAP,0.008942416619876362,3,LR_C=0.001
MYOG,0.008942416619876362,3,LR_C=0.001
GNRHR,0.008942416619876362,3,LR_C=0.001
AC008985.1,0.008942416619876362,3,LR_C=0.001
BPIFB3,0.009020553691482839,3,LR_C=0.001
ACTBL2,0.009020553691482839,3,LR_C=0.001
CNTD1,0.009020553691482839,3,LR_C=0.001
DNASE2B,0.009020553691482839,3,LR_C=0.001
CELA3A,0.009020553691482839,3,LR_C=0.001
FABP6,0.009020553691482839,3,LR_C=0.001
AC112504.1,0.009020553691482839,3,LR_C=0.001
DEFB104B,0.009020553691482839,3,LR_C=0.001
AC136443.1,0.009020553691482839,3,LR_C=0.001
CD177P1,0.009099090835679835,3,LR_C=0.001
RESP18,0.009539978098851293,3,LR_C=0.001
IGHE,0.009539978098851293,3,LR_C=0.001
LHCGR,0.009539978098851293,3,LR_C=0.001
DCAF12L2,0.009539978098851293,3,LR_C=0.001
ZNF488,0.009539978098851293,3,LR_C=0.001
PABPC1P2,0.009637286568264344,3,LR_C=0.001
MT-CO2,0.009637286568264344,3,LR_C=0.001
NYX,0.009637286568264344,3,LR_C=0.001
PRSS55,0.009637286568264344,3,LR_C=0.001
C7orf65,0.009637286568264344,3,LR_C=0.001
AC092068.2,0.009637286568264344,3,LR_C=0.001
CDRT15P1,0.009637286568264344,3,LR_C=0.001
MYBPHL,0.009960960752808147,3,LR_C=0.001
PRAMEF17,0.010049041368567822,3,LR_C=0.001
OR5AC2,0.010201976543035639,3,LR_C=0.001
NT5DC4,0.010418860434589465,3,LR_C=0.001
AQP8,0.010486484640233714,3,LR_C=0.001
FAM90A27P,0.010486484640233714,3,LR_C=0.001
AL691447.2,0.010544554669226328,3,LR_C=0.001
CAMK2N2,0.01067233362851584,3,LR_C=0.001
RAB13,0.01077245117874679,3,LR_C=0.001
AKAP4,0.010888728339933706,3,LR_C=0.001
KLF17,0.011221040415915182,3,LR_C=0.001
OR56A1,0.01143842902037742,3,LR_C=0.001
LINC02203,0.011558593650926272,3,LR_C=0.001
HS6ST2,0.011617951009847517,3,LR_C=0.001
NANOGP2,0.011698964007918733,3,LR_C=0.001
MTCO1P12,0.01183950477458477,3,LR_C=0.001
FOXL2,0.011993337765651006,3,LR_C=0.001
FZD9,0.012426847241995154,3,LR_C=0.001
FUNDC2P2,0.01246545023561772,3,LR_C=0.001
KCNK16,0.01262791929664901,3,LR_C=0.001
GPR152,0.01262791929664901,3,LR_C=0.001
REXO1L3P,0.012801450875359404,3,LR_C=0.001
VSTM1,0.013252153900712754,3,LR_C=0.001
RPS4XP3,0.013341217021609068,3,LR_C=0.001
AHSP,0.013345337090713427,3,LR_C=0.001
C9orf24,0.013428019456591498,3,LR_C=0.001
IGKV6D-21,0.013721518396763173,3,LR_C=0.001
IGKV1D-43,0.014046106592710413,3,LR_C=0.001
PDYN,0.014046106592710413,3,LR_C=0.001
PCDHAC2,0.014090935086277448,3,LR_C=0.001
OR2T27,0.014166735687059269,3,LR_C=0.001
FAM83C,0.014166735687059269,3,LR_C=0.001
GUCY2F,0.01422236508540898,3,LR_C=0.001
KRT33B,0.014270700001879851,3,LR_C=0.001
WNT16,0.014560691179057735,3,LR_C=0.001
OR51D1,0.014658689087934551,3,LR_C=0.001
ZMYND12,0.014842942552811874,3,LR_C=0.001
TAAR5,0.015597736735377104,3,LR_C=0.001
AC009060.2,0.01560325433251736,3,LR_C=0.001
TREM2,0.01578988686676743,3,LR_C=0.001
TEX13A,0.015924119684186753,3,LR_C=0.001
GPR139,0.01612243881583402,3,LR_C=0.001
AC127070.4,0.016228833677981797,3,LR_C=0.001
OR51K1P,0.016290341182164325,3,LR_C=0.001
LLCFC1,0.016829099525573325,3,LR_C=0.001
RHEBL1,0.016829099525573325,3,LR_C=0.001
GHSR,0.017047776162790844,3,LR_C=0.001
MYOZ3,0.017226993120161075,3,LR_C=0.001
ZNF648,0.01733853051204848,3,LR_C=0.001
VGLL2,0.017472051213725387,3,LR_C=0.001
RAB25,0.017773423665657425,3,LR_C=0.001
C8orf87,0.017773423665657425,3,LR_C=0.001
LRRC53,0.017773423665657425,3,LR_C=0.001
AC239859.6,0.017773423665657425,3,LR_C=0.001
CDRT15L2,0.017800498384435263,3,LR_C=0.001
AC092368.3,0.017976997630697024,3,LR_C=0.001
KRT84,0.017976997630697024,3,LR_C=0.001
OR10A3,0.017976997630697024,3,LR_C=0.001
DNM1P51,0.017976997630697024,3,LR_C=0.001
TIMP4,0.017976997630697024,3,LR_C=0.001
AC008033.1,0.017976997630697024,3,LR_C=0.001
PJVK,0.017976997630697024,3,LR_C=0.001
AC025594.1,0.017976997630697024,3,LR_C=0.001
OR52N5,0.017976997630697024,3,LR_C=0.001
LGALS16,0.017976997630697024,3,LR_C=0.001
CRABP2,0.01812924288724069,3,LR_C=0.001
OR52I2,0.018174128091738205,3,LR_C=0.001
AC008395.1,0.01834813333520814,3,LR_C=0.001
KRT32,0.01834813333520814,3,LR_C=0.001
DRD1,0.018392684925084953,3,LR_C=0.001
OR5H2,0.018392684925084953,3,LR_C=0.001
RNASE10,0.018392684925084953,3,LR_C=0.001
RNASE8,0.019042911789328498,3,LR_C=0.001
IGHV3OR16-8,0.01937348494359055,3,LR_C=0.001
RD3L,0.019700025202581524,3,LR_C=0.001
BARHL2,0.020097221812224945,3,LR_C=0.001
IFNL2,0.020209784499825693,3,LR_C=0.001
GSX2,0.020253715992435948,3,LR_C=0.001
CRYGD,0.020253715992435948,3,LR_C=0.001
PRDM13,0.020253715992435948,3,LR_C=0.001
C5orf17,0.020253715992435948,3,LR_C=0.001
AL138820.1,0.020754185741669994,3,LR_C=0.001
TSPAN16,0.020754185741669994,3,LR_C=0.001
IFNL1,0.020754185741669994,3,LR_C=0.001
ZNF679,0.020754185741669994,3,LR_C=0.001
UPK2,0.020754712277194852,3,LR_C=0.001
AC239798.2,0.020783361511227658,3,LR_C=0.001
FAM90A28P,0.021221074418733367,3,LR_C=0.001
C6orf52,0.02145653120292996,3,LR_C=0.001
INAFM2,0.02145653120292996,3,LR_C=0.001
PPDPFL,0.02145653120292996,3,LR_C=0.001
FFAR1,0.021478674102608227,3,LR_C=0.001
KHDC1,0.021504498212400334,3,LR_C=0.001
HIGD2B,0.021567578653555085,3,LR_C=0.001
INHA,0.021567578653555085,3,LR_C=0.001
SGCZ,0.022179920499129983,3,LR_C=0.001
MUCL1,0.022179920499129983,3,LR_C=0.001
OR8K5,0.022179920499129983,3,LR_C=0.001
SHISA3,0.022179920499129983,3,LR_C=0.001
AC090515.5,0.022179920499129983,3,LR_C=0.001
OR2W3,0.022179920499129983,3,LR_C=0.001
GML,0.022179920499129983,3,LR_C=0.001
C16orf78,0.02233376213660119,3,LR_C=0.001
OR1L3,0.02233376213660119,3,LR_C=0.001
C8orf74,0.02233376213660119,3,LR_C=0.001
PTGER1,0.02233376213660119,3,LR_C=0.001
C2orf83,0.02233376213660119,3,LR_C=0.001
LMLN2,0.022525114279871923,3,LR_C=0.001
AL589743.3,0.022875649735034115,3,LR_C=0.001
CIAPIN1P,0.023584742826429403,3,LR_C=0.001
SPACA1,0.023691956979151194,3,LR_C=0.001
TLX2,0.023913747921057615,3,LR_C=0.001
RHOA-IT1,0.024602635614022397,3,LR_C=0.001
KLHL41,0.024960859033448912,3,LR_C=0.001
WNT1,0.025031712629879795,3,LR_C=0.001
GPR149,0.0253606762475196,3,LR_C=0.001
VAX2,0.025923541168369525,3,LR_C=0.001
ZNF280A,0.025923541168369525,3,LR_C=0.001
OR2M5,0.02625481001732466,3,LR_C=0.001
U73166.1,0.026444809239549328,3,LR_C=0.001
FAM177B,0.026444809239549328,3,LR_C=0.001
FDCSP,0.026478444457494407,3,LR_C=0.001
KRTAP21-2,0.02678789725375651,3,LR_C=0.001
AC092127.1,0.027082213358308613,3,LR_C=0.001
TBC1D21,0.027238666548564765,3,LR_C=0.001
AC026468.1,0.027238666548564765,3,LR_C=0.001
NCR2,0.027238666548564765,3,LR_C=0.001
AC009113.1,0.027238666548564765,3,LR_C=0.001
AC007952.9,0.027238666548564765,3,LR_C=0.001
SLAMF9,0.027238666548564765,3,LR_C=0.001
RASSF10,0.027300279735954672,3,LR_C=0.001
GPR143,0.027300279735954672,3,LR_C=0.001
AC010538.1,0.027448725741733696,3,LR_C=0.001
SERPINA13P,0.027448725741733696,3,LR_C=0.001
BX276092.9,0.027738999694085335,3,LR_C=0.001
NEUROG2,0.028107271739950736,3,LR_C=0.001
RWDD4P1,0.028107271739950736,3,LR_C=0.001
KCNV1,0.028476568994889526,3,LR_C=0.001
IRGC,0.028476568994889526,3,LR_C=0.001
AC023310.1,0.02902062421591175,3,LR_C=0.001
JHDM1D-AS1,0.02924148495932061,3,LR_C=0.001
MT-CO1,0.02924148495932061,3,LR_C=0.001
IGHV1-58,0.029627403064097946,3,LR_C=0.001
CHRNA3,0.02982092004212631,3,LR_C=0.001
DQX1,0.02982092004212631,3,LR_C=0.001
GPAT2P2,0.030015122780838552,3,LR_C=0.001
OR52R1,0.03003284732985637,3,LR_C=0.001
C17orf98,0.030097579772352997,3,LR_C=0.001
OR52L1,0.030216753980034972,3,LR_C=0.001
TMEM174,0.030388555216073237,3,LR_C=0.001
PTCRA,0.030599240420079946,3,LR_C=0.001
MYL4,0.03100287323512565,3,LR_C=0.001
LPAR4,0.03155896324088166,3,LR_C=0.001
OR7E26P,0.032041088227059804,3,LR_C=0.001
AF186192.1,0.03256728373100144,3,LR_C=0.001
BPIFC,0.03273355757742095,3,LR_C=0.001
FAM47B,0.03278332421570266,3,LR_C=0.001
AL512770.1,0.03278332421570266,3,LR_C=0.001
PTGES2-AS1,0.032837965076932686,3,LR_C=0.001
AL031595.2,0.03330192832146371,3,LR_C=0.001
SBF2-AS1,0.033307817917094716,3,LR_C=0.001
BPIFB2,0.03339426485562948,3,LR_C=0.001
HOXA11,0.03587517154042598,3,LR_C=0.001
GK2,0.035897157044494164,3,LR_C=0.001
OR1F2P,0.035898160725198115,3,LR_C=0.001
AP000357.1,0.035898160725198115,3,LR_C=0.001
CELA2B,0.035898160725198115,3,LR_C=0.001
DBET,0.035898160725198115,3,LR_C=0.001
PDE6H,0.035898160725198115,3,LR_C=0.001
RLN2,0.03665650552697278,3,LR_C=0.001
A1BG,0.03700714662985853,3,LR_C=0.001
IGHV3OR16-9,0.03700714662985853,3,LR_C=0.001
AC120114.4,0.03700714662985853,3,LR_C=0.001
AC104791.2,0.038238155486517655,3,LR_C=0.001
AC138647.1,0.038238155486517655,3,LR_C=0.001
MAGEC2,0.038238155486517655,3,LR_C=0.001
JPX,0.038238155486517655,3,LR_C=0.001
OR2F2,0.03965687464442805,3,LR_C=0.001
AC009086.3,0.03965687464442805,3,LR_C=0.001
GOT1L1,0.039813326661151505,3,LR_C=0.001
LINC02197,0.03994475724324776,3,LR_C=0.001
SLC6A18,0.040055467748424785,3,LR_C=0.001
TBX22,0.040055467748424785,3,LR_C=0.001
GLRA4,0.04049252675991877,3,LR_C=0.001
AC012441.2,0.040647517455257444,3,LR_C=0.001
OR5P3,0.040647517455257444,3,LR_C=0.001
CCR8,0.04065825550243512,3,LR_C=0.001
AP005212.1,0.04069285952104445,3,LR_C=0.001
OR52B1P,0.04069285952104445,3,LR_C=0.001
SOHLH1,0.04069285952104445,3,LR_C=0.001
PSORS1C1,0.04111103193281701,3,LR_C=0.001
KCTD21-AS1,0.0419211275096112,3,LR_C=0.001
DYNLRB2,0.042939904056933945,3,LR_C=0.001
AC092053.3,0.04300767470686839,3,LR_C=0.001
ALG1L2,0.043193172627589156,3,LR_C=0.001
AC104794.2,0.043193172627589156,3,LR_C=0.001
AP003057.1,0.043193172627589156,3,LR_C=0.001
SPZ1,0.043193172627589156,3,LR_C=0.001
AL008638.3,0.043708795701659545,3,LR_C=0.001
AC008740.2,0.043708795701659545,3,LR_C=0.001
TNFSF18,0.043708795701659545,3,LR_C=0.001
PRSS29P,0.043708795701659545,3,LR_C=0.001
GRID1,0.04391718802109978,3,LR_C=0.001
S100B,0.04425478696688573,3,LR_C=0.001
MIAT,0.044456275875786204,3,LR_C=0.001
AC003681.1,0.04452820395791943,3,LR_C=0.001
AC099684.2,0.044770381813394454,3,LR_C=0.001
GPR20,0.044838415114245044,3,LR_C=0.001
C17orf113,0.046262603588788885,3,LR_C=0.001
P2RY4,0.046770060775709374,3,LR_C=0.001
OR5F1,0.046770060775709374,3,LR_C=0.001
DMRT3,0.04684604738147252,3,LR_C=0.001
AC018647.2,0.04684604738147252,3,LR_C=0.001
OR8B12,0.04726220553625128,3,LR_C=0.001
AC090525.2,0.04726220553625128,3,LR_C=0.001
MAPK11,0.04726220553625128,3,LR_C=0.001
GALR3,0.04727585937589916,3,LR_C=0.001
CA7,0.04727585937589916,3,LR_C=0.001
AC106788.2,0.04727585937589916,3,LR_C=0.001
TNFSF9,0.04727585937589916,3,LR_C=0.001
DEFB115,0.04727585937589916,3,LR_C=0.001
C11orf53,0.04727585937589916,3,LR_C=0.001
AL136982.1,0.04727585937589916,3,LR_C=0.001
AC015871.4,0.04727585937589916,3,LR_C=0.001
LIPM,0.04764107132822796,3,LR_C=0.001
KLK12,0.04764107132822796,3,LR_C=0.001
ANGPT4,0.04764107132822796,3,LR_C=0.001
IGKV1OR22-5,0.04794619944360568,3,LR_C=0.001
BEST3,0.04797521495961461,3,LR_C=0.001
MRPL30,0.04797521495961461,3,LR_C=0.001
AC012645.2,0.04797521495961461,3,LR_C=0.001
LENG9,0.04797521495961461,3,LR_C=0.001
TAS2R13,0.04811952110559851,3,LR_C=0.001
AL445235.1,0.04812250231912492,3,LR_C=0.001
FOSL1P1,0.04812250231912492,3,LR_C=0.001
TRAV13-2,0.04812250231912492,3,LR_C=0.001
CSF2,0.048357797822076116,3,LR_C=0.001
OR10J1,0.048357797822076116,3,LR_C=0.001
ANKRD65,0.048357797822076116,3,LR_C=0.001
AC025198.1,0.04869322304174243,3,LR_C=0.001
OR2I1P,0.04892625157862099,3,LR_C=0.001
TDRKH-AS1,0.04892625157862099,3,LR_C=0.001
AC067904.1,0.04892625157862099,3,LR_C=0.001
KRTAP2-1,0.04892625157862099,3,LR_C=0.001
SCGB1C2,0.048961275094975595,3,LR_C=0.001
ACOD1,0.0491882867185172,3,LR_C=0.001
VN1R4,0.0491882867185172,3,LR_C=0.001
CUBNP2,0.04921838427795398,3,LR_C=0.001
CYP51A1,0.04921838427795398,3,LR_C=0.001
DCAF12L1,0.04921838427795398,3,LR_C=0.001
TTC9B,0.04921838427795398,3,LR_C=0.001
BTBD17,0.04921838427795398,3,LR_C=0.001
OR10H1,0.04921838427795398,3,LR_C=0.001
OR13F1,0.04921838427795398,3,LR_C=0.001
MTND4P24,0.04930287564034296,3,LR_C=0.001
RAX2,0.04936796644301496,3,LR_C=0.001
RTP4,0.04936796644301496,3,LR_C=0.001
IGKV1OR-3,0.04937222289598894,3,LR_C=0.001
FAM47A,0.04937222289598894,3,LR_C=0.001
AC093826.2,0.05020962000870157,3,LR_C=0.001
RBMXL3,0.05028725639165374,3,LR_C=0.001
DDN,0.05040928592697564,3,LR_C=0.001
PCP4,0.05091762053557602,3,LR_C=0.001
CCL8,0.051342729802777765,3,LR_C=0.001
RPS13P2,0.0515200236589032,3,LR_C=0.001
CBLN4,0.051620609973247994,3,LR_C=0.001
CARD18,0.0516769859952159,3,LR_C=0.001
TAS2R8,0.0516769859952159,3,LR_C=0.001
AC099778.1,0.0516769859952159,3,LR_C=0.001
MT-CO3,0.0516769859952159,3,LR_C=0.001
GPR45,0.05188152434429806,3,LR_C=0.001
MORN5,0.05188152434429806,3,LR_C=0.001
SLC2A7,0.05188152434429806,3,LR_C=0.001
IGF2-AS,0.05188152434429806,3,LR_C=0.001
CLEC3A,0.05188152434429806,3,LR_C=0.001
CACNG7,0.05235579527549829,3,LR_C=0.001
AC246793.1,0.052567397050382714,3,LR_C=0.001
ZNF285B,0.052567397050382714,3,LR_C=0.001
ADRA1D,0.052981238236429196,3,LR_C=0.001
IGKV6-21,0.052981238236429196,3,LR_C=0.001
GPR173,0.05304148015715388,3,LR_C=0.001
OR5K4,0.0536518184154983,3,LR_C=0.001
OR8K3,0.054291071071658994,3,LR_C=0.001
RPL31P49,0.054291071071658994,3,LR_C=0.001
PTCHD3,0.054291071071658994,3,LR_C=0.001
RXFP3,0.054291071071658994,3,LR_C=0.001
ZNF474,0.054291071071658994,3,LR_C=0.001
LINC01996,0.05497987619196225,3,LR_C=0.001
TUBAL3,0.05497987619196225,3,LR_C=0.001
CLCA3P,0.05497987619196225,3,LR_C=0.001
CLDN20,0.05499957688333246,3,LR_C=0.001
FAM220BP,0.05507713920638184,3,LR_C=0.001
TEX26,0.055284290023507356,3,LR_C=0.001
TRAV13-1,0.05586022028776828,3,LR_C=0.001
AC139792.1,0.05586022028776828,3,LR_C=0.001
SERTAD4-AS1,0.056501719481951505,3,LR_C=0.001
NKX2-2,0.05697805962819983,3,LR_C=0.001
SPINK9,0.05832638529350883,3,LR_C=0.001
TAAR9,0.05848753115648872,3,LR_C=0.001
GDF10,0.05848753115648872,3,LR_C=0.001
CALHM3,0.05854458995750723,3,LR_C=0.001
AL161669.3,0.05854458995750723,3,LR_C=0.001
TMEM95,0.05947966314114111,3,LR_C=0.001
PPP1R2C,0.059693467146638715,3,LR_C=0.001
SERPINB11,0.05977704520854597,3,LR_C=0.001
UGT1A3,0.05978961639467165,3,LR_C=0.001
SULT1A4,0.05983684959908727,3,LR_C=0.001
TMEM132C,0.06018469207556507,3,LR_C=0.001
AC008895.1,0.060687335185842295,3,LR_C=0.001
AC020917.4,0.06135302152176458,3,LR_C=0.001
OR2W5,0.061629601207892924,3,LR_C=0.001
PRTN3,0.06361924246569112,3,LR_C=0.001
SF3A3P2,0.06383168420070903,3,LR_C=0.001
ZBTB20-AS4,0.06421719756737028,3,LR_C=0.001
PLSCR5,0.06421719756737028,3,LR_C=0.001
SMR3A,0.06566695110102469,3,LR_C=0.001
AC023794.1,0.06582209960467521,3,LR_C=0.001
LACRT,0.06632711556086388,3,LR_C=0.001
LINC00240,0.06632711556086388,3,LR_C=0.001
TUBA3FP,0.06639252310921588,3,LR_C=0.001
LRRC37A7P,0.06639252310921588,3,LR_C=0.001
GP9,0.06701475901078391,3,LR_C=0.001
BTBD10P1,0.06701475901078391,3,LR_C=0.001
CRYGA,0.06738334154464934,3,LR_C=0.001
LINC00426,0.06747919706573179,3,LR_C=0.001
AL137028.1,0.06747919706573179,3,LR_C=0.001
NPM1P9,0.06757678335466764,3,LR_C=0.001
AC093536.1,0.06781323266983076,3,LR_C=0.001
CTXND1,0.06790220430509408,3,LR_C=0.001
IL3,0.06825294526832477,3,LR_C=0.001
RPS7P4,0.06826639197034036,3,LR_C=0.001
OR5M8,0.06849643856725054,3,LR_C=0.001
CDC20P1,0.0685542613626393,3,LR_C=0.001
SSX5,0.0685542613626393,3,LR_C=0.001
OR6X1,0.0685542613626393,3,LR_C=0.001
DLX4,0.06969769409826443,3,LR_C=0.001
OR4C3,0.07002980513046307,3,LR_C=0.001
AP000550.2,0.07006802302438236,3,LR_C=0.001
MAB21L1,0.07053880439450257,3,LR_C=0.001
PCDHA12,0.07053880439450257,3,LR_C=0.001
PTX4,0.07053880439450257,3,LR_C=0.001
SMIM26,0.07053880439450257,3,LR_C=0.001
SERPINB2,0.07056571255798465,3,LR_C=0.001
CDX4,0.07056571255798465,3,LR_C=0.001
CSN3,0.07056571255798465,3,LR_C=0.001
XG,0.07056571255798465,3,LR_C=0.001
SCGB1C1,0.07056571255798465,3,LR_C=0.001
AIFM3,0.07073693183437599,3,LR_C=0.001
OR11H7,0.07079274325211031,3,LR_C=0.001
AC005776.2,0.07103635473273204,3,LR_C=0.001
GAL3ST2,0.07135026116712632,3,LR_C=0.001
HIST2H3D,0.07164798145894395,3,LR_C=0.001
MATN4,0.07246556462994681,3,LR_C=0.001
FAM19A1,0.07246556462994681,3,LR_C=0.001
RASL10A,0.07246556462994681,3,LR_C=0.001
SLC51B,0.0734200805325354,3,LR_C=0.001
AF186192.2,0.07343266491908008,3,LR_C=0.001
SFTPB,0.07366930926767208,3,LR_C=0.001
AC092683.1,0.07366930926767208,3,LR_C=0.001
C5orf47,0.07366930926767208,3,LR_C=0.001
RHOF,0.07366930926767208,3,LR_C=0.001
OR5V1,0.07366930926767208,3,LR_C=0.001
RASSF8-AS1,0.07422939467306837,3,LR_C=0.001
SLC35D3,0.07423446015182282,3,LR_C=0.001
AC009065.8,0.07423446015182282,3,LR_C=0.001
AC097518.1,0.07543765043869535,3,LR_C=0.001
AC018554.3,0.0755352581252407,3,LR_C=0.001
VIP,0.0755352581252407,3,LR_C=0.001
KRTAP19-6,0.0755352581252407,3,LR_C=0.001
AC004803.1,0.0755352581252407,3,LR_C=0.001
PRAMEF30P,0.0761383776211825,3,LR_C=0.001
SMIM34B,0.0768930966785187,3,LR_C=0.001
PPP1R42,0.0768930966785187,3,LR_C=0.001
SRMS,0.07741342733586667,3,LR_C=0.001
GDF5,0.07754475284171043,3,LR_C=0.001
AP004245.1,0.07754475284171043,3,LR_C=0.001
GABRA5,0.07851860246413218,3,LR_C=0.001
DHX40P1,0.07861959432011176,3,LR_C=0.001
PCSK6-AS1,0.07935389474305773,3,LR_C=0.001
UBE2U,0.079964082972102,3,LR_C=0.001
AL391421.1,0.079964082972102,3,LR_C=0.001
LINC02211,0.079964082972102,3,LR_C=0.001
ELF3-AS1,0.08034319307227783,3,LR_C=0.001
KRTAP3-1,0.08034319307227783,3,LR_C=0.001
MGAT4EP,0.08041010325752568,3,LR_C=0.001
HTR2C,0.08041010325752568,3,LR_C=0.001
PVALEF,0.08103239891828311,3,LR_C=0.001
DSCAM,0.08103239891828311,3,LR_C=0.001
IGLV3-32,0.08103239891828311,3,LR_C=0.001
ANXA2P1,0.08130645851384159,3,LR_C=0.001
HSPB3,0.08162259305083255,3,LR_C=0.001
ABCF2,0.08162952284585419,3,LR_C=0.001
MTCO3P12,0.08162952284585419,3,LR_C=0.001
CCDC54,0.08174211370009846,3,LR_C=0.001
AC120498.9,0.08174211370009846,3,LR_C=0.001
KCNQ1OT1,0.08174211370009846,3,LR_C=0.001
S100A2,0.08187603603455232,3,LR_C=0.001
FUT8-AS1,0.08187603603455232,3,LR_C=0.001
GALR2,0.08187603603455232,3,LR_C=0.001
AC136443.2,0.08202323104534251,3,LR_C=0.001
LINC01387,0.08214473652339278,3,LR_C=0.001
TRBV6-7,0.08214473652339278,3,LR_C=0.001
LGALS13,0.08214473652339278,3,LR_C=0.001
AC126755.5,0.08214473652339278,3,LR_C=0.001
PTPN5,0.08214473652339278,3,LR_C=0.001
AC116914.2,0.082456872867941,3,LR_C=0.001
OR14K1,0.08301906888233147,3,LR_C=0.001
HTR1E,0.08301906888233147,3,LR_C=0.001
ICAM3,0.083021556257611,3,LR_C=0.001
SHISAL2B,0.08308000585851563,3,LR_C=0.001
CLDN17,0.08315288020288387,3,LR_C=0.001
FP671120.3,0.08315288020288387,3,LR_C=0.001
TNNT3,0.08315288020288387,3,LR_C=0.001
RN7SL784P,0.08315288020288387,3,LR_C=0.001
FP236383.2,0.08315288020288387,3,LR_C=0.001
FP236383.3,0.08315288020288387,3,LR_C=0.001
MT-ND4,0.08315288020288387,3,LR_C=0.001
RPL13AP2,0.08315288020288387,3,LR_C=0.001
TSGA10IP,0.08315288020288387,3,LR_C=0.001
AP004607.5,0.08315288020288387,3,LR_C=0.001
AL049612.1,0.08315288020288387,3,LR_C=0.001
OR6K3,0.08315288020288387,3,LR_C=0.001
PRSS58,0.08315288020288387,3,LR_C=0.001
KLHL30,0.08315288020288387,3,LR_C=0.001
KRT73,0.08315288020288387,3,LR_C=0.001
CBR3-AS1,0.08315288020288387,3,LR_C=0.001
PTOV1-AS1,0.08315288020288387,3,LR_C=0.001
C2orf27AP1,0.08365840337678473,3,LR_C=0.001
CCDC188,0.08368173736375376,3,LR_C=0.001
AC087276.1,0.08368173736375376,3,LR_C=0.001
ALG1L10P,0.08368173736375376,3,LR_C=0.001
BTF3L4P1,0.08382534073436564,3,LR_C=0.001
DRD5,0.08393672510090534,3,LR_C=0.001
ACCSL,0.08393672510090534,3,LR_C=0.001
IL22,0.08393672510090534,3,LR_C=0.001
TTTY20,0.08438551078643522,3,LR_C=0.001
OR7C2,0.08438551078643522,3,LR_C=0.001
TRAV25,0.0852000394842371,3,LR_C=0.001
FNDC11,0.0852000394842371,3,LR_C=0.001
OR9I1,0.0852000394842371,3,LR_C=0.001
ENDOU,0.0852000394842371,3,LR_C=0.001
AC022905.1,0.08536636745005502,3,LR_C=0.001
LYPD8,0.08536636745005502,3,LR_C=0.001
CDC37P2,0.08536636745005502,3,LR_C=0.001
CFAP157,0.08627328654573467,3,LR_C=0.001
MIR494,0.08662264486853478,3,LR_C=0.001
EGLN2,0.08665179380671374,3,LR_C=0.001
C14orf180,0.08672066159964756,3,LR_C=0.001
TRAV14DV4,0.08672066159964756,3,LR_C=0.001
LRRC10,0.08682050630893452,3,LR_C=0.001
AL138889.1,0.08687471843542775,3,LR_C=0.001
OR8B2,0.08696996339902892,3,LR_C=0.001
AC073655.2,0.08700461374577681,3,LR_C=0.001
NRL,0.08780182870603112,3,LR_C=0.001
LINC00106,0.0888372204383191,3,LR_C=0.001
AL356488.3,0.08972656129353443,3,LR_C=0.001
TAS1R3,0.09034677274373416,3,LR_C=0.001
AL356481.2,0.09034677274373416,3,LR_C=0.001
CCDC189,0.09063221546473739,3,LR_C=0.001
AC007342.2,0.09063221546473739,3,LR_C=0.001
TMEM72,0.09094461397970742,3,LR_C=0.001
PSKH2,0.09094461397970742,3,LR_C=0.001
AC005014.1,0.0909961206246097,3,LR_C=0.001
LINC01949,0.09100348089344998,3,LR_C=0.001
OR6N1,0.09114958099183826,3,LR_C=0.001
KRTAP19-8,0.09142711978537638,3,LR_C=0.001
TRAV8-6,0.09223547108528418,3,LR_C=0.001
RNF148,0.09233782170511767,3,LR_C=0.001
BX664615.1,0.09330867749183563,3,LR_C=0.001
TPRXL,0.09330867749183563,3,LR_C=0.001
AP006545.1,0.09330867749183563,3,LR_C=0.001
AL360271.1,0.09330867749183563,3,LR_C=0.001
AL035587.1,0.09345733721816026,3,LR_C=0.001
HTR1B,0.09345733721816026,3,LR_C=0.001
OR9G4,0.09345733721816026,3,LR_C=0.001
NUDT9P1,0.09482106799298833,3,LR_C=0.001
AC015813.1,0.09575032999068078,3,LR_C=0.001
ROM1,0.09606353016027899,3,LR_C=0.001
AP002986.1,0.09606353016027899,3,LR_C=0.001
LEXM,0.0960653061500762,3,LR_C=0.001
RAB38,0.09658797951419316,3,LR_C=0.001
AC026410.1,0.09669303202848298,3,LR_C=0.001
LINC01565,0.09682982182275728,3,LR_C=0.001
AC234771.2,0.09719234423413033,3,LR_C=0.001
MT-RNR2,0.09745295345593145,3,LR_C=0.001
AC092301.1,0.09767164989922576,3,LR_C=0.001
AC110926.1,0.09827174795012915,3,LR_C=0.001
GATA1,0.09831289172213856,3,LR_C=0.001
GH2,0.0984224856400368,3,LR_C=0.001
BPY2B,0.09917134948373071,3,LR_C=0.001
AC009501.1,0.09917134948373071,3,LR_C=0.001
BPY2,0.09917134948373071,3,LR_C=0.001
FAM58BP,6.837243194389645e-14,4,LR_C=0.001
SLC35E4,0.002062130102695738,4,LR_C=0.001
AC006538.1,0.002062130102695738,4,LR_C=0.001
CABP2,0.003809964398686465,4,LR_C=0.001
AC135731.1,0.007439407953250224,4,LR_C=0.001
HIPK4,0.009212119250933681,4,LR_C=0.001
ZNF679,0.010794378835709889,4,LR_C=0.001
FAM47A,0.020026347935905527,4,LR_C=0.001
AC073548.1,0.02540962071786236,4,LR_C=0.001
MC4R,0.029230578174941905,4,LR_C=0.001
DLX6-AS1,0.03506192525510548,4,LR_C=0.001
GPR171,0.0641267909941677,4,LR_C=0.001
DCDC2C,0.0641267909941677,4,LR_C=0.001
OR51K1P,0.0641267909941677,4,LR_C=0.001
NEUROG2,0.06561035976348642,4,LR_C=0.001
SLC7A3,0.07527195956209312,4,LR_C=0.001
AC127070.4,0.09107117894278631,4,LR_C=0.001
IGKV1D-43,0.09107117894278631,4,LR_C=0.001
NTNG1,0.09107117894278631,4,LR_C=0.001
FAM83C,0.09107117894278631,4,LR_C=0.001
AL133245.1,0.09107117894278631,4,LR_C=0.001
AL162171.3,0.09107117894278631,4,LR_C=0.001
CAMK1G,0.0002346121904188318,1,LR_C=0.01
EFHC2,0.0031374001214932636,1,LR_C=0.01
CABP2,0.004218217529974291,1,LR_C=0.01
HNRNPCL4,0.004218217529974291,1,LR_C=0.01
MGAT4D,0.019711618421288726,1,LR_C=0.01
TRIM51CP,0.019711618421288726,1,LR_C=0.01
FAM47C,0.019711618421288726,1,LR_C=0.01
AC005696.4,0.019711618421288726,1,LR_C=0.01
KRTAP10-8,0.019711618421288726,1,LR_C=0.01
DEFB106B,0.019711618421288726,1,LR_C=0.01
DEFB106A,0.019711618421288726,1,LR_C=0.01
AC135731.1,0.019711618421288726,1,LR_C=0.01
AC127070.4,0.019711618421288726,1,LR_C=0.01
DEFB4B,0.019711618421288726,1,LR_C=0.01
WFDC5,0.019711618421288726,1,LR_C=0.01
DCDC2C,0.027057107307385093,1,LR_C=0.01
C2orf92,0.027385840492625924,1,LR_C=0.01
CSF2,0.03317754905023052,1,LR_C=0.01
AL117328.2,0.03317754905023052,1,LR_C=0.01
C8orf87,0.03317754905023052,1,LR_C=0.01
TAS1R2,0.03317754905023052,1,LR_C=0.01
AC092068.2,0.03317754905023052,1,LR_C=0.01
AL133245.1,0.03586210693144581,1,LR_C=0.01
OR52E6,0.038604436431056294,1,LR_C=0.01
AL353726.2,0.038629659973828924,1,LR_C=0.01
GPR6,0.038629659973828924,1,LR_C=0.01
KLF17,0.039947763987508066,1,LR_C=0.01
AC009086.3,0.039947763987508066,1,LR_C=0.01
AL139384.2,0.04422728165507532,1,LR_C=0.01
AC020917.4,0.04422728165507532,1,LR_C=0.01
AC017002.1,0.04422728165507532,1,LR_C=0.01
GP9,0.04422728165507532,1,LR_C=0.01
AC138647.1,0.058754469042218836,1,LR_C=0.01
LGALS14,0.07252118709399037,1,LR_C=0.01
AL162171.3,0.07741974148695221,1,LR_C=0.01
AC020908.3,0.08455257332165889,1,LR_C=0.01
AC005899.1,0.09002626812741678,1,LR_C=0.01
FAM47A,0.09125889972548598,1,LR_C=0.01
ATP5F1E,0.09125889972548598,1,LR_C=0.01
AC006538.1,0.09693472950570264,1,LR_C=0.01
OR5H2,0.09948872819526197,1,LR_C=0.01
CAMK2N2,0.09976288301590981,1,LR_C=0.01
TSPY2,0.13283227073027282,2,LR_C=0.01
LGI3,0.18427379154017176,2,LR_C=0.01
ATOH1,0.18427379154017176,2,LR_C=0.01
POU4F1,0.2371822219764822,2,LR_C=0.01
HAPLN1,0.2371822219764822,2,LR_C=0.01
KIR3DX1,0.2787111715702861,2,LR_C=0.01
TSPY9P,0.5016764055996401,2,LR_C=0.01
HOXA5,0.5069232359466297,2,LR_C=0.01
KCNJ10,0.5069232359466297,2,LR_C=0.01
LINC00304,0.5069232359466297,2,LR_C=0.01
AC135050.1,0.5069232359466297,2,LR_C=0.01
AC025430.1,0.5069232359466297,2,LR_C=0.01
AC064807.1,0.5723168173304156,2,LR_C=0.01
TBXT,0.5957011847396212,2,LR_C=0.01
CADM3,0.6240571435232605,2,LR_C=0.01
ZNF710-AS1,0.6240571435232605,2,LR_C=0.01
TSPY7P,0.6240571435232605,2,LR_C=0.01
AZIN2,0.6358078434146772,2,LR_C=0.01
OLFM3,0.6538460975620365,2,LR_C=0.01
TSPAN11,0.6538460975620365,2,LR_C=0.01
CCIN,3.556204501672295e-05,3,LR_C=0.01
FOXI2,4.30119628292221e-05,3,LR_C=0.01
TSNAXIP1,9.820043745730653e-05,3,LR_C=0.01
TRIM60,0.0001057561980992679,3,LR_C=0.01
EFHC2,0.00013254290395039013,3,LR_C=0.01
AC135731.1,0.00021077485487619576,3,LR_C=0.01
AQP12B,0.0005806761347163215,3,LR_C=0.01
SUN3,0.0007863187820017613,3,LR_C=0.01
SLC34A3,0.00111626315397771,3,LR_C=0.01
UBBP1,0.001417335229653906,3,LR_C=0.01
SPDYA,0.0014557504666834356,3,LR_C=0.01
AC139426.1,0.001965810460098856,3,LR_C=0.01
ZMAT4,0.001965810460098856,3,LR_C=0.01
C6orf222,0.001965810460098856,3,LR_C=0.01
DNM1P47,0.001965810460098856,3,LR_C=0.01
BSPRY,0.001965810460098856,3,LR_C=0.01
GRHL3,0.001965810460098856,3,LR_C=0.01
PADI1,0.0020987784117093354,3,LR_C=0.01
DEFB4B,0.0023265236672844144,3,LR_C=0.01
C3orf84,0.0023265236672844144,3,LR_C=0.01
CABP2,0.0023265236672844144,3,LR_C=0.01
MYF6,0.002393416775832938,3,LR_C=0.01
UMOD,0.0024370834868512638,3,LR_C=0.01
UGT3A2,0.0025324689231368265,3,LR_C=0.01
IRX6,0.0025324689231368265,3,LR_C=0.01
CCT8L1P,0.0025324689231368265,3,LR_C=0.01
C17orf78,0.00265201571097863,3,LR_C=0.01
TGIF2LX,0.002752915062437729,3,LR_C=0.01
OR10G9,0.002875224522415194,3,LR_C=0.01
ADAM6,0.0033334976973799202,3,LR_C=0.01
AC006538.1,0.003425993476437647,3,LR_C=0.01
NPY4R,0.004085390491956862,3,LR_C=0.01
HNRNPA1P9,0.004131978270379738,3,LR_C=0.01
NACAD,0.004204473090879509,3,LR_C=0.01
TNNC1,0.004204473090879509,3,LR_C=0.01
C2orf70,0.004436555200641601,3,LR_C=0.01
GPA33,0.004436555200641601,3,LR_C=0.01
SLC7A3,0.004438222826980152,3,LR_C=0.01
AP000552.3,0.004864663140060189,3,LR_C=0.01
DPPA3,0.004864663140060189,3,LR_C=0.01
AC004889.1,0.004864663140060189,3,LR_C=0.01
CAMK1G,0.005079476174166191,3,LR_C=0.01
CLDN19,0.005079476174166191,3,LR_C=0.01
REELD1,0.00513252575798901,3,LR_C=0.01
WFDC5,0.00513252575798901,3,LR_C=0.01
BPIFB6,0.00513252575798901,3,LR_C=0.01
GPR6,0.00513252575798901,3,LR_C=0.01
NPY5R,0.00513252575798901,3,LR_C=0.01
LRRC30,0.00513252575798901,3,LR_C=0.01
PROKR2,0.00513252575798901,3,LR_C=0.01
CATSPER4,0.00513252575798901,3,LR_C=0.01
AC012354.2,0.00513252575798901,3,LR_C=0.01
POPDC3,0.00513252575798901,3,LR_C=0.01
FGF8,0.00513252575798901,3,LR_C=0.01
FAM47C,0.00513252575798901,3,LR_C=0.01
IGKV1OR2-118,0.00513252575798901,3,LR_C=0.01
REC114,0.00513252575798901,3,LR_C=0.01
SMYD1,0.00536889924013486,3,LR_C=0.01
PADI3,0.005403135267365348,3,LR_C=0.01
MOS,0.005687326339847545,3,LR_C=0.01
KCNIP1,0.005687326339847545,3,LR_C=0.01
KRTAP10-8,0.005871614377615396,3,LR_C=0.01
RFPL4AP1,0.006104574791591355,3,LR_C=0.01
PPP4R3C,0.006104574791591355,3,LR_C=0.01
GJB3,0.006104574791591355,3,LR_C=0.01
ACTRT3,0.006104574791591355,3,LR_C=0.01
DEFB106A,0.00612084847942525,3,LR_C=0.01
SLC29A4P1,0.006163251206785638,3,LR_C=0.01
OR6P1,0.006694240499421805,3,LR_C=0.01
PF4V1,0.006706414089905437,3,LR_C=0.01
TAS1R2,0.006706414089905437,3,LR_C=0.01
C11orf16,0.006706414089905437,3,LR_C=0.01
LELP1,0.006952600488037477,3,LR_C=0.01
NTNG1,0.007003043354357123,3,LR_C=0.01
AC015911.1,0.007499184652322325,3,LR_C=0.01
CYTOR,0.007499184652322325,3,LR_C=0.01
ELANE,0.007499184652322325,3,LR_C=0.01
DEFB119,0.007499184652322325,3,LR_C=0.01
H2AFB2,0.007627623853773193,3,LR_C=0.01
DEFB107A,0.007627623853773193,3,LR_C=0.01
TGFBR3L,0.007886548048861542,3,LR_C=0.01
RS1,0.007886548048861542,3,LR_C=0.01
DEFB107B,0.007984439482166691,3,LR_C=0.01
SLC6A8,0.008424446513401863,3,LR_C=0.01
AL512310.6,0.008454176954173264,3,LR_C=0.01
DCDC2C,0.008733640460903786,3,LR_C=0.01
EPHB3,0.008942416619876362,3,LR_C=0.01
PGPEP1L,0.008942416619876362,3,LR_C=0.01
KDM4E,0.008942416619876362,3,LR_C=0.01
MYL1,0.008942416619876362,3,LR_C=0.01
DEFB106B,0.008942416619876362,3,LR_C=0.01
ASTL,0.008942416619876362,3,LR_C=0.01
OBP2B,0.008942416619876362,3,LR_C=0.01
LRRC3C,0.008942416619876362,3,LR_C=0.01
DEFB104A,0.008942416619876362,3,LR_C=0.01
RLBP1,0.008942416619876362,3,LR_C=0.01
KRTDAP,0.008942416619876362,3,LR_C=0.01
MYOG,0.008942416619876362,3,LR_C=0.01
GNRHR,0.008942416619876362,3,LR_C=0.01
AC008985.1,0.008942416619876362,3,LR_C=0.01
BPIFB3,0.009020553691482839,3,LR_C=0.01
ACTBL2,0.009020553691482839,3,LR_C=0.01
CNTD1,0.009020553691482839,3,LR_C=0.01
DNASE2B,0.009020553691482839,3,LR_C=0.01
CELA3A,0.009020553691482839,3,LR_C=0.01
FABP6,0.009020553691482839,3,LR_C=0.01
AC112504.1,0.009020553691482839,3,LR_C=0.01
DEFB104B,0.009020553691482839,3,LR_C=0.01
AC136443.1,0.009020553691482839,3,LR_C=0.01
CD177P1,0.009099090835679835,3,LR_C=0.01
RESP18,0.009539978098851293,3,LR_C=0.01
IGHE,0.009539978098851293,3,LR_C=0.01
LHCGR,0.009539978098851293,3,LR_C=0.01
DCAF12L2,0.009539978098851293,3,LR_C=0.01
ZNF488,0.009539978098851293,3,LR_C=0.01
PABPC1P2,0.009637286568264344,3,LR_C=0.01
MT-CO2,0.009637286568264344,3,LR_C=0.01
NYX,0.009637286568264344,3,LR_C=0.01
PRSS55,0.009637286568264344,3,LR_C=0.01
C7orf65,0.009637286568264344,3,LR_C=0.01
AC092068.2,0.009637286568264344,3,LR_C=0.01
CDRT15P1,0.009637286568264344,3,LR_C=0.01
MYBPHL,0.009960960752808147,3,LR_C=0.01
PRAMEF17,0.010049041368567822,3,LR_C=0.01
OR5AC2,0.010201976543035639,3,LR_C=0.01
NT5DC4,0.010418860434589465,3,LR_C=0.01
AQP8,0.010486484640233714,3,LR_C=0.01
FAM90A27P,0.010486484640233714,3,LR_C=0.01
AL691447.2,0.010544554669226328,3,LR_C=0.01
CAMK2N2,0.01067233362851584,3,LR_C=0.01
RAB13,0.01077245117874679,3,LR_C=0.01
AKAP4,0.010888728339933706,3,LR_C=0.01
KLF17,0.011221040415915182,3,LR_C=0.01
OR56A1,0.01143842902037742,3,LR_C=0.01
LINC02203,0.011558593650926272,3,LR_C=0.01
HS6ST2,0.011617951009847517,3,LR_C=0.01
NANOGP2,0.011698964007918733,3,LR_C=0.01
MTCO1P12,0.01183950477458477,3,LR_C=0.01
FOXL2,0.011993337765651006,3,LR_C=0.01
FZD9,0.012426847241995154,3,LR_C=0.01
FUNDC2P2,0.01246545023561772,3,LR_C=0.01
KCNK16,0.01262791929664901,3,LR_C=0.01
GPR152,0.01262791929664901,3,LR_C=0.01
REXO1L3P,0.012801450875359404,3,LR_C=0.01
VSTM1,0.013252153900712754,3,LR_C=0.01
RPS4XP3,0.013341217021609068,3,LR_C=0.01
AHSP,0.013345337090713427,3,LR_C=0.01
C9orf24,0.013428019456591498,3,LR_C=0.01
IGKV6D-21,0.013721518396763173,3,LR_C=0.01
IGKV1D-43,0.014046106592710413,3,LR_C=0.01
PDYN,0.014046106592710413,3,LR_C=0.01
PCDHAC2,0.014090935086277448,3,LR_C=0.01
OR2T27,0.014166735687059269,3,LR_C=0.01
FAM83C,0.014166735687059269,3,LR_C=0.01
GUCY2F,0.01422236508540898,3,LR_C=0.01
KRT33B,0.014270700001879851,3,LR_C=0.01
WNT16,0.014560691179057735,3,LR_C=0.01
OR51D1,0.014658689087934551,3,LR_C=0.01
ZMYND12,0.014842942552811874,3,LR_C=0.01
TAAR5,0.015597736735377104,3,LR_C=0.01
AC009060.2,0.01560325433251736,3,LR_C=0.01
TREM2,0.01578988686676743,3,LR_C=0.01
TEX13A,0.015924119684186753,3,LR_C=0.01
GPR139,0.01612243881583402,3,LR_C=0.01
AC127070.4,0.016228833677981797,3,LR_C=0.01
OR51K1P,0.016290341182164325,3,LR_C=0.01
LLCFC1,0.016829099525573325,3,LR_C=0.01
RHEBL1,0.016829099525573325,3,LR_C=0.01
GHSR,0.017047776162790844,3,LR_C=0.01
MYOZ3,0.017226993120161075,3,LR_C=0.01
ZNF648,0.01733853051204848,3,LR_C=0.01
VGLL2,0.017472051213725387,3,LR_C=0.01
RAB25,0.017773423665657425,3,LR_C=0.01
C8orf87,0.017773423665657425,3,LR_C=0.01
LRRC53,0.017773423665657425,3,LR_C=0.01
AC239859.6,0.017773423665657425,3,LR_C=0.01
CDRT15L2,0.017800498384435263,3,LR_C=0.01
AC092368.3,0.017976997630697024,3,LR_C=0.01
KRT84,0.017976997630697024,3,LR_C=0.01
OR10A3,0.017976997630697024,3,LR_C=0.01
DNM1P51,0.017976997630697024,3,LR_C=0.01
TIMP4,0.017976997630697024,3,LR_C=0.01
AC008033.1,0.017976997630697024,3,LR_C=0.01
PJVK,0.017976997630697024,3,LR_C=0.01
AC025594.1,0.017976997630697024,3,LR_C=0.01
OR52N5,0.017976997630697024,3,LR_C=0.01
LGALS16,0.017976997630697024,3,LR_C=0.01
CRABP2,0.01812924288724069,3,LR_C=0.01
OR52I2,0.018174128091738205,3,LR_C=0.01
AC008395.1,0.01834813333520814,3,LR_C=0.01
KRT32,0.01834813333520814,3,LR_C=0.01
DRD1,0.018392684925084953,3,LR_C=0.01
OR5H2,0.018392684925084953,3,LR_C=0.01
RNASE10,0.018392684925084953,3,LR_C=0.01
RNASE8,0.019042911789328498,3,LR_C=0.01
IGHV3OR16-8,0.01937348494359055,3,LR_C=0.01
RD3L,0.019700025202581524,3,LR_C=0.01
BARHL2,0.020097221812224945,3,LR_C=0.01
IFNL2,0.020209784499825693,3,LR_C=0.01
GSX2,0.020253715992435948,3,LR_C=0.01
CRYGD,0.020253715992435948,3,LR_C=0.01
PRDM13,0.020253715992435948,3,LR_C=0.01
C5orf17,0.020253715992435948,3,LR_C=0.01
AL138820.1,0.020754185741669994,3,LR_C=0.01
TSPAN16,0.020754185741669994,3,LR_C=0.01
IFNL1,0.020754185741669994,3,LR_C=0.01
ZNF679,0.020754185741669994,3,LR_C=0.01
UPK2,0.020754712277194852,3,LR_C=0.01
AC239798.2,0.020783361511227658,3,LR_C=0.01
FAM90A28P,0.021221074418733367,3,LR_C=0.01
C6orf52,0.02145653120292996,3,LR_C=0.01
INAFM2,0.02145653120292996,3,LR_C=0.01
PPDPFL,0.02145653120292996,3,LR_C=0.01
FFAR1,0.021478674102608227,3,LR_C=0.01
KHDC1,0.021504498212400334,3,LR_C=0.01
HIGD2B,0.021567578653555085,3,LR_C=0.01
INHA,0.021567578653555085,3,LR_C=0.01
SGCZ,0.022179920499129983,3,LR_C=0.01
MUCL1,0.022179920499129983,3,LR_C=0.01
OR8K5,0.022179920499129983,3,LR_C=0.01
SHISA3,0.022179920499129983,3,LR_C=0.01
AC090515.5,0.022179920499129983,3,LR_C=0.01
OR2W3,0.022179920499129983,3,LR_C=0.01
GML,0.022179920499129983,3,LR_C=0.01
C16orf78,0.02233376213660119,3,LR_C=0.01
OR1L3,0.02233376213660119,3,LR_C=0.01
C8orf74,0.02233376213660119,3,LR_C=0.01
PTGER1,0.02233376213660119,3,LR_C=0.01
C2orf83,0.02233376213660119,3,LR_C=0.01
LMLN2,0.022525114279871923,3,LR_C=0.01
AL589743.3,0.022875649735034115,3,LR_C=0.01
CIAPIN1P,0.023584742826429403,3,LR_C=0.01
SPACA1,0.023691956979151194,3,LR_C=0.01
TLX2,0.023913747921057615,3,LR_C=0.01
RHOA-IT1,0.024602635614022397,3,LR_C=0.01
KLHL41,0.024960859033448912,3,LR_C=0.01
WNT1,0.025031712629879795,3,LR_C=0.01
GPR149,0.0253606762475196,3,LR_C=0.01
VAX2,0.025923541168369525,3,LR_C=0.01
ZNF280A,0.025923541168369525,3,LR_C=0.01
OR2M5,0.02625481001732466,3,LR_C=0.01
U73166.1,0.026444809239549328,3,LR_C=0.01
FAM177B,0.026444809239549328,3,LR_C=0.01
FDCSP,0.026478444457494407,3,LR_C=0.01
KRTAP21-2,0.02678789725375651,3,LR_C=0.01
AC092127.1,0.027082213358308613,3,LR_C=0.01
TBC1D21,0.027238666548564765,3,LR_C=0.01
AC026468.1,0.027238666548564765,3,LR_C=0.01
NCR2,0.027238666548564765,3,LR_C=0.01
AC009113.1,0.027238666548564765,3,LR_C=0.01
AC007952.9,0.027238666548564765,3,LR_C=0.01
SLAMF9,0.027238666548564765,3,LR_C=0.01
RASSF10,0.027300279735954672,3,LR_C=0.01
GPR143,0.027300279735954672,3,LR_C=0.01
AC010538.1,0.027448725741733696,3,LR_C=0.01
SERPINA13P,0.027448725741733696,3,LR_C=0.01
BX276092.9,0.027738999694085335,3,LR_C=0.01
NEUROG2,0.028107271739950736,3,LR_C=0.01
RWDD4P1,0.028107271739950736,3,LR_C=0.01
KCNV1,0.028476568994889526,3,LR_C=0.01
IRGC,0.028476568994889526,3,LR_C=0.01
AC023310.1,0.02902062421591175,3,LR_C=0.01
JHDM1D-AS1,0.02924148495932061,3,LR_C=0.01
MT-CO1,0.02924148495932061,3,LR_C=0.01
IGHV1-58,0.029627403064097946,3,LR_C=0.01
CHRNA3,0.02982092004212631,3,LR_C=0.01
DQX1,0.02982092004212631,3,LR_C=0.01
GPAT2P2,0.030015122780838552,3,LR_C=0.01
OR52R1,0.03003284732985637,3,LR_C=0.01
C17orf98,0.030097579772352997,3,LR_C=0.01
OR52L1,0.030216753980034972,3,LR_C=0.01
TMEM174,0.030388555216073237,3,LR_C=0.01
PTCRA,0.030599240420079946,3,LR_C=0.01
MYL4,0.03100287323512565,3,LR_C=0.01
LPAR4,0.03155896324088166,3,LR_C=0.01
OR7E26P,0.032041088227059804,3,LR_C=0.01
AF186192.1,0.03256728373100144,3,LR_C=0.01
BPIFC,0.03273355757742095,3,LR_C=0.01
FAM47B,0.03278332421570266,3,LR_C=0.01
AL512770.1,0.03278332421570266,3,LR_C=0.01
PTGES2-AS1,0.032837965076932686,3,LR_C=0.01
AL031595.2,0.03330192832146371,3,LR_C=0.01
SBF2-AS1,0.033307817917094716,3,LR_C=0.01
BPIFB2,0.03339426485562948,3,LR_C=0.01
HOXA11,0.03587517154042598,3,LR_C=0.01
GK2,0.035897157044494164,3,LR_C=0.01
OR1F2P,0.035898160725198115,3,LR_C=0.01
AP000357.1,0.035898160725198115,3,LR_C=0.01
CELA2B,0.035898160725198115,3,LR_C=0.01
DBET,0.035898160725198115,3,LR_C=0.01
PDE6H,0.035898160725198115,3,LR_C=0.01
RLN2,0.03665650552697278,3,LR_C=0.01
A1BG,0.03700714662985853,3,LR_C=0.01
IGHV3OR16-9,0.03700714662985853,3,LR_C=0.01
AC120114.4,0.03700714662985853,3,LR_C=0.01
AC104791.2,0.038238155486517655,3,LR_C=0.01
AC138647.1,0.038238155486517655,3,LR_C=0.01
MAGEC2,0.038238155486517655,3,LR_C=0.01
JPX,0.038238155486517655,3,LR_C=0.01
OR2F2,0.03965687464442805,3,LR_C=0.01
AC009086.3,0.03965687464442805,3,LR_C=0.01
GOT1L1,0.039813326661151505,3,LR_C=0.01
LINC02197,0.03994475724324776,3,LR_C=0.01
SLC6A18,0.040055467748424785,3,LR_C=0.01
TBX22,0.040055467748424785,3,LR_C=0.01
GLRA4,0.04049252675991877,3,LR_C=0.01
AC012441.2,0.040647517455257444,3,LR_C=0.01
OR5P3,0.040647517455257444,3,LR_C=0.01
CCR8,0.04065825550243512,3,LR_C=0.01
AP005212.1,0.04069285952104445,3,LR_C=0.01
OR52B1P,0.04069285952104445,3,LR_C=0.01
SOHLH1,0.04069285952104445,3,LR_C=0.01
PSORS1C1,0.04111103193281701,3,LR_C=0.01
KCTD21-AS1,0.0419211275096112,3,LR_C=0.01
DYNLRB2,0.042939904056933945,3,LR_C=0.01
AC092053.3,0.04300767470686839,3,LR_C=0.01
ALG1L2,0.043193172627589156,3,LR_C=0.01
AC104794.2,0.043193172627589156,3,LR_C=0.01
AP003057.1,0.043193172627589156,3,LR_C=0.01
SPZ1,0.043193172627589156,3,LR_C=0.01
AL008638.3,0.043708795701659545,3,LR_C=0.01
AC008740.2,0.043708795701659545,3,LR_C=0.01
TNFSF18,0.043708795701659545,3,LR_C=0.01
PRSS29P,0.043708795701659545,3,LR_C=0.01
GRID1,0.04391718802109978,3,LR_C=0.01
S100B,0.04425478696688573,3,LR_C=0.01
MIAT,0.044456275875786204,3,LR_C=0.01
AC003681.1,0.04452820395791943,3,LR_C=0.01
AC099684.2,0.044770381813394454,3,LR_C=0.01
GPR20,0.044838415114245044,3,LR_C=0.01
C17orf113,0.046262603588788885,3,LR_C=0.01
P2RY4,0.046770060775709374,3,LR_C=0.01
OR5F1,0.046770060775709374,3,LR_C=0.01
DMRT3,0.04684604738147252,3,LR_C=0.01
AC018647.2,0.04684604738147252,3,LR_C=0.01
OR8B12,0.04726220553625128,3,LR_C=0.01
AC090525.2,0.04726220553625128,3,LR_C=0.01
MAPK11,0.04726220553625128,3,LR_C=0.01
GALR3,0.04727585937589916,3,LR_C=0.01
CA7,0.04727585937589916,3,LR_C=0.01
AC106788.2,0.04727585937589916,3,LR_C=0.01
TNFSF9,0.04727585937589916,3,LR_C=0.01
DEFB115,0.04727585937589916,3,LR_C=0.01
C11orf53,0.04727585937589916,3,LR_C=0.01
AL136982.1,0.04727585937589916,3,LR_C=0.01
AC015871.4,0.04727585937589916,3,LR_C=0.01
LIPM,0.04764107132822796,3,LR_C=0.01
KLK12,0.04764107132822796,3,LR_C=0.01
ANGPT4,0.04764107132822796,3,LR_C=0.01
IGKV1OR22-5,0.04794619944360568,3,LR_C=0.01
BEST3,0.04797521495961461,3,LR_C=0.01
MRPL30,0.04797521495961461,3,LR_C=0.01
AC012645.2,0.04797521495961461,3,LR_C=0.01
LENG9,0.04797521495961461,3,LR_C=0.01
TAS2R13,0.04811952110559851,3,LR_C=0.01
AL445235.1,0.04812250231912492,3,LR_C=0.01
FOSL1P1,0.04812250231912492,3,LR_C=0.01
TRAV13-2,0.04812250231912492,3,LR_C=0.01
CSF2,0.048357797822076116,3,LR_C=0.01
OR10J1,0.048357797822076116,3,LR_C=0.01
ANKRD65,0.048357797822076116,3,LR_C=0.01
AC025198.1,0.04869322304174243,3,LR_C=0.01
OR2I1P,0.04892625157862099,3,LR_C=0.01
TDRKH-AS1,0.04892625157862099,3,LR_C=0.01
AC067904.1,0.04892625157862099,3,LR_C=0.01
KRTAP2-1,0.04892625157862099,3,LR_C=0.01
SCGB1C2,0.048961275094975595,3,LR_C=0.01
ACOD1,0.0491882867185172,3,LR_C=0.01
VN1R4,0.0491882867185172,3,LR_C=0.01
CUBNP2,0.04921838427795398,3,LR_C=0.01
CYP51A1,0.04921838427795398,3,LR_C=0.01
DCAF12L1,0.04921838427795398,3,LR_C=0.01
TTC9B,0.04921838427795398,3,LR_C=0.01
BTBD17,0.04921838427795398,3,LR_C=0.01
OR10H1,0.04921838427795398,3,LR_C=0.01
OR13F1,0.04921838427795398,3,LR_C=0.01
MTND4P24,0.04930287564034296,3,LR_C=0.01
RAX2,0.04936796644301496,3,LR_C=0.01
RTP4,0.04936796644301496,3,LR_C=0.01
IGKV1OR-3,0.04937222289598894,3,LR_C=0.01
FAM47A,0.04937222289598894,3,LR_C=0.01
AC093826.2,0.05020962000870157,3,LR_C=0.01
RBMXL3,0.05028725639165374,3,LR_C=0.01
DDN,0.05040928592697564,3,LR_C=0.01
PCP4,0.05091762053557602,3,LR_C=0.01
CCL8,0.051342729802777765,3,LR_C=0.01
RPS13P2,0.0515200236589032,3,LR_C=0.01
CBLN4,0.051620609973247994,3,LR_C=0.01
CARD18,0.0516769859952159,3,LR_C=0.01
TAS2R8,0.0516769859952159,3,LR_C=0.01
AC099778.1,0.0516769859952159,3,LR_C=0.01
MT-CO3,0.0516769859952159,3,LR_C=0.01
GPR45,0.05188152434429806,3,LR_C=0.01
MORN5,0.05188152434429806,3,LR_C=0.01
SLC2A7,0.05188152434429806,3,LR_C=0.01
IGF2-AS,0.05188152434429806,3,LR_C=0.01
CLEC3A,0.05188152434429806,3,LR_C=0.01
CACNG7,0.05235579527549829,3,LR_C=0.01
AC246793.1,0.052567397050382714,3,LR_C=0.01
ZNF285B,0.052567397050382714,3,LR_C=0.01
ADRA1D,0.052981238236429196,3,LR_C=0.01
IGKV6-21,0.052981238236429196,3,LR_C=0.01
GPR173,0.05304148015715388,3,LR_C=0.01
OR5K4,0.0536518184154983,3,LR_C=0.01
OR8K3,0.054291071071658994,3,LR_C=0.01
RPL31P49,0.054291071071658994,3,LR_C=0.01
PTCHD3,0.054291071071658994,3,LR_C=0.01
RXFP3,0.054291071071658994,3,LR_C=0.01
ZNF474,0.054291071071658994,3,LR_C=0.01
LINC01996,0.05497987619196225,3,LR_C=0.01
TUBAL3,0.05497987619196225,3,LR_C=0.01
CLCA3P,0.05497987619196225,3,LR_C=0.01
CLDN20,0.05499957688333246,3,LR_C=0.01
FAM220BP,0.05507713920638184,3,LR_C=0.01
TEX26,0.055284290023507356,3,LR_C=0.01
TRAV13-1,0.05586022028776828,3,LR_C=0.01
AC139792.1,0.05586022028776828,3,LR_C=0.01
SERTAD4-AS1,0.056501719481951505,3,LR_C=0.01
NKX2-2,0.05697805962819983,3,LR_C=0.01
SPINK9,0.05832638529350883,3,LR_C=0.01
TAAR9,0.05848753115648872,3,LR_C=0.01
GDF10,0.05848753115648872,3,LR_C=0.01
CALHM3,0.05854458995750723,3,LR_C=0.01
AL161669.3,0.05854458995750723,3,LR_C=0.01
TMEM95,0.05947966314114111,3,LR_C=0.01
PPP1R2C,0.059693467146638715,3,LR_C=0.01
SERPINB11,0.05977704520854597,3,LR_C=0.01
UGT1A3,0.05978961639467165,3,LR_C=0.01
SULT1A4,0.05983684959908727,3,LR_C=0.01
TMEM132C,0.06018469207556507,3,LR_C=0.01
AC008895.1,0.060687335185842295,3,LR_C=0.01
AC020917.4,0.06135302152176458,3,LR_C=0.01
OR2W5,0.061629601207892924,3,LR_C=0.01
PRTN3,0.06361924246569112,3,LR_C=0.01
SF3A3P2,0.06383168420070903,3,LR_C=0.01
ZBTB20-AS4,0.06421719756737028,3,LR_C=0.01
PLSCR5,0.06421719756737028,3,LR_C=0.01
SMR3A,0.06566695110102469,3,LR_C=0.01
AC023794.1,0.06582209960467521,3,LR_C=0.01
LACRT,0.06632711556086388,3,LR_C=0.01
LINC00240,0.06632711556086388,3,LR_C=0.01
TUBA3FP,0.06639252310921588,3,LR_C=0.01
LRRC37A7P,0.06639252310921588,3,LR_C=0.01
GP9,0.06701475901078391,3,LR_C=0.01
BTBD10P1,0.06701475901078391,3,LR_C=0.01
CRYGA,0.06738334154464934,3,LR_C=0.01
LINC00426,0.06747919706573179,3,LR_C=0.01
AL137028.1,0.06747919706573179,3,LR_C=0.01
NPM1P9,0.06757678335466764,3,LR_C=0.01
AC093536.1,0.06781323266983076,3,LR_C=0.01
CTXND1,0.06790220430509408,3,LR_C=0.01
IL3,0.06825294526832477,3,LR_C=0.01
RPS7P4,0.06826639197034036,3,LR_C=0.01
OR5M8,0.06849643856725054,3,LR_C=0.01
CDC20P1,0.0685542613626393,3,LR_C=0.01
SSX5,0.0685542613626393,3,LR_C=0.01
OR6X1,0.0685542613626393,3,LR_C=0.01
DLX4,0.06969769409826443,3,LR_C=0.01
OR4C3,0.07002980513046307,3,LR_C=0.01
AP000550.2,0.07006802302438236,3,LR_C=0.01
MAB21L1,0.07053880439450257,3,LR_C=0.01
PCDHA12,0.07053880439450257,3,LR_C=0.01
PTX4,0.07053880439450257,3,LR_C=0.01
SMIM26,0.07053880439450257,3,LR_C=0.01
SERPINB2,0.07056571255798465,3,LR_C=0.01
CDX4,0.07056571255798465,3,LR_C=0.01
CSN3,0.07056571255798465,3,LR_C=0.01
XG,0.07056571255798465,3,LR_C=0.01
SCGB1C1,0.07056571255798465,3,LR_C=0.01
AIFM3,0.07073693183437599,3,LR_C=0.01
OR11H7,0.07079274325211031,3,LR_C=0.01
AC005776.2,0.07103635473273204,3,LR_C=0.01
GAL3ST2,0.07135026116712632,3,LR_C=0.01
HIST2H3D,0.07164798145894395,3,LR_C=0.01
MATN4,0.07246556462994681,3,LR_C=0.01
FAM19A1,0.07246556462994681,3,LR_C=0.01
RASL10A,0.07246556462994681,3,LR_C=0.01
SLC51B,0.0734200805325354,3,LR_C=0.01
AF186192.2,0.07343266491908008,3,LR_C=0.01
SFTPB,0.07366930926767208,3,LR_C=0.01
AC092683.1,0.07366930926767208,3,LR_C=0.01
C5orf47,0.07366930926767208,3,LR_C=0.01
RHOF,0.07366930926767208,3,LR_C=0.01
OR5V1,0.07366930926767208,3,LR_C=0.01
RASSF8-AS1,0.07422939467306837,3,LR_C=0.01
SLC35D3,0.07423446015182282,3,LR_C=0.01
AC009065.8,0.07423446015182282,3,LR_C=0.01
AC097518.1,0.07543765043869535,3,LR_C=0.01
AC018554.3,0.0755352581252407,3,LR_C=0.01
VIP,0.0755352581252407,3,LR_C=0.01
KRTAP19-6,0.0755352581252407,3,LR_C=0.01
AC004803.1,0.0755352581252407,3,LR_C=0.01
PRAMEF30P,0.0761383776211825,3,LR_C=0.01
SMIM34B,0.0768930966785187,3,LR_C=0.01
PPP1R42,0.0768930966785187,3,LR_C=0.01
SRMS,0.07741342733586667,3,LR_C=0.01
GDF5,0.07754475284171043,3,LR_C=0.01
AP004245.1,0.07754475284171043,3,LR_C=0.01
GABRA5,0.07851860246413218,3,LR_C=0.01
DHX40P1,0.07861959432011176,3,LR_C=0.01
PCSK6-AS1,0.07935389474305773,3,LR_C=0.01
UBE2U,0.079964082972102,3,LR_C=0.01
AL391421.1,0.079964082972102,3,LR_C=0.01
LINC02211,0.079964082972102,3,LR_C=0.01
ELF3-AS1,0.08034319307227783,3,LR_C=0.01
KRTAP3-1,0.08034319307227783,3,LR_C=0.01
MGAT4EP,0.08041010325752568,3,LR_C=0.01
HTR2C,0.08041010325752568,3,LR_C=0.01
PVALEF,0.08103239891828311,3,LR_C=0.01
DSCAM,0.08103239891828311,3,LR_C=0.01
IGLV3-32,0.08103239891828311,3,LR_C=0.01
ANXA2P1,0.08130645851384159,3,LR_C=0.01
HSPB3,0.08162259305083255,3,LR_C=0.01
ABCF2,0.08162952284585419,3,LR_C=0.01
MTCO3P12,0.08162952284585419,3,LR_C=0.01
CCDC54,0.08174211370009846,3,LR_C=0.01
AC120498.9,0.08174211370009846,3,LR_C=0.01
KCNQ1OT1,0.08174211370009846,3,LR_C=0.01
S100A2,0.08187603603455232,3,LR_C=0.01
FUT8-AS1,0.08187603603455232,3,LR_C=0.01
GALR2,0.08187603603455232,3,LR_C=0.01
AC136443.2,0.08202323104534251,3,LR_C=0.01
LINC01387,0.08214473652339278,3,LR_C=0.01
TRBV6-7,0.08214473652339278,3,LR_C=0.01
LGALS13,0.08214473652339278,3,LR_C=0.01
AC126755.5,0.08214473652339278,3,LR_C=0.01
PTPN5,0.08214473652339278,3,LR_C=0.01
AC116914.2,0.082456872867941,3,LR_C=0.01
OR14K1,0.08301906888233147,3,LR_C=0.01
HTR1E,0.08301906888233147,3,LR_C=0.01
ICAM3,0.083021556257611,3,LR_C=0.01
SHISAL2B,0.08308000585851563,3,LR_C=0.01
CLDN17,0.08315288020288387,3,LR_C=0.01
FP671120.3,0.08315288020288387,3,LR_C=0.01
TNNT3,0.08315288020288387,3,LR_C=0.01
RN7SL784P,0.08315288020288387,3,LR_C=0.01
FP236383.2,0.08315288020288387,3,LR_C=0.01
FP236383.3,0.08315288020288387,3,LR_C=0.01
MT-ND4,0.08315288020288387,3,LR_C=0.01
RPL13AP2,0.08315288020288387,3,LR_C=0.01
TSGA10IP,0.08315288020288387,3,LR_C=0.01
AP004607.5,0.08315288020288387,3,LR_C=0.01
AL049612.1,0.08315288020288387,3,LR_C=0.01
OR6K3,0.08315288020288387,3,LR_C=0.01
PRSS58,0.08315288020288387,3,LR_C=0.01
KLHL30,0.08315288020288387,3,LR_C=0.01
KRT73,0.08315288020288387,3,LR_C=0.01
CBR3-AS1,0.08315288020288387,3,LR_C=0.01
PTOV1-AS1,0.08315288020288387,3,LR_C=0.01
C2orf27AP1,0.08365840337678473,3,LR_C=0.01
CCDC188,0.08368173736375376,3,LR_C=0.01
AC087276.1,0.08368173736375376,3,LR_C=0.01
ALG1L10P,0.08368173736375376,3,LR_C=0.01
BTF3L4P1,0.08382534073436564,3,LR_C=0.01
DRD5,0.08393672510090534,3,LR_C=0.01
ACCSL,0.08393672510090534,3,LR_C=0.01
IL22,0.08393672510090534,3,LR_C=0.01
TTTY20,0.08438551078643522,3,LR_C=0.01
OR7C2,0.08438551078643522,3,LR_C=0.01
TRAV25,0.0852000394842371,3,LR_C=0.01
FNDC11,0.0852000394842371,3,LR_C=0.01
OR9I1,0.0852000394842371,3,LR_C=0.01
ENDOU,0.0852000394842371,3,LR_C=0.01
AC022905.1,0.08536636745005502,3,LR_C=0.01
LYPD8,0.08536636745005502,3,LR_C=0.01
CDC37P2,0.08536636745005502,3,LR_C=0.01
CFAP157,0.08627328654573467,3,LR_C=0.01
MIR494,0.08662264486853478,3,LR_C=0.01
EGLN2,0.08665179380671374,3,LR_C=0.01
C14orf180,0.08672066159964756,3,LR_C=0.01
TRAV14DV4,0.08672066159964756,3,LR_C=0.01
LRRC10,0.08682050630893452,3,LR_C=0.01
AL138889.1,0.08687471843542775,3,LR_C=0.01
OR8B2,0.08696996339902892,3,LR_C=0.01
AC073655.2,0.08700461374577681,3,LR_C=0.01
NRL,0.08780182870603112,3,LR_C=0.01
LINC00106,0.0888372204383191,3,LR_C=0.01
AL356488.3,0.08972656129353443,3,LR_C=0.01
TAS1R3,0.09034677274373416,3,LR_C=0.01
AL356481.2,0.09034677274373416,3,LR_C=0.01
CCDC189,0.09063221546473739,3,LR_C=0.01
AC007342.2,0.09063221546473739,3,LR_C=0.01
TMEM72,0.09094461397970742,3,LR_C=0.01
PSKH2,0.09094461397970742,3,LR_C=0.01
AC005014.1,0.0909961206246097,3,LR_C=0.01
LINC01949,0.09100348089344998,3,LR_C=0.01
OR6N1,0.09114958099183826,3,LR_C=0.01
KRTAP19-8,0.09142711978537638,3,LR_C=0.01
TRAV8-6,0.09223547108528418,3,LR_C=0.01
RNF148,0.09233782170511767,3,LR_C=0.01
BX664615.1,0.09330867749183563,3,LR_C=0.01
TPRXL,0.09330867749183563,3,LR_C=0.01
AP006545.1,0.09330867749183563,3,LR_C=0.01
AL360271.1,0.09330867749183563,3,LR_C=0.01
AL035587.1,0.09345733721816026,3,LR_C=0.01
HTR1B,0.09345733721816026,3,LR_C=0.01
OR9G4,0.09345733721816026,3,LR_C=0.01
NUDT9P1,0.09482106799298833,3,LR_C=0.01
AC015813.1,0.09575032999068078,3,LR_C=0.01
ROM1,0.09606353016027899,3,LR_C=0.01
AP002986.1,0.09606353016027899,3,LR_C=0.01
LEXM,0.0960653061500762,3,LR_C=0.01
RAB38,0.09658797951419316,3,LR_C=0.01
AC026410.1,0.09669303202848298,3,LR_C=0.01
LINC01565,0.09682982182275728,3,LR_C=0.01
AC234771.2,0.09719234423413033,3,LR_C=0.01
MT-RNR2,0.09745295345593145,3,LR_C=0.01
AC092301.1,0.09767164989922576,3,LR_C=0.01
AC110926.1,0.09827174795012915,3,LR_C=0.01
GATA1,0.09831289172213856,3,LR_C=0.01
GH2,0.0984224856400368,3,LR_C=0.01
BPY2B,0.09917134948373071,3,LR_C=0.01
AC009501.1,0.09917134948373071,3,LR_C=0.01
BPY2,0.09917134948373071,3,LR_C=0.01
FAM58BP,6.837243194389645e-14,4,LR_C=0.01
SLC35E4,0.002062130102695738,4,LR_C=0.01
AC006538.1,0.002062130102695738,4,LR_C=0.01
CABP2,0.003809964398686465,4,LR_C=0.01
AC135731.1,0.007439407953250224,4,LR_C=0.01
HIPK4,0.009212119250933681,4,LR_C=0.01
ZNF679,0.010794378835709889,4,LR_C=0.01
FAM47A,0.020026347935905527,4,LR_C=0.01
AC073548.1,0.02540962071786236,4,LR_C=0.01
MC4R,0.029230578174941905,4,LR_C=0.01
DLX6-AS1,0.03506192525510548,4,LR_C=0.01
GPR171,0.0641267909941677,4,LR_C=0.01
DCDC2C,0.0641267909941677,4,LR_C=0.01
OR51K1P,0.0641267909941677,4,LR_C=0.01
NEUROG2,0.06561035976348642,4,LR_C=0.01
SLC7A3,0.07527195956209312,4,LR_C=0.01
AC127070.4,0.09107117894278631,4,LR_C=0.01
IGKV1D-43,0.09107117894278631,4,LR_C=0.01
NTNG1,0.09107117894278631,4,LR_C=0.01
FAM83C,0.09107117894278631,4,LR_C=0.01
AL133245.1,0.09107117894278631,4,LR_C=0.01
AL162171.3,0.09107117894278631,4,LR_C=0.01
CAMK1G,0.0002346121904188318,1,LR_C=0.1
EFHC2,0.0031374001214932636,1,LR_C=0.1
CABP2,0.004218217529974291,1,LR_C=0.1
HNRNPCL4,0.004218217529974291,1,LR_C=0.1
MGAT4D,0.019711618421288726,1,LR_C=0.1
TRIM51CP,0.019711618421288726,1,LR_C=0.1
FAM47C,0.019711618421288726,1,LR_C=0.1
AC005696.4,0.019711618421288726,1,LR_C=0.1
KRTAP10-8,0.019711618421288726,1,LR_C=0.1
DEFB106B,0.019711618421288726,1,LR_C=0.1
DEFB106A,0.019711618421288726,1,LR_C=0.1
AC135731.1,0.019711618421288726,1,LR_C=0.1
AC127070.4,0.019711618421288726,1,LR_C=0.1
DEFB4B,0.019711618421288726,1,LR_C=0.1
WFDC5,0.019711618421288726,1,LR_C=0.1
DCDC2C,0.027057107307385093,1,LR_C=0.1
C2orf92,0.027385840492625924,1,LR_C=0.1
CSF2,0.03317754905023052,1,LR_C=0.1
AL117328.2,0.03317754905023052,1,LR_C=0.1
C8orf87,0.03317754905023052,1,LR_C=0.1
TAS1R2,0.03317754905023052,1,LR_C=0.1
AC092068.2,0.03317754905023052,1,LR_C=0.1
AL133245.1,0.03586210693144581,1,LR_C=0.1
OR52E6,0.038604436431056294,1,LR_C=0.1
AL353726.2,0.038629659973828924,1,LR_C=0.1
GPR6,0.038629659973828924,1,LR_C=0.1
KLF17,0.039947763987508066,1,LR_C=0.1
AC009086.3,0.039947763987508066,1,LR_C=0.1
AL139384.2,0.04422728165507532,1,LR_C=0.1
AC020917.4,0.04422728165507532,1,LR_C=0.1
AC017002.1,0.04422728165507532,1,LR_C=0.1
GP9,0.04422728165507532,1,LR_C=0.1
AC138647.1,0.058754469042218836,1,LR_C=0.1
LGALS14,0.07252118709399037,1,LR_C=0.1
AL162171.3,0.07741974148695221,1,LR_C=0.1
AC020908.3,0.08455257332165889,1,LR_C=0.1
AC005899.1,0.09002626812741678,1,LR_C=0.1
FAM47A,0.09125889972548598,1,LR_C=0.1
ATP5F1E,0.09125889972548598,1,LR_C=0.1
AC006538.1,0.09693472950570264,1,LR_C=0.1
OR5H2,0.09948872819526197,1,LR_C=0.1
CAMK2N2,0.09976288301590981,1,LR_C=0.1
TSPY2,0.13283227073027282,2,LR_C=0.1
LGI3,0.18427379154017176,2,LR_C=0.1
ATOH1,0.18427379154017176,2,LR_C=0.1
POU4F1,0.2371822219764822,2,LR_C=0.1
HAPLN1,0.2371822219764822,2,LR_C=0.1
KIR3DX1,0.2787111715702861,2,LR_C=0.1
TSPY9P,0.5016764055996401,2,LR_C=0.1
HOXA5,0.5069232359466297,2,LR_C=0.1
KCNJ10,0.5069232359466297,2,LR_C=0.1
LINC00304,0.5069232359466297,2,LR_C=0.1
AC135050.1,0.5069232359466297,2,LR_C=0.1
AC025430.1,0.5069232359466297,2,LR_C=0.1
AC064807.1,0.5723168173304156,2,LR_C=0.1
TBXT,0.5957011847396212,2,LR_C=0.1
CADM3,0.6240571435232605,2,LR_C=0.1
ZNF710-AS1,0.6240571435232605,2,LR_C=0.1
TSPY7P,0.6240571435232605,2,LR_C=0.1
AZIN2,0.6358078434146772,2,LR_C=0.1
OLFM3,0.6538460975620365,2,LR_C=0.1
TSPAN11,0.6538460975620365,2,LR_C=0.1
CCIN,3.556204501672295e-05,3,LR_C=0.1
FOXI2,4.30119628292221e-05,3,LR_C=0.1
TSNAXIP1,9.820043745730653e-05,3,LR_C=0.1
TRIM60,0.0001057561980992679,3,LR_C=0.1
EFHC2,0.00013254290395039013,3,LR_C=0.1
AC135731.1,0.00021077485487619576,3,LR_C=0.1
AQP12B,0.0005806761347163215,3,LR_C=0.1
SUN3,0.0007863187820017613,3,LR_C=0.1
SLC34A3,0.00111626315397771,3,LR_C=0.1
UBBP1,0.001417335229653906,3,LR_C=0.1
SPDYA,0.0014557504666834356,3,LR_C=0.1
AC139426.1,0.001965810460098856,3,LR_C=0.1
ZMAT4,0.001965810460098856,3,LR_C=0.1
C6orf222,0.001965810460098856,3,LR_C=0.1
DNM1P47,0.001965810460098856,3,LR_C=0.1
BSPRY,0.001965810460098856,3,LR_C=0.1
GRHL3,0.001965810460098856,3,LR_C=0.1
PADI1,0.0020987784117093354,3,LR_C=0.1
DEFB4B,0.0023265236672844144,3,LR_C=0.1
C3orf84,0.0023265236672844144,3,LR_C=0.1
CABP2,0.0023265236672844144,3,LR_C=0.1
MYF6,0.002393416775832938,3,LR_C=0.1
UMOD,0.0024370834868512638,3,LR_C=0.1
UGT3A2,0.0025324689231368265,3,LR_C=0.1
IRX6,0.0025324689231368265,3,LR_C=0.1
CCT8L1P,0.0025324689231368265,3,LR_C=0.1
C17orf78,0.00265201571097863,3,LR_C=0.1
TGIF2LX,0.002752915062437729,3,LR_C=0.1
OR10G9,0.002875224522415194,3,LR_C=0.1
ADAM6,0.0033334976973799202,3,LR_C=0.1
AC006538.1,0.003425993476437647,3,LR_C=0.1
NPY4R,0.004085390491956862,3,LR_C=0.1
HNRNPA1P9,0.004131978270379738,3,LR_C=0.1
NACAD,0.004204473090879509,3,LR_C=0.1
TNNC1,0.004204473090879509,3,LR_C=0.1
C2orf70,0.004436555200641601,3,LR_C=0.1
GPA33,0.004436555200641601,3,LR_C=0.1
SLC7A3,0.004438222826980152,3,LR_C=0.1
AP000552.3,0.004864663140060189,3,LR_C=0.1
DPPA3,0.004864663140060189,3,LR_C=0.1
AC004889.1,0.004864663140060189,3,LR_C=0.1
CAMK1G,0.005079476174166191,3,LR_C=0.1
CLDN19,0.005079476174166191,3,LR_C=0.1
REELD1,0.00513252575798901,3,LR_C=0.1
WFDC5,0.00513252575798901,3,LR_C=0.1
BPIFB6,0.00513252575798901,3,LR_C=0.1
GPR6,0.00513252575798901,3,LR_C=0.1
NPY5R,0.00513252575798901,3,LR_C=0.1
LRRC30,0.00513252575798901,3,LR_C=0.1
PROKR2,0.00513252575798901,3,LR_C=0.1
CATSPER4,0.00513252575798901,3,LR_C=0.1
AC012354.2,0.00513252575798901,3,LR_C=0.1
POPDC3,0.00513252575798901,3,LR_C=0.1
FGF8,0.00513252575798901,3,LR_C=0.1
FAM47C,0.00513252575798901,3,LR_C=0.1
IGKV1OR2-118,0.00513252575798901,3,LR_C=0.1
REC114,0.00513252575798901,3,LR_C=0.1
SMYD1,0.00536889924013486,3,LR_C=0.1
PADI3,0.005403135267365348,3,LR_C=0.1
MOS,0.005687326339847545,3,LR_C=0.1
KCNIP1,0.005687326339847545,3,LR_C=0.1
KRTAP10-8,0.005871614377615396,3,LR_C=0.1
RFPL4AP1,0.006104574791591355,3,LR_C=0.1
PPP4R3C,0.006104574791591355,3,LR_C=0.1
GJB3,0.006104574791591355,3,LR_C=0.1
ACTRT3,0.006104574791591355,3,LR_C=0.1
DEFB106A,0.00612084847942525,3,LR_C=0.1
SLC29A4P1,0.006163251206785638,3,LR_C=0.1
OR6P1,0.006694240499421805,3,LR_C=0.1
PF4V1,0.006706414089905437,3,LR_C=0.1
TAS1R2,0.006706414089905437,3,LR_C=0.1
C11orf16,0.006706414089905437,3,LR_C=0.1
LELP1,0.006952600488037477,3,LR_C=0.1
NTNG1,0.007003043354357123,3,LR_C=0.1
AC015911.1,0.007499184652322325,3,LR_C=0.1
CYTOR,0.007499184652322325,3,LR_C=0.1
ELANE,0.007499184652322325,3,LR_C=0.1
DEFB119,0.007499184652322325,3,LR_C=0.1
H2AFB2,0.007627623853773193,3,LR_C=0.1
DEFB107A,0.007627623853773193,3,LR_C=0.1
TGFBR3L,0.007886548048861542,3,LR_C=0.1
RS1,0.007886548048861542,3,LR_C=0.1
DEFB107B,0.007984439482166691,3,LR_C=0.1
SLC6A8,0.008424446513401863,3,LR_C=0.1
AL512310.6,0.008454176954173264,3,LR_C=0.1
DCDC2C,0.008733640460903786,3,LR_C=0.1
EPHB3,0.008942416619876362,3,LR_C=0.1
PGPEP1L,0.008942416619876362,3,LR_C=0.1
KDM4E,0.008942416619876362,3,LR_C=0.1
MYL1,0.008942416619876362,3,LR_C=0.1
DEFB106B,0.008942416619876362,3,LR_C=0.1
ASTL,0.008942416619876362,3,LR_C=0.1
OBP2B,0.008942416619876362,3,LR_C=0.1
LRRC3C,0.008942416619876362,3,LR_C=0.1
DEFB104A,0.008942416619876362,3,LR_C=0.1
RLBP1,0.008942416619876362,3,LR_C=0.1
KRTDAP,0.008942416619876362,3,LR_C=0.1
MYOG,0.008942416619876362,3,LR_C=0.1
GNRHR,0.008942416619876362,3,LR_C=0.1
AC008985.1,0.008942416619876362,3,LR_C=0.1
BPIFB3,0.009020553691482839,3,LR_C=0.1
ACTBL2,0.009020553691482839,3,LR_C=0.1
CNTD1,0.009020553691482839,3,LR_C=0.1
DNASE2B,0.009020553691482839,3,LR_C=0.1
CELA3A,0.009020553691482839,3,LR_C=0.1
FABP6,0.009020553691482839,3,LR_C=0.1
AC112504.1,0.009020553691482839,3,LR_C=0.1
DEFB104B,0.009020553691482839,3,LR_C=0.1
AC136443.1,0.009020553691482839,3,LR_C=0.1
CD177P1,0.009099090835679835,3,LR_C=0.1
RESP18,0.009539978098851293,3,LR_C=0.1
IGHE,0.009539978098851293,3,LR_C=0.1
LHCGR,0.009539978098851293,3,LR_C=0.1
DCAF12L2,0.009539978098851293,3,LR_C=0.1
ZNF488,0.009539978098851293,3,LR_C=0.1
PABPC1P2,0.009637286568264344,3,LR_C=0.1
MT-CO2,0.009637286568264344,3,LR_C=0.1
NYX,0.009637286568264344,3,LR_C=0.1
PRSS55,0.009637286568264344,3,LR_C=0.1
C7orf65,0.009637286568264344,3,LR_C=0.1
AC092068.2,0.009637286568264344,3,LR_C=0.1
CDRT15P1,0.009637286568264344,3,LR_C=0.1
MYBPHL,0.009960960752808147,3,LR_C=0.1
PRAMEF17,0.010049041368567822,3,LR_C=0.1
OR5AC2,0.010201976543035639,3,LR_C=0.1
NT5DC4,0.010418860434589465,3,LR_C=0.1
AQP8,0.010486484640233714,3,LR_C=0.1
FAM90A27P,0.010486484640233714,3,LR_C=0.1
AL691447.2,0.010544554669226328,3,LR_C=0.1
CAMK2N2,0.01067233362851584,3,LR_C=0.1
RAB13,0.01077245117874679,3,LR_C=0.1
AKAP4,0.010888728339933706,3,LR_C=0.1
KLF17,0.011221040415915182,3,LR_C=0.1
OR56A1,0.01143842902037742,3,LR_C=0.1
LINC02203,0.011558593650926272,3,LR_C=0.1
HS6ST2,0.011617951009847517,3,LR_C=0.1
NANOGP2,0.011698964007918733,3,LR_C=0.1
MTCO1P12,0.01183950477458477,3,LR_C=0.1
FOXL2,0.011993337765651006,3,LR_C=0.1
FZD9,0.012426847241995154,3,LR_C=0.1
FUNDC2P2,0.01246545023561772,3,LR_C=0.1
KCNK16,0.01262791929664901,3,LR_C=0.1
GPR152,0.01262791929664901,3,LR_C=0.1
REXO1L3P,0.012801450875359404,3,LR_C=0.1
VSTM1,0.013252153900712754,3,LR_C=0.1
RPS4XP3,0.013341217021609068,3,LR_C=0.1
AHSP,0.013345337090713427,3,LR_C=0.1
C9orf24,0.013428019456591498,3,LR_C=0.1
IGKV6D-21,0.013721518396763173,3,LR_C=0.1
IGKV1D-43,0.014046106592710413,3,LR_C=0.1
PDYN,0.014046106592710413,3,LR_C=0.1
PCDHAC2,0.014090935086277448,3,LR_C=0.1
OR2T27,0.014166735687059269,3,LR_C=0.1
FAM83C,0.014166735687059269,3,LR_C=0.1
GUCY2F,0.01422236508540898,3,LR_C=0.1
KRT33B,0.014270700001879851,3,LR_C=0.1
WNT16,0.014560691179057735,3,LR_C=0.1
OR51D1,0.014658689087934551,3,LR_C=0.1
ZMYND12,0.014842942552811874,3,LR_C=0.1
TAAR5,0.015597736735377104,3,LR_C=0.1
AC009060.2,0.01560325433251736,3,LR_C=0.1
TREM2,0.01578988686676743,3,LR_C=0.1
TEX13A,0.015924119684186753,3,LR_C=0.1
GPR139,0.01612243881583402,3,LR_C=0.1
AC127070.4,0.016228833677981797,3,LR_C=0.1
OR51K1P,0.016290341182164325,3,LR_C=0.1
LLCFC1,0.016829099525573325,3,LR_C=0.1
RHEBL1,0.016829099525573325,3,LR_C=0.1
GHSR,0.017047776162790844,3,LR_C=0.1
MYOZ3,0.017226993120161075,3,LR_C=0.1
ZNF648,0.01733853051204848,3,LR_C=0.1
VGLL2,0.017472051213725387,3,LR_C=0.1
RAB25,0.017773423665657425,3,LR_C=0.1
C8orf87,0.017773423665657425,3,LR_C=0.1
LRRC53,0.017773423665657425,3,LR_C=0.1
AC239859.6,0.017773423665657425,3,LR_C=0.1
CDRT15L2,0.017800498384435263,3,LR_C=0.1
AC092368.3,0.017976997630697024,3,LR_C=0.1
KRT84,0.017976997630697024,3,LR_C=0.1
OR10A3,0.017976997630697024,3,LR_C=0.1
DNM1P51,0.017976997630697024,3,LR_C=0.1
TIMP4,0.017976997630697024,3,LR_C=0.1
AC008033.1,0.017976997630697024,3,LR_C=0.1
PJVK,0.017976997630697024,3,LR_C=0.1
AC025594.1,0.017976997630697024,3,LR_C=0.1
OR52N5,0.017976997630697024,3,LR_C=0.1
LGALS16,0.017976997630697024,3,LR_C=0.1
CRABP2,0.01812924288724069,3,LR_C=0.1
OR52I2,0.018174128091738205,3,LR_C=0.1
AC008395.1,0.01834813333520814,3,LR_C=0.1
KRT32,0.01834813333520814,3,LR_C=0.1
DRD1,0.018392684925084953,3,LR_C=0.1
OR5H2,0.018392684925084953,3,LR_C=0.1
RNASE10,0.018392684925084953,3,LR_C=0.1
RNASE8,0.019042911789328498,3,LR_C=0.1
IGHV3OR16-8,0.01937348494359055,3,LR_C=0.1
RD3L,0.019700025202581524,3,LR_C=0.1
BARHL2,0.020097221812224945,3,LR_C=0.1
IFNL2,0.020209784499825693,3,LR_C=0.1
GSX2,0.020253715992435948,3,LR_C=0.1
CRYGD,0.020253715992435948,3,LR_C=0.1
PRDM13,0.020253715992435948,3,LR_C=0.1
C5orf17,0.020253715992435948,3,LR_C=0.1
AL138820.1,0.020754185741669994,3,LR_C=0.1
TSPAN16,0.020754185741669994,3,LR_C=0.1
IFNL1,0.020754185741669994,3,LR_C=0.1
ZNF679,0.020754185741669994,3,LR_C=0.1
UPK2,0.020754712277194852,3,LR_C=0.1
AC239798.2,0.020783361511227658,3,LR_C=0.1
FAM90A28P,0.021221074418733367,3,LR_C=0.1
C6orf52,0.02145653120292996,3,LR_C=0.1
INAFM2,0.02145653120292996,3,LR_C=0.1
PPDPFL,0.02145653120292996,3,LR_C=0.1
FFAR1,0.021478674102608227,3,LR_C=0.1
KHDC1,0.021504498212400334,3,LR_C=0.1
HIGD2B,0.021567578653555085,3,LR_C=0.1
INHA,0.021567578653555085,3,LR_C=0.1
SGCZ,0.022179920499129983,3,LR_C=0.1
MUCL1,0.022179920499129983,3,LR_C=0.1
OR8K5,0.022179920499129983,3,LR_C=0.1
SHISA3,0.022179920499129983,3,LR_C=0.1
AC090515.5,0.022179920499129983,3,LR_C=0.1
OR2W3,0.022179920499129983,3,LR_C=0.1
GML,0.022179920499129983,3,LR_C=0.1
C16orf78,0.02233376213660119,3,LR_C=0.1
OR1L3,0.02233376213660119,3,LR_C=0.1
C8orf74,0.02233376213660119,3,LR_C=0.1
PTGER1,0.02233376213660119,3,LR_C=0.1
C2orf83,0.02233376213660119,3,LR_C=0.1
LMLN2,0.022525114279871923,3,LR_C=0.1
AL589743.3,0.022875649735034115,3,LR_C=0.1
CIAPIN1P,0.023584742826429403,3,LR_C=0.1
SPACA1,0.023691956979151194,3,LR_C=0.1
TLX2,0.023913747921057615,3,LR_C=0.1
RHOA-IT1,0.024602635614022397,3,LR_C=0.1
KLHL41,0.024960859033448912,3,LR_C=0.1
WNT1,0.025031712629879795,3,LR_C=0.1
GPR149,0.0253606762475196,3,LR_C=0.1
VAX2,0.025923541168369525,3,LR_C=0.1
ZNF280A,0.025923541168369525,3,LR_C=0.1
OR2M5,0.02625481001732466,3,LR_C=0.1
U73166.1,0.026444809239549328,3,LR_C=0.1
FAM177B,0.026444809239549328,3,LR_C=0.1
FDCSP,0.026478444457494407,3,LR_C=0.1
KRTAP21-2,0.02678789725375651,3,LR_C=0.1
AC092127.1,0.027082213358308613,3,LR_C=0.1
TBC1D21,0.027238666548564765,3,LR_C=0.1
AC026468.1,0.027238666548564765,3,LR_C=0.1
NCR2,0.027238666548564765,3,LR_C=0.1
AC009113.1,0.027238666548564765,3,LR_C=0.1
AC007952.9,0.027238666548564765,3,LR_C=0.1
SLAMF9,0.027238666548564765,3,LR_C=0.1
RASSF10,0.027300279735954672,3,LR_C=0.1
GPR143,0.027300279735954672,3,LR_C=0.1
AC010538.1,0.027448725741733696,3,LR_C=0.1
SERPINA13P,0.027448725741733696,3,LR_C=0.1
BX276092.9,0.027738999694085335,3,LR_C=0.1
NEUROG2,0.028107271739950736,3,LR_C=0.1
RWDD4P1,0.028107271739950736,3,LR_C=0.1
KCNV1,0.028476568994889526,3,LR_C=0.1
IRGC,0.028476568994889526,3,LR_C=0.1
AC023310.1,0.02902062421591175,3,LR_C=0.1
JHDM1D-AS1,0.02924148495932061,3,LR_C=0.1
MT-CO1,0.02924148495932061,3,LR_C=0.1
IGHV1-58,0.029627403064097946,3,LR_C=0.1
CHRNA3,0.02982092004212631,3,LR_C=0.1
DQX1,0.02982092004212631,3,LR_C=0.1
GPAT2P2,0.030015122780838552,3,LR_C=0.1
OR52R1,0.03003284732985637,3,LR_C=0.1
C17orf98,0.030097579772352997,3,LR_C=0.1
OR52L1,0.030216753980034972,3,LR_C=0.1
TMEM174,0.030388555216073237,3,LR_C=0.1
PTCRA,0.030599240420079946,3,LR_C=0.1
MYL4,0.03100287323512565,3,LR_C=0.1
LPAR4,0.03155896324088166,3,LR_C=0.1
OR7E26P,0.032041088227059804,3,LR_C=0.1
AF186192.1,0.03256728373100144,3,LR_C=0.1
BPIFC,0.03273355757742095,3,LR_C=0.1
FAM47B,0.03278332421570266,3,LR_C=0.1
AL512770.1,0.03278332421570266,3,LR_C=0.1
PTGES2-AS1,0.032837965076932686,3,LR_C=0.1
AL031595.2,0.03330192832146371,3,LR_C=0.1
SBF2-AS1,0.033307817917094716,3,LR_C=0.1
BPIFB2,0.03339426485562948,3,LR_C=0.1
HOXA11,0.03587517154042598,3,LR_C=0.1
GK2,0.035897157044494164,3,LR_C=0.1
OR1F2P,0.035898160725198115,3,LR_C=0.1
AP000357.1,0.035898160725198115,3,LR_C=0.1
CELA2B,0.035898160725198115,3,LR_C=0.1
DBET,0.035898160725198115,3,LR_C=0.1
PDE6H,0.035898160725198115,3,LR_C=0.1
RLN2,0.03665650552697278,3,LR_C=0.1
A1BG,0.03700714662985853,3,LR_C=0.1
IGHV3OR16-9,0.03700714662985853,3,LR_C=0.1
AC120114.4,0.03700714662985853,3,LR_C=0.1
AC104791.2,0.038238155486517655,3,LR_C=0.1
AC138647.1,0.038238155486517655,3,LR_C=0.1
MAGEC2,0.038238155486517655,3,LR_C=0.1
JPX,0.038238155486517655,3,LR_C=0.1
OR2F2,0.03965687464442805,3,LR_C=0.1
AC009086.3,0.03965687464442805,3,LR_C=0.1
GOT1L1,0.039813326661151505,3,LR_C=0.1
LINC02197,0.03994475724324776,3,LR_C=0.1
SLC6A18,0.040055467748424785,3,LR_C=0.1
TBX22,0.040055467748424785,3,LR_C=0.1
GLRA4,0.04049252675991877,3,LR_C=0.1
AC012441.2,0.040647517455257444,3,LR_C=0.1
OR5P3,0.040647517455257444,3,LR_C=0.1
CCR8,0.04065825550243512,3,LR_C=0.1
AP005212.1,0.04069285952104445,3,LR_C=0.1
OR52B1P,0.04069285952104445,3,LR_C=0.1
SOHLH1,0.04069285952104445,3,LR_C=0.1
PSORS1C1,0.04111103193281701,3,LR_C=0.1
KCTD21-AS1,0.0419211275096112,3,LR_C=0.1
DYNLRB2,0.042939904056933945,3,LR_C=0.1
AC092053.3,0.04300767470686839,3,LR_C=0.1
ALG1L2,0.043193172627589156,3,LR_C=0.1
AC104794.2,0.043193172627589156,3,LR_C=0.1
AP003057.1,0.043193172627589156,3,LR_C=0.1
SPZ1,0.043193172627589156,3,LR_C=0.1
AL008638.3,0.043708795701659545,3,LR_C=0.1
AC008740.2,0.043708795701659545,3,LR_C=0.1
TNFSF18,0.043708795701659545,3,LR_C=0.1
PRSS29P,0.043708795701659545,3,LR_C=0.1
GRID1,0.04391718802109978,3,LR_C=0.1
S100B,0.04425478696688573,3,LR_C=0.1
MIAT,0.044456275875786204,3,LR_C=0.1
AC003681.1,0.04452820395791943,3,LR_C=0.1
AC099684.2,0.044770381813394454,3,LR_C=0.1
GPR20,0.044838415114245044,3,LR_C=0.1
C17orf113,0.046262603588788885,3,LR_C=0.1
P2RY4,0.046770060775709374,3,LR_C=0.1
OR5F1,0.046770060775709374,3,LR_C=0.1
DMRT3,0.04684604738147252,3,LR_C=0.1
AC018647.2,0.04684604738147252,3,LR_C=0.1
OR8B12,0.04726220553625128,3,LR_C=0.1
AC090525.2,0.04726220553625128,3,LR_C=0.1
MAPK11,0.04726220553625128,3,LR_C=0.1
GALR3,0.04727585937589916,3,LR_C=0.1
CA7,0.04727585937589916,3,LR_C=0.1
AC106788.2,0.04727585937589916,3,LR_C=0.1
TNFSF9,0.04727585937589916,3,LR_C=0.1
DEFB115,0.04727585937589916,3,LR_C=0.1
C11orf53,0.04727585937589916,3,LR_C=0.1
AL136982.1,0.04727585937589916,3,LR_C=0.1
AC015871.4,0.04727585937589916,3,LR_C=0.1
LIPM,0.04764107132822796,3,LR_C=0.1
KLK12,0.04764107132822796,3,LR_C=0.1
ANGPT4,0.04764107132822796,3,LR_C=0.1
IGKV1OR22-5,0.04794619944360568,3,LR_C=0.1
BEST3,0.04797521495961461,3,LR_C=0.1
MRPL30,0.04797521495961461,3,LR_C=0.1
AC012645.2,0.04797521495961461,3,LR_C=0.1
LENG9,0.04797521495961461,3,LR_C=0.1
TAS2R13,0.04811952110559851,3,LR_C=0.1
AL445235.1,0.04812250231912492,3,LR_C=0.1
FOSL1P1,0.04812250231912492,3,LR_C=0.1
TRAV13-2,0.04812250231912492,3,LR_C=0.1
CSF2,0.048357797822076116,3,LR_C=0.1
OR10J1,0.048357797822076116,3,LR_C=0.1
ANKRD65,0.048357797822076116,3,LR_C=0.1
AC025198.1,0.04869322304174243,3,LR_C=0.1
OR2I1P,0.04892625157862099,3,LR_C=0.1
TDRKH-AS1,0.04892625157862099,3,LR_C=0.1
AC067904.1,0.04892625157862099,3,LR_C=0.1
KRTAP2-1,0.04892625157862099,3,LR_C=0.1
SCGB1C2,0.048961275094975595,3,LR_C=0.1
ACOD1,0.0491882867185172,3,LR_C=0.1
VN1R4,0.0491882867185172,3,LR_C=0.1
CUBNP2,0.04921838427795398,3,LR_C=0.1
CYP51A1,0.04921838427795398,3,LR_C=0.1
DCAF12L1,0.04921838427795398,3,LR_C=0.1
TTC9B,0.04921838427795398,3,LR_C=0.1
BTBD17,0.04921838427795398,3,LR_C=0.1
OR10H1,0.04921838427795398,3,LR_C=0.1
OR13F1,0.04921838427795398,3,LR_C=0.1
MTND4P24,0.04930287564034296,3,LR_C=0.1
RAX2,0.04936796644301496,3,LR_C=0.1
RTP4,0.04936796644301496,3,LR_C=0.1
IGKV1OR-3,0.04937222289598894,3,LR_C=0.1
FAM47A,0.04937222289598894,3,LR_C=0.1
AC093826.2,0.05020962000870157,3,LR_C=0.1
RBMXL3,0.05028725639165374,3,LR_C=0.1
DDN,0.05040928592697564,3,LR_C=0.1
PCP4,0.05091762053557602,3,LR_C=0.1
CCL8,0.051342729802777765,3,LR_C=0.1
RPS13P2,0.0515200236589032,3,LR_C=0.1
CBLN4,0.051620609973247994,3,LR_C=0.1
CARD18,0.0516769859952159,3,LR_C=0.1
TAS2R8,0.0516769859952159,3,LR_C=0.1
AC099778.1,0.0516769859952159,3,LR_C=0.1
MT-CO3,0.0516769859952159,3,LR_C=0.1
GPR45,0.05188152434429806,3,LR_C=0.1
MORN5,0.05188152434429806,3,LR_C=0.1
SLC2A7,0.05188152434429806,3,LR_C=0.1
IGF2-AS,0.05188152434429806,3,LR_C=0.1
CLEC3A,0.05188152434429806,3,LR_C=0.1
CACNG7,0.05235579527549829,3,LR_C=0.1
AC246793.1,0.052567397050382714,3,LR_C=0.1
ZNF285B,0.052567397050382714,3,LR_C=0.1
ADRA1D,0.052981238236429196,3,LR_C=0.1
IGKV6-21,0.052981238236429196,3,LR_C=0.1
GPR173,0.05304148015715388,3,LR_C=0.1
OR5K4,0.0536518184154983,3,LR_C=0.1
OR8K3,0.054291071071658994,3,LR_C=0.1
RPL31P49,0.054291071071658994,3,LR_C=0.1
PTCHD3,0.054291071071658994,3,LR_C=0.1
RXFP3,0.054291071071658994,3,LR_C=0.1
ZNF474,0.054291071071658994,3,LR_C=0.1
LINC01996,0.05497987619196225,3,LR_C=0.1
TUBAL3,0.05497987619196225,3,LR_C=0.1
CLCA3P,0.05497987619196225,3,LR_C=0.1
CLDN20,0.05499957688333246,3,LR_C=0.1
FAM220BP,0.05507713920638184,3,LR_C=0.1
TEX26,0.055284290023507356,3,LR_C=0.1
TRAV13-1,0.05586022028776828,3,LR_C=0.1
AC139792.1,0.05586022028776828,3,LR_C=0.1
SERTAD4-AS1,0.056501719481951505,3,LR_C=0.1
NKX2-2,0.05697805962819983,3,LR_C=0.1
SPINK9,0.05832638529350883,3,LR_C=0.1
TAAR9,0.05848753115648872,3,LR_C=0.1
GDF10,0.05848753115648872,3,LR_C=0.1
CALHM3,0.05854458995750723,3,LR_C=0.1
AL161669.3,0.05854458995750723,3,LR_C=0.1
TMEM95,0.05947966314114111,3,LR_C=0.1
PPP1R2C,0.059693467146638715,3,LR_C=0.1
SERPINB11,0.05977704520854597,3,LR_C=0.1
UGT1A3,0.05978961639467165,3,LR_C=0.1
SULT1A4,0.05983684959908727,3,LR_C=0.1
TMEM132C,0.06018469207556507,3,LR_C=0.1
AC008895.1,0.060687335185842295,3,LR_C=0.1
AC020917.4,0.06135302152176458,3,LR_C=0.1
OR2W5,0.061629601207892924,3,LR_C=0.1
PRTN3,0.06361924246569112,3,LR_C=0.1
SF3A3P2,0.06383168420070903,3,LR_C=0.1
ZBTB20-AS4,0.06421719756737028,3,LR_C=0.1
PLSCR5,0.06421719756737028,3,LR_C=0.1
SMR3A,0.06566695110102469,3,LR_C=0.1
AC023794.1,0.06582209960467521,3,LR_C=0.1
LACRT,0.06632711556086388,3,LR_C=0.1
LINC00240,0.06632711556086388,3,LR_C=0.1
TUBA3FP,0.06639252310921588,3,LR_C=0.1
LRRC37A7P,0.06639252310921588,3,LR_C=0.1
GP9,0.06701475901078391,3,LR_C=0.1
BTBD10P1,0.06701475901078391,3,LR_C=0.1
CRYGA,0.06738334154464934,3,LR_C=0.1
LINC00426,0.06747919706573179,3,LR_C=0.1
AL137028.1,0.06747919706573179,3,LR_C=0.1
NPM1P9,0.06757678335466764,3,LR_C=0.1
AC093536.1,0.06781323266983076,3,LR_C=0.1
CTXND1,0.06790220430509408,3,LR_C=0.1
IL3,0.06825294526832477,3,LR_C=0.1
RPS7P4,0.06826639197034036,3,LR_C=0.1
OR5M8,0.06849643856725054,3,LR_C=0.1
CDC20P1,0.0685542613626393,3,LR_C=0.1
SSX5,0.0685542613626393,3,LR_C=0.1
OR6X1,0.0685542613626393,3,LR_C=0.1
DLX4,0.06969769409826443,3,LR_C=0.1
OR4C3,0.07002980513046307,3,LR_C=0.1
AP000550.2,0.07006802302438236,3,LR_C=0.1
MAB21L1,0.07053880439450257,3,LR_C=0.1
PCDHA12,0.07053880439450257,3,LR_C=0.1
PTX4,0.07053880439450257,3,LR_C=0.1
SMIM26,0.07053880439450257,3,LR_C=0.1
SERPINB2,0.07056571255798465,3,LR_C=0.1
CDX4,0.07056571255798465,3,LR_C=0.1
CSN3,0.07056571255798465,3,LR_C=0.1
XG,0.07056571255798465,3,LR_C=0.1
SCGB1C1,0.07056571255798465,3,LR_C=0.1
AIFM3,0.07073693183437599,3,LR_C=0.1
OR11H7,0.07079274325211031,3,LR_C=0.1
AC005776.2,0.07103635473273204,3,LR_C=0.1
GAL3ST2,0.07135026116712632,3,LR_C=0.1
HIST2H3D,0.07164798145894395,3,LR_C=0.1
MATN4,0.07246556462994681,3,LR_C=0.1
FAM19A1,0.07246556462994681,3,LR_C=0.1
RASL10A,0.07246556462994681,3,LR_C=0.1
SLC51B,0.0734200805325354,3,LR_C=0.1
AF186192.2,0.07343266491908008,3,LR_C=0.1
SFTPB,0.07366930926767208,3,LR_C=0.1
AC092683.1,0.07366930926767208,3,LR_C=0.1
C5orf47,0.07366930926767208,3,LR_C=0.1
RHOF,0.07366930926767208,3,LR_C=0.1
OR5V1,0.07366930926767208,3,LR_C=0.1
RASSF8-AS1,0.07422939467306837,3,LR_C=0.1
SLC35D3,0.07423446015182282,3,LR_C=0.1
AC009065.8,0.07423446015182282,3,LR_C=0.1
AC097518.1,0.07543765043869535,3,LR_C=0.1
AC018554.3,0.0755352581252407,3,LR_C=0.1
VIP,0.0755352581252407,3,LR_C=0.1
KRTAP19-6,0.0755352581252407,3,LR_C=0.1
AC004803.1,0.0755352581252407,3,LR_C=0.1
PRAMEF30P,0.0761383776211825,3,LR_C=0.1
SMIM34B,0.0768930966785187,3,LR_C=0.1
PPP1R42,0.0768930966785187,3,LR_C=0.1
SRMS,0.07741342733586667,3,LR_C=0.1
GDF5,0.07754475284171043,3,LR_C=0.1
AP004245.1,0.07754475284171043,3,LR_C=0.1
GABRA5,0.07851860246413218,3,LR_C=0.1
DHX40P1,0.07861959432011176,3,LR_C=0.1
PCSK6-AS1,0.07935389474305773,3,LR_C=0.1
UBE2U,0.079964082972102,3,LR_C=0.1
AL391421.1,0.079964082972102,3,LR_C=0.1
LINC02211,0.079964082972102,3,LR_C=0.1
ELF3-AS1,0.08034319307227783,3,LR_C=0.1
KRTAP3-1,0.08034319307227783,3,LR_C=0.1
MGAT4EP,0.08041010325752568,3,LR_C=0.1
HTR2C,0.08041010325752568,3,LR_C=0.1
PVALEF,0.08103239891828311,3,LR_C=0.1
DSCAM,0.08103239891828311,3,LR_C=0.1
IGLV3-32,0.08103239891828311,3,LR_C=0.1
ANXA2P1,0.08130645851384159,3,LR_C=0.1
HSPB3,0.08162259305083255,3,LR_C=0.1
ABCF2,0.08162952284585419,3,LR_C=0.1
MTCO3P12,0.08162952284585419,3,LR_C=0.1
CCDC54,0.08174211370009846,3,LR_C=0.1
AC120498.9,0.08174211370009846,3,LR_C=0.1
KCNQ1OT1,0.08174211370009846,3,LR_C=0.1
S100A2,0.08187603603455232,3,LR_C=0.1
FUT8-AS1,0.08187603603455232,3,LR_C=0.1
GALR2,0.08187603603455232,3,LR_C=0.1
AC136443.2,0.08202323104534251,3,LR_C=0.1
LINC01387,0.08214473652339278,3,LR_C=0.1
TRBV6-7,0.08214473652339278,3,LR_C=0.1
LGALS13,0.08214473652339278,3,LR_C=0.1
AC126755.5,0.08214473652339278,3,LR_C=0.1
PTPN5,0.08214473652339278,3,LR_C=0.1
AC116914.2,0.082456872867941,3,LR_C=0.1
OR14K1,0.08301906888233147,3,LR_C=0.1
HTR1E,0.08301906888233147,3,LR_C=0.1
ICAM3,0.083021556257611,3,LR_C=0.1
SHISAL2B,0.08308000585851563,3,LR_C=0.1
CLDN17,0.08315288020288387,3,LR_C=0.1
FP671120.3,0.08315288020288387,3,LR_C=0.1
TNNT3,0.08315288020288387,3,LR_C=0.1
RN7SL784P,0.08315288020288387,3,LR_C=0.1
FP236383.2,0.08315288020288387,3,LR_C=0.1
FP236383.3,0.08315288020288387,3,LR_C=0.1
MT-ND4,0.08315288020288387,3,LR_C=0.1
RPL13AP2,0.08315288020288387,3,LR_C=0.1
TSGA10IP,0.08315288020288387,3,LR_C=0.1
AP004607.5,0.08315288020288387,3,LR_C=0.1
AL049612.1,0.08315288020288387,3,LR_C=0.1
OR6K3,0.08315288020288387,3,LR_C=0.1
PRSS58,0.08315288020288387,3,LR_C=0.1
KLHL30,0.08315288020288387,3,LR_C=0.1
KRT73,0.08315288020288387,3,LR_C=0.1
CBR3-AS1,0.08315288020288387,3,LR_C=0.1
PTOV1-AS1,0.08315288020288387,3,LR_C=0.1
C2orf27AP1,0.08365840337678473,3,LR_C=0.1
CCDC188,0.08368173736375376,3,LR_C=0.1
AC087276.1,0.08368173736375376,3,LR_C=0.1
ALG1L10P,0.08368173736375376,3,LR_C=0.1
BTF3L4P1,0.08382534073436564,3,LR_C=0.1
DRD5,0.08393672510090534,3,LR_C=0.1
ACCSL,0.08393672510090534,3,LR_C=0.1
IL22,0.08393672510090534,3,LR_C=0.1
TTTY20,0.08438551078643522,3,LR_C=0.1
OR7C2,0.08438551078643522,3,LR_C=0.1
TRAV25,0.0852000394842371,3,LR_C=0.1
FNDC11,0.0852000394842371,3,LR_C=0.1
OR9I1,0.0852000394842371,3,LR_C=0.1
ENDOU,0.0852000394842371,3,LR_C=0.1
AC022905.1,0.08536636745005502,3,LR_C=0.1
LYPD8,0.08536636745005502,3,LR_C=0.1
CDC37P2,0.08536636745005502,3,LR_C=0.1
CFAP157,0.08627328654573467,3,LR_C=0.1
MIR494,0.08662264486853478,3,LR_C=0.1
EGLN2,0.08665179380671374,3,LR_C=0.1
C14orf180,0.08672066159964756,3,LR_C=0.1
TRAV14DV4,0.08672066159964756,3,LR_C=0.1
LRRC10,0.08682050630893452,3,LR_C=0.1
AL138889.1,0.08687471843542775,3,LR_C=0.1
OR8B2,0.08696996339902892,3,LR_C=0.1
AC073655.2,0.08700461374577681,3,LR_C=0.1
NRL,0.08780182870603112,3,LR_C=0.1
LINC00106,0.0888372204383191,3,LR_C=0.1
AL356488.3,0.08972656129353443,3,LR_C=0.1
TAS1R3,0.09034677274373416,3,LR_C=0.1
AL356481.2,0.09034677274373416,3,LR_C=0.1
CCDC189,0.09063221546473739,3,LR_C=0.1
AC007342.2,0.09063221546473739,3,LR_C=0.1
TMEM72,0.09094461397970742,3,LR_C=0.1
PSKH2,0.09094461397970742,3,LR_C=0.1
AC005014.1,0.0909961206246097,3,LR_C=0.1
LINC01949,0.09100348089344998,3,LR_C=0.1
OR6N1,0.09114958099183826,3,LR_C=0.1
KRTAP19-8,0.09142711978537638,3,LR_C=0.1
TRAV8-6,0.09223547108528418,3,LR_C=0.1
RNF148,0.09233782170511767,3,LR_C=0.1
BX664615.1,0.09330867749183563,3,LR_C=0.1
TPRXL,0.09330867749183563,3,LR_C=0.1
AP006545.1,0.09330867749183563,3,LR_C=0.1
AL360271.1,0.09330867749183563,3,LR_C=0.1
AL035587.1,0.09345733721816026,3,LR_C=0.1
HTR1B,0.09345733721816026,3,LR_C=0.1
OR9G4,0.09345733721816026,3,LR_C=0.1
NUDT9P1,0.09482106799298833,3,LR_C=0.1
AC015813.1,0.09575032999068078,3,LR_C=0.1
ROM1,0.09606353016027899,3,LR_C=0.1
AP002986.1,0.09606353016027899,3,LR_C=0.1
LEXM,0.0960653061500762,3,LR_C=0.1
RAB38,0.09658797951419316,3,LR_C=0.1
AC026410.1,0.09669303202848298,3,LR_C=0.1
LINC01565,0.09682982182275728,3,LR_C=0.1
AC234771.2,0.09719234423413033,3,LR_C=0.1
MT-RNR2,0.09745295345593145,3,LR_C=0.1
AC092301.1,0.09767164989922576,3,LR_C=0.1
AC110926.1,0.09827174795012915,3,LR_C=0.1
GATA1,0.09831289172213856,3,LR_C=0.1
GH2,0.0984224856400368,3,LR_C=0.1
BPY2B,0.09917134948373071,3,LR_C=0.1
AC009501.1,0.09917134948373071,3,LR_C=0.1
BPY2,0.09917134948373071,3,LR_C=0.1
FAM58BP,6.837243194389645e-14,4,LR_C=0.1
SLC35E4,0.002062130102695738,4,LR_C=0.1
AC006538.1,0.002062130102695738,4,LR_C=0.1
CABP2,0.003809964398686465,4,LR_C=0.1
AC135731.1,0.007439407953250224,4,LR_C=0.1
HIPK4,0.009212119250933681,4,LR_C=0.1
ZNF679,0.010794378835709889,4,LR_C=0.1
FAM47A,0.020026347935905527,4,LR_C=0.1
AC073548.1,0.02540962071786236,4,LR_C=0.1
MC4R,0.029230578174941905,4,LR_C=0.1
DLX6-AS1,0.03506192525510548,4,LR_C=0.1
GPR171,0.0641267909941677,4,LR_C=0.1
DCDC2C,0.0641267909941677,4,LR_C=0.1
OR51K1P,0.0641267909941677,4,LR_C=0.1
NEUROG2,0.06561035976348642,4,LR_C=0.1
SLC7A3,0.07527195956209312,4,LR_C=0.1
AC127070.4,0.09107117894278631,4,LR_C=0.1
IGKV1D-43,0.09107117894278631,4,LR_C=0.1
NTNG1,0.09107117894278631,4,LR_C=0.1
FAM83C,0.09107117894278631,4,LR_C=0.1
AL133245.1,0.09107117894278631,4,LR_C=0.1
AL162171.3,0.09107117894278631,4,LR_C=0.1
CAMK1G,0.0002346121904188318,1,LR_C=1
EFHC2,0.0031374001214932636,1,LR_C=1
CABP2,0.004218217529974291,1,LR_C=1
HNRNPCL4,0.004218217529974291,1,LR_C=1
MGAT4D,0.019711618421288726,1,LR_C=1
TRIM51CP,0.019711618421288726,1,LR_C=1
FAM47C,0.019711618421288726,1,LR_C=1
AC005696.4,0.019711618421288726,1,LR_C=1
KRTAP10-8,0.019711618421288726,1,LR_C=1
DEFB106B,0.019711618421288726,1,LR_C=1
DEFB106A,0.019711618421288726,1,LR_C=1
AC135731.1,0.019711618421288726,1,LR_C=1
AC127070.4,0.019711618421288726,1,LR_C=1
DEFB4B,0.019711618421288726,1,LR_C=1
WFDC5,0.019711618421288726,1,LR_C=1
DCDC2C,0.027057107307385093,1,LR_C=1
C2orf92,0.027385840492625924,1,LR_C=1
CSF2,0.03317754905023052,1,LR_C=1
AL117328.2,0.03317754905023052,1,LR_C=1
C8orf87,0.03317754905023052,1,LR_C=1
TAS1R2,0.03317754905023052,1,LR_C=1
AC092068.2,0.03317754905023052,1,LR_C=1
AL133245.1,0.03586210693144581,1,LR_C=1
OR52E6,0.038604436431056294,1,LR_C=1
AL353726.2,0.038629659973828924,1,LR_C=1
GPR6,0.038629659973828924,1,LR_C=1
KLF17,0.039947763987508066,1,LR_C=1
AC009086.3,0.039947763987508066,1,LR_C=1
AL139384.2,0.04422728165507532,1,LR_C=1
AC020917.4,0.04422728165507532,1,LR_C=1
AC017002.1,0.04422728165507532,1,LR_C=1
GP9,0.04422728165507532,1,LR_C=1
AC138647.1,0.058754469042218836,1,LR_C=1
LGALS14,0.07252118709399037,1,LR_C=1
AL162171.3,0.07741974148695221,1,LR_C=1
AC020908.3,0.08455257332165889,1,LR_C=1
AC005899.1,0.09002626812741678,1,LR_C=1
FAM47A,0.09125889972548598,1,LR_C=1
ATP5F1E,0.09125889972548598,1,LR_C=1
AC006538.1,0.09693472950570264,1,LR_C=1
OR5H2,0.09948872819526197,1,LR_C=1
CAMK2N2,0.09976288301590981,1,LR_C=1
TSPY2,0.13283227073027282,2,LR_C=1
LGI3,0.18427379154017176,2,LR_C=1
ATOH1,0.18427379154017176,2,LR_C=1
POU4F1,0.2371822219764822,2,LR_C=1
HAPLN1,0.2371822219764822,2,LR_C=1
KIR3DX1,0.2787111715702861,2,LR_C=1
TSPY9P,0.5016764055996401,2,LR_C=1
HOXA5,0.5069232359466297,2,LR_C=1
KCNJ10,0.5069232359466297,2,LR_C=1
LINC00304,0.5069232359466297,2,LR_C=1
AC135050.1,0.5069232359466297,2,LR_C=1
AC025430.1,0.5069232359466297,2,LR_C=1
AC064807.1,0.5723168173304156,2,LR_C=1
TBXT,0.5957011847396212,2,LR_C=1
CADM3,0.6240571435232605,2,LR_C=1
ZNF710-AS1,0.6240571435232605,2,LR_C=1
TSPY7P,0.6240571435232605,2,LR_C=1
AZIN2,0.6358078434146772,2,LR_C=1
OLFM3,0.6538460975620365,2,LR_C=1
TSPAN11,0.6538460975620365,2,LR_C=1
CCIN,3.556204501672295e-05,3,LR_C=1
FOXI2,4.30119628292221e-05,3,LR_C=1
TSNAXIP1,9.820043745730653e-05,3,LR_C=1
TRIM60,0.0001057561980992679,3,LR_C=1
EFHC2,0.00013254290395039013,3,LR_C=1
AC135731.1,0.00021077485487619576,3,LR_C=1
AQP12B,0.0005806761347163215,3,LR_C=1
SUN3,0.0007863187820017613,3,LR_C=1
SLC34A3,0.00111626315397771,3,LR_C=1
UBBP1,0.001417335229653906,3,LR_C=1
SPDYA,0.0014557504666834356,3,LR_C=1
AC139426.1,0.001965810460098856,3,LR_C=1
ZMAT4,0.001965810460098856,3,LR_C=1
C6orf222,0.001965810460098856,3,LR_C=1
DNM1P47,0.001965810460098856,3,LR_C=1
BSPRY,0.001965810460098856,3,LR_C=1
GRHL3,0.001965810460098856,3,LR_C=1
PADI1,0.0020987784117093354,3,LR_C=1
DEFB4B,0.0023265236672844144,3,LR_C=1
C3orf84,0.0023265236672844144,3,LR_C=1
CABP2,0.0023265236672844144,3,LR_C=1
MYF6,0.002393416775832938,3,LR_C=1
UMOD,0.0024370834868512638,3,LR_C=1
UGT3A2,0.0025324689231368265,3,LR_C=1
IRX6,0.0025324689231368265,3,LR_C=1
CCT8L1P,0.0025324689231368265,3,LR_C=1
C17orf78,0.00265201571097863,3,LR_C=1
TGIF2LX,0.002752915062437729,3,LR_C=1
OR10G9,0.002875224522415194,3,LR_C=1
ADAM6,0.0033334976973799202,3,LR_C=1
AC006538.1,0.003425993476437647,3,LR_C=1
NPY4R,0.004085390491956862,3,LR_C=1
HNRNPA1P9,0.004131978270379738,3,LR_C=1
NACAD,0.004204473090879509,3,LR_C=1
TNNC1,0.004204473090879509,3,LR_C=1
C2orf70,0.004436555200641601,3,LR_C=1
GPA33,0.004436555200641601,3,LR_C=1
SLC7A3,0.004438222826980152,3,LR_C=1
AP000552.3,0.004864663140060189,3,LR_C=1
DPPA3,0.004864663140060189,3,LR_C=1
AC004889.1,0.004864663140060189,3,LR_C=1
CAMK1G,0.005079476174166191,3,LR_C=1
CLDN19,0.005079476174166191,3,LR_C=1
REELD1,0.00513252575798901,3,LR_C=1
WFDC5,0.00513252575798901,3,LR_C=1
BPIFB6,0.00513252575798901,3,LR_C=1
GPR6,0.00513252575798901,3,LR_C=1
NPY5R,0.00513252575798901,3,LR_C=1
LRRC30,0.00513252575798901,3,LR_C=1
PROKR2,0.00513252575798901,3,LR_C=1
CATSPER4,0.00513252575798901,3,LR_C=1
AC012354.2,0.00513252575798901,3,LR_C=1
POPDC3,0.00513252575798901,3,LR_C=1
FGF8,0.00513252575798901,3,LR_C=1
FAM47C,0.00513252575798901,3,LR_C=1
IGKV1OR2-118,0.00513252575798901,3,LR_C=1
REC114,0.00513252575798901,3,LR_C=1
SMYD1,0.00536889924013486,3,LR_C=1
PADI3,0.005403135267365348,3,LR_C=1
MOS,0.005687326339847545,3,LR_C=1
KCNIP1,0.005687326339847545,3,LR_C=1
KRTAP10-8,0.005871614377615396,3,LR_C=1
RFPL4AP1,0.006104574791591355,3,LR_C=1
PPP4R3C,0.006104574791591355,3,LR_C=1
GJB3,0.006104574791591355,3,LR_C=1
ACTRT3,0.006104574791591355,3,LR_C=1
DEFB106A,0.00612084847942525,3,LR_C=1
SLC29A4P1,0.006163251206785638,3,LR_C=1
OR6P1,0.006694240499421805,3,LR_C=1
PF4V1,0.006706414089905437,3,LR_C=1
TAS1R2,0.006706414089905437,3,LR_C=1
C11orf16,0.006706414089905437,3,LR_C=1
LELP1,0.006952600488037477,3,LR_C=1
NTNG1,0.007003043354357123,3,LR_C=1
AC015911.1,0.007499184652322325,3,LR_C=1
CYTOR,0.007499184652322325,3,LR_C=1
ELANE,0.007499184652322325,3,LR_C=1
DEFB119,0.007499184652322325,3,LR_C=1
H2AFB2,0.007627623853773193,3,LR_C=1
DEFB107A,0.007627623853773193,3,LR_C=1
TGFBR3L,0.007886548048861542,3,LR_C=1
RS1,0.007886548048861542,3,LR_C=1
DEFB107B,0.007984439482166691,3,LR_C=1
SLC6A8,0.008424446513401863,3,LR_C=1
AL512310.6,0.008454176954173264,3,LR_C=1
DCDC2C,0.008733640460903786,3,LR_C=1
EPHB3,0.008942416619876362,3,LR_C=1
PGPEP1L,0.008942416619876362,3,LR_C=1
KDM4E,0.008942416619876362,3,LR_C=1
MYL1,0.008942416619876362,3,LR_C=1
DEFB106B,0.008942416619876362,3,LR_C=1
ASTL,0.008942416619876362,3,LR_C=1
OBP2B,0.008942416619876362,3,LR_C=1
LRRC3C,0.008942416619876362,3,LR_C=1
DEFB104A,0.008942416619876362,3,LR_C=1
RLBP1,0.008942416619876362,3,LR_C=1
KRTDAP,0.008942416619876362,3,LR_C=1
MYOG,0.008942416619876362,3,LR_C=1
GNRHR,0.008942416619876362,3,LR_C=1
AC008985.1,0.008942416619876362,3,LR_C=1
BPIFB3,0.009020553691482839,3,LR_C=1
ACTBL2,0.009020553691482839,3,LR_C=1
CNTD1,0.009020553691482839,3,LR_C=1
DNASE2B,0.009020553691482839,3,LR_C=1
CELA3A,0.009020553691482839,3,LR_C=1
FABP6,0.009020553691482839,3,LR_C=1
AC112504.1,0.009020553691482839,3,LR_C=1
DEFB104B,0.009020553691482839,3,LR_C=1
AC136443.1,0.009020553691482839,3,LR_C=1
CD177P1,0.009099090835679835,3,LR_C=1
RESP18,0.009539978098851293,3,LR_C=1
IGHE,0.009539978098851293,3,LR_C=1
LHCGR,0.009539978098851293,3,LR_C=1
DCAF12L2,0.009539978098851293,3,LR_C=1
ZNF488,0.009539978098851293,3,LR_C=1
PABPC1P2,0.009637286568264344,3,LR_C=1
MT-CO2,0.009637286568264344,3,LR_C=1
NYX,0.009637286568264344,3,LR_C=1
PRSS55,0.009637286568264344,3,LR_C=1
C7orf65,0.009637286568264344,3,LR_C=1
AC092068.2,0.009637286568264344,3,LR_C=1
CDRT15P1,0.009637286568264344,3,LR_C=1
MYBPHL,0.009960960752808147,3,LR_C=1
PRAMEF17,0.010049041368567822,3,LR_C=1
OR5AC2,0.010201976543035639,3,LR_C=1
NT5DC4,0.010418860434589465,3,LR_C=1
AQP8,0.010486484640233714,3,LR_C=1
FAM90A27P,0.010486484640233714,3,LR_C=1
AL691447.2,0.010544554669226328,3,LR_C=1
CAMK2N2,0.01067233362851584,3,LR_C=1
RAB13,0.01077245117874679,3,LR_C=1
AKAP4,0.010888728339933706,3,LR_C=1
KLF17,0.011221040415915182,3,LR_C=1
OR56A1,0.01143842902037742,3,LR_C=1
LINC02203,0.011558593650926272,3,LR_C=1
HS6ST2,0.011617951009847517,3,LR_C=1
NANOGP2,0.011698964007918733,3,LR_C=1
MTCO1P12,0.01183950477458477,3,LR_C=1
FOXL2,0.011993337765651006,3,LR_C=1
FZD9,0.012426847241995154,3,LR_C=1
FUNDC2P2,0.01246545023561772,3,LR_C=1
KCNK16,0.01262791929664901,3,LR_C=1
GPR152,0.01262791929664901,3,LR_C=1
REXO1L3P,0.012801450875359404,3,LR_C=1
VSTM1,0.013252153900712754,3,LR_C=1
RPS4XP3,0.013341217021609068,3,LR_C=1
AHSP,0.013345337090713427,3,LR_C=1
C9orf24,0.013428019456591498,3,LR_C=1
IGKV6D-21,0.013721518396763173,3,LR_C=1
IGKV1D-43,0.014046106592710413,3,LR_C=1
PDYN,0.014046106592710413,3,LR_C=1
PCDHAC2,0.014090935086277448,3,LR_C=1
OR2T27,0.014166735687059269,3,LR_C=1
FAM83C,0.014166735687059269,3,LR_C=1
GUCY2F,0.01422236508540898,3,LR_C=1
KRT33B,0.014270700001879851,3,LR_C=1
WNT16,0.014560691179057735,3,LR_C=1
OR51D1,0.014658689087934551,3,LR_C=1
ZMYND12,0.014842942552811874,3,LR_C=1
TAAR5,0.015597736735377104,3,LR_C=1
AC009060.2,0.01560325433251736,3,LR_C=1
TREM2,0.01578988686676743,3,LR_C=1
TEX13A,0.015924119684186753,3,LR_C=1
GPR139,0.01612243881583402,3,LR_C=1
AC127070.4,0.016228833677981797,3,LR_C=1
OR51K1P,0.016290341182164325,3,LR_C=1
LLCFC1,0.016829099525573325,3,LR_C=1
RHEBL1,0.016829099525573325,3,LR_C=1
GHSR,0.017047776162790844,3,LR_C=1
MYOZ3,0.017226993120161075,3,LR_C=1
ZNF648,0.01733853051204848,3,LR_C=1
VGLL2,0.017472051213725387,3,LR_C=1
RAB25,0.017773423665657425,3,LR_C=1
C8orf87,0.017773423665657425,3,LR_C=1
LRRC53,0.017773423665657425,3,LR_C=1
AC239859.6,0.017773423665657425,3,LR_C=1
CDRT15L2,0.017800498384435263,3,LR_C=1
AC092368.3,0.017976997630697024,3,LR_C=1
KRT84,0.017976997630697024,3,LR_C=1
OR10A3,0.017976997630697024,3,LR_C=1
DNM1P51,0.017976997630697024,3,LR_C=1
TIMP4,0.017976997630697024,3,LR_C=1
AC008033.1,0.017976997630697024,3,LR_C=1
PJVK,0.017976997630697024,3,LR_C=1
AC025594.1,0.017976997630697024,3,LR_C=1
OR52N5,0.017976997630697024,3,LR_C=1
LGALS16,0.017976997630697024,3,LR_C=1
CRABP2,0.01812924288724069,3,LR_C=1
OR52I2,0.018174128091738205,3,LR_C=1
AC008395.1,0.01834813333520814,3,LR_C=1
KRT32,0.01834813333520814,3,LR_C=1
DRD1,0.018392684925084953,3,LR_C=1
OR5H2,0.018392684925084953,3,LR_C=1
RNASE10,0.018392684925084953,3,LR_C=1
RNASE8,0.019042911789328498,3,LR_C=1
IGHV3OR16-8,0.01937348494359055,3,LR_C=1
RD3L,0.019700025202581524,3,LR_C=1
BARHL2,0.020097221812224945,3,LR_C=1
IFNL2,0.020209784499825693,3,LR_C=1
GSX2,0.020253715992435948,3,LR_C=1
CRYGD,0.020253715992435948,3,LR_C=1
PRDM13,0.020253715992435948,3,LR_C=1
C5orf17,0.020253715992435948,3,LR_C=1
AL138820.1,0.020754185741669994,3,LR_C=1
TSPAN16,0.020754185741669994,3,LR_C=1
IFNL1,0.020754185741669994,3,LR_C=1
ZNF679,0.020754185741669994,3,LR_C=1
UPK2,0.020754712277194852,3,LR_C=1
AC239798.2,0.020783361511227658,3,LR_C=1
FAM90A28P,0.021221074418733367,3,LR_C=1
C6orf52,0.02145653120292996,3,LR_C=1
INAFM2,0.02145653120292996,3,LR_C=1
PPDPFL,0.02145653120292996,3,LR_C=1
FFAR1,0.021478674102608227,3,LR_C=1
KHDC1,0.021504498212400334,3,LR_C=1
HIGD2B,0.021567578653555085,3,LR_C=1
INHA,0.021567578653555085,3,LR_C=1
SGCZ,0.022179920499129983,3,LR_C=1
MUCL1,0.022179920499129983,3,LR_C=1
OR8K5,0.022179920499129983,3,LR_C=1
SHISA3,0.022179920499129983,3,LR_C=1
AC090515.5,0.022179920499129983,3,LR_C=1
OR2W3,0.022179920499129983,3,LR_C=1
GML,0.022179920499129983,3,LR_C=1
C16orf78,0.02233376213660119,3,LR_C=1
OR1L3,0.02233376213660119,3,LR_C=1
C8orf74,0.02233376213660119,3,LR_C=1
PTGER1,0.02233376213660119,3,LR_C=1
C2orf83,0.02233376213660119,3,LR_C=1
LMLN2,0.022525114279871923,3,LR_C=1
AL589743.3,0.022875649735034115,3,LR_C=1
CIAPIN1P,0.023584742826429403,3,LR_C=1
SPACA1,0.023691956979151194,3,LR_C=1
TLX2,0.023913747921057615,3,LR_C=1
RHOA-IT1,0.024602635614022397,3,LR_C=1
KLHL41,0.024960859033448912,3,LR_C=1
WNT1,0.025031712629879795,3,LR_C=1
GPR149,0.0253606762475196,3,LR_C=1
VAX2,0.025923541168369525,3,LR_C=1
ZNF280A,0.025923541168369525,3,LR_C=1
OR2M5,0.02625481001732466,3,LR_C=1
U73166.1,0.026444809239549328,3,LR_C=1
FAM177B,0.026444809239549328,3,LR_C=1
FDCSP,0.026478444457494407,3,LR_C=1
KRTAP21-2,0.02678789725375651,3,LR_C=1
AC092127.1,0.027082213358308613,3,LR_C=1
TBC1D21,0.027238666548564765,3,LR_C=1
AC026468.1,0.027238666548564765,3,LR_C=1
NCR2,0.027238666548564765,3,LR_C=1
AC009113.1,0.027238666548564765,3,LR_C=1
AC007952.9,0.027238666548564765,3,LR_C=1
SLAMF9,0.027238666548564765,3,LR_C=1
RASSF10,0.027300279735954672,3,LR_C=1
GPR143,0.027300279735954672,3,LR_C=1
AC010538.1,0.027448725741733696,3,LR_C=1
SERPINA13P,0.027448725741733696,3,LR_C=1
BX276092.9,0.027738999694085335,3,LR_C=1
NEUROG2,0.028107271739950736,3,LR_C=1
RWDD4P1,0.028107271739950736,3,LR_C=1
KCNV1,0.028476568994889526,3,LR_C=1
IRGC,0.028476568994889526,3,LR_C=1
AC023310.1,0.02902062421591175,3,LR_C=1
JHDM1D-AS1,0.02924148495932061,3,LR_C=1
MT-CO1,0.02924148495932061,3,LR_C=1
IGHV1-58,0.029627403064097946,3,LR_C=1
CHRNA3,0.02982092004212631,3,LR_C=1
DQX1,0.02982092004212631,3,LR_C=1
GPAT2P2,0.030015122780838552,3,LR_C=1
OR52R1,0.03003284732985637,3,LR_C=1
C17orf98,0.030097579772352997,3,LR_C=1
OR52L1,0.030216753980034972,3,LR_C=1
TMEM174,0.030388555216073237,3,LR_C=1
PTCRA,0.030599240420079946,3,LR_C=1
MYL4,0.03100287323512565,3,LR_C=1
LPAR4,0.03155896324088166,3,LR_C=1
OR7E26P,0.032041088227059804,3,LR_C=1
AF186192.1,0.03256728373100144,3,LR_C=1
BPIFC,0.03273355757742095,3,LR_C=1
FAM47B,0.03278332421570266,3,LR_C=1
AL512770.1,0.03278332421570266,3,LR_C=1
PTGES2-AS1,0.032837965076932686,3,LR_C=1
AL031595.2,0.03330192832146371,3,LR_C=1
SBF2-AS1,0.033307817917094716,3,LR_C=1
BPIFB2,0.03339426485562948,3,LR_C=1
HOXA11,0.03587517154042598,3,LR_C=1
GK2,0.035897157044494164,3,LR_C=1
OR1F2P,0.035898160725198115,3,LR_C=1
AP000357.1,0.035898160725198115,3,LR_C=1
CELA2B,0.035898160725198115,3,LR_C=1
DBET,0.035898160725198115,3,LR_C=1
PDE6H,0.035898160725198115,3,LR_C=1
RLN2,0.03665650552697278,3,LR_C=1
A1BG,0.03700714662985853,3,LR_C=1
IGHV3OR16-9,0.03700714662985853,3,LR_C=1
AC120114.4,0.03700714662985853,3,LR_C=1
AC104791.2,0.038238155486517655,3,LR_C=1
AC138647.1,0.038238155486517655,3,LR_C=1
MAGEC2,0.038238155486517655,3,LR_C=1
JPX,0.038238155486517655,3,LR_C=1
OR2F2,0.03965687464442805,3,LR_C=1
AC009086.3,0.03965687464442805,3,LR_C=1
GOT1L1,0.039813326661151505,3,LR_C=1
LINC02197,0.03994475724324776,3,LR_C=1
SLC6A18,0.040055467748424785,3,LR_C=1
TBX22,0.040055467748424785,3,LR_C=1
GLRA4,0.04049252675991877,3,LR_C=1
AC012441.2,0.040647517455257444,3,LR_C=1
OR5P3,0.040647517455257444,3,LR_C=1
CCR8,0.04065825550243512,3,LR_C=1
AP005212.1,0.04069285952104445,3,LR_C=1
OR52B1P,0.04069285952104445,3,LR_C=1
SOHLH1,0.04069285952104445,3,LR_C=1
PSORS1C1,0.04111103193281701,3,LR_C=1
KCTD21-AS1,0.0419211275096112,3,LR_C=1
DYNLRB2,0.042939904056933945,3,LR_C=1
AC092053.3,0.04300767470686839,3,LR_C=1
ALG1L2,0.043193172627589156,3,LR_C=1
AC104794.2,0.043193172627589156,3,LR_C=1
AP003057.1,0.043193172627589156,3,LR_C=1
SPZ1,0.043193172627589156,3,LR_C=1
AL008638.3,0.043708795701659545,3,LR_C=1
AC008740.2,0.043708795701659545,3,LR_C=1
TNFSF18,0.043708795701659545,3,LR_C=1
PRSS29P,0.043708795701659545,3,LR_C=1
GRID1,0.04391718802109978,3,LR_C=1
S100B,0.04425478696688573,3,LR_C=1
MIAT,0.044456275875786204,3,LR_C=1
AC003681.1,0.04452820395791943,3,LR_C=1
AC099684.2,0.044770381813394454,3,LR_C=1
GPR20,0.044838415114245044,3,LR_C=1
C17orf113,0.046262603588788885,3,LR_C=1
P2RY4,0.046770060775709374,3,LR_C=1
OR5F1,0.046770060775709374,3,LR_C=1
DMRT3,0.04684604738147252,3,LR_C=1
AC018647.2,0.04684604738147252,3,LR_C=1
OR8B12,0.04726220553625128,3,LR_C=1
AC090525.2,0.04726220553625128,3,LR_C=1
MAPK11,0.04726220553625128,3,LR_C=1
GALR3,0.04727585937589916,3,LR_C=1
CA7,0.04727585937589916,3,LR_C=1
AC106788.2,0.04727585937589916,3,LR_C=1
TNFSF9,0.04727585937589916,3,LR_C=1
DEFB115,0.04727585937589916,3,LR_C=1
C11orf53,0.04727585937589916,3,LR_C=1
AL136982.1,0.04727585937589916,3,LR_C=1
AC015871.4,0.04727585937589916,3,LR_C=1
LIPM,0.04764107132822796,3,LR_C=1
KLK12,0.04764107132822796,3,LR_C=1
ANGPT4,0.04764107132822796,3,LR_C=1
IGKV1OR22-5,0.04794619944360568,3,LR_C=1
BEST3,0.04797521495961461,3,LR_C=1
MRPL30,0.04797521495961461,3,LR_C=1
AC012645.2,0.04797521495961461,3,LR_C=1
LENG9,0.04797521495961461,3,LR_C=1
TAS2R13,0.04811952110559851,3,LR_C=1
AL445235.1,0.04812250231912492,3,LR_C=1
FOSL1P1,0.04812250231912492,3,LR_C=1
TRAV13-2,0.04812250231912492,3,LR_C=1
CSF2,0.048357797822076116,3,LR_C=1
OR10J1,0.048357797822076116,3,LR_C=1
ANKRD65,0.048357797822076116,3,LR_C=1
AC025198.1,0.04869322304174243,3,LR_C=1
OR2I1P,0.04892625157862099,3,LR_C=1
TDRKH-AS1,0.04892625157862099,3,LR_C=1
AC067904.1,0.04892625157862099,3,LR_C=1
KRTAP2-1,0.04892625157862099,3,LR_C=1
SCGB1C2,0.048961275094975595,3,LR_C=1
ACOD1,0.0491882867185172,3,LR_C=1
VN1R4,0.0491882867185172,3,LR_C=1
CUBNP2,0.04921838427795398,3,LR_C=1
CYP51A1,0.04921838427795398,3,LR_C=1
DCAF12L1,0.04921838427795398,3,LR_C=1
TTC9B,0.04921838427795398,3,LR_C=1
BTBD17,0.04921838427795398,3,LR_C=1
OR10H1,0.04921838427795398,3,LR_C=1
OR13F1,0.04921838427795398,3,LR_C=1
MTND4P24,0.04930287564034296,3,LR_C=1
RAX2,0.04936796644301496,3,LR_C=1
RTP4,0.04936796644301496,3,LR_C=1
IGKV1OR-3,0.04937222289598894,3,LR_C=1
FAM47A,0.04937222289598894,3,LR_C=1
AC093826.2,0.05020962000870157,3,LR_C=1
RBMXL3,0.05028725639165374,3,LR_C=1
DDN,0.05040928592697564,3,LR_C=1
PCP4,0.05091762053557602,3,LR_C=1
CCL8,0.051342729802777765,3,LR_C=1
RPS13P2,0.0515200236589032,3,LR_C=1
CBLN4,0.051620609973247994,3,LR_C=1
CARD18,0.0516769859952159,3,LR_C=1
TAS2R8,0.0516769859952159,3,LR_C=1
AC099778.1,0.0516769859952159,3,LR_C=1
MT-CO3,0.0516769859952159,3,LR_C=1
GPR45,0.05188152434429806,3,LR_C=1
MORN5,0.05188152434429806,3,LR_C=1
SLC2A7,0.05188152434429806,3,LR_C=1
IGF2-AS,0.05188152434429806,3,LR_C=1
CLEC3A,0.05188152434429806,3,LR_C=1
CACNG7,0.05235579527549829,3,LR_C=1
AC246793.1,0.052567397050382714,3,LR_C=1
ZNF285B,0.052567397050382714,3,LR_C=1
ADRA1D,0.052981238236429196,3,LR_C=1
IGKV6-21,0.052981238236429196,3,LR_C=1
GPR173,0.05304148015715388,3,LR_C=1
OR5K4,0.0536518184154983,3,LR_C=1
OR8K3,0.054291071071658994,3,LR_C=1
RPL31P49,0.054291071071658994,3,LR_C=1
PTCHD3,0.054291071071658994,3,LR_C=1
RXFP3,0.054291071071658994,3,LR_C=1
ZNF474,0.054291071071658994,3,LR_C=1
LINC01996,0.05497987619196225,3,LR_C=1
TUBAL3,0.05497987619196225,3,LR_C=1
CLCA3P,0.05497987619196225,3,LR_C=1
CLDN20,0.05499957688333246,3,LR_C=1
FAM220BP,0.05507713920638184,3,LR_C=1
TEX26,0.055284290023507356,3,LR_C=1
TRAV13-1,0.05586022028776828,3,LR_C=1
AC139792.1,0.05586022028776828,3,LR_C=1
SERTAD4-AS1,0.056501719481951505,3,LR_C=1
NKX2-2,0.05697805962819983,3,LR_C=1
SPINK9,0.05832638529350883,3,LR_C=1
TAAR9,0.05848753115648872,3,LR_C=1
GDF10,0.05848753115648872,3,LR_C=1
CALHM3,0.05854458995750723,3,LR_C=1
AL161669.3,0.05854458995750723,3,LR_C=1
TMEM95,0.05947966314114111,3,LR_C=1
PPP1R2C,0.059693467146638715,3,LR_C=1
SERPINB11,0.05977704520854597,3,LR_C=1
UGT1A3,0.05978961639467165,3,LR_C=1
SULT1A4,0.05983684959908727,3,LR_C=1
TMEM132C,0.06018469207556507,3,LR_C=1
AC008895.1,0.060687335185842295,3,LR_C=1
AC020917.4,0.06135302152176458,3,LR_C=1
OR2W5,0.061629601207892924,3,LR_C=1
PRTN3,0.06361924246569112,3,LR_C=1
SF3A3P2,0.06383168420070903,3,LR_C=1
ZBTB20-AS4,0.06421719756737028,3,LR_C=1
PLSCR5,0.06421719756737028,3,LR_C=1
SMR3A,0.06566695110102469,3,LR_C=1
AC023794.1,0.06582209960467521,3,LR_C=1
LACRT,0.06632711556086388,3,LR_C=1
LINC00240,0.06632711556086388,3,LR_C=1
TUBA3FP,0.06639252310921588,3,LR_C=1
LRRC37A7P,0.06639252310921588,3,LR_C=1
GP9,0.06701475901078391,3,LR_C=1
BTBD10P1,0.06701475901078391,3,LR_C=1
CRYGA,0.06738334154464934,3,LR_C=1
LINC00426,0.06747919706573179,3,LR_C=1
AL137028.1,0.06747919706573179,3,LR_C=1
NPM1P9,0.06757678335466764,3,LR_C=1
AC093536.1,0.06781323266983076,3,LR_C=1
CTXND1,0.06790220430509408,3,LR_C=1
IL3,0.06825294526832477,3,LR_C=1
RPS7P4,0.06826639197034036,3,LR_C=1
OR5M8,0.06849643856725054,3,LR_C=1
CDC20P1,0.0685542613626393,3,LR_C=1
SSX5,0.0685542613626393,3,LR_C=1
OR6X1,0.0685542613626393,3,LR_C=1
DLX4,0.06969769409826443,3,LR_C=1
OR4C3,0.07002980513046307,3,LR_C=1
AP000550.2,0.07006802302438236,3,LR_C=1
MAB21L1,0.07053880439450257,3,LR_C=1
PCDHA12,0.07053880439450257,3,LR_C=1
PTX4,0.07053880439450257,3,LR_C=1
SMIM26,0.07053880439450257,3,LR_C=1
SERPINB2,0.07056571255798465,3,LR_C=1
CDX4,0.07056571255798465,3,LR_C=1
CSN3,0.07056571255798465,3,LR_C=1
XG,0.07056571255798465,3,LR_C=1
SCGB1C1,0.07056571255798465,3,LR_C=1
AIFM3,0.07073693183437599,3,LR_C=1
OR11H7,0.07079274325211031,3,LR_C=1
AC005776.2,0.07103635473273204,3,LR_C=1
GAL3ST2,0.07135026116712632,3,LR_C=1
HIST2H3D,0.07164798145894395,3,LR_C=1
MATN4,0.07246556462994681,3,LR_C=1
FAM19A1,0.07246556462994681,3,LR_C=1
RASL10A,0.07246556462994681,3,LR_C=1
SLC51B,0.0734200805325354,3,LR_C=1
AF186192.2,0.07343266491908008,3,LR_C=1
SFTPB,0.07366930926767208,3,LR_C=1
AC092683.1,0.07366930926767208,3,LR_C=1
C5orf47,0.07366930926767208,3,LR_C=1
RHOF,0.07366930926767208,3,LR_C=1
OR5V1,0.07366930926767208,3,LR_C=1
RASSF8-AS1,0.07422939467306837,3,LR_C=1
SLC35D3,0.07423446015182282,3,LR_C=1
AC009065.8,0.07423446015182282,3,LR_C=1
AC097518.1,0.07543765043869535,3,LR_C=1
AC018554.3,0.0755352581252407,3,LR_C=1
VIP,0.0755352581252407,3,LR_C=1
KRTAP19-6,0.0755352581252407,3,LR_C=1
AC004803.1,0.0755352581252407,3,LR_C=1
PRAMEF30P,0.0761383776211825,3,LR_C=1
SMIM34B,0.0768930966785187,3,LR_C=1
PPP1R42,0.0768930966785187,3,LR_C=1
SRMS,0.07741342733586667,3,LR_C=1
GDF5,0.07754475284171043,3,LR_C=1
AP004245.1,0.07754475284171043,3,LR_C=1
GABRA5,0.07851860246413218,3,LR_C=1
DHX40P1,0.07861959432011176,3,LR_C=1
PCSK6-AS1,0.07935389474305773,3,LR_C=1
UBE2U,0.079964082972102,3,LR_C=1
AL391421.1,0.079964082972102,3,LR_C=1
LINC02211,0.079964082972102,3,LR_C=1
ELF3-AS1,0.08034319307227783,3,LR_C=1
KRTAP3-1,0.08034319307227783,3,LR_C=1
MGAT4EP,0.08041010325752568,3,LR_C=1
HTR2C,0.08041010325752568,3,LR_C=1
PVALEF,0.08103239891828311,3,LR_C=1
DSCAM,0.08103239891828311,3,LR_C=1
IGLV3-32,0.08103239891828311,3,LR_C=1
ANXA2P1,0.08130645851384159,3,LR_C=1
HSPB3,0.08162259305083255,3,LR_C=1
ABCF2,0.08162952284585419,3,LR_C=1
MTCO3P12,0.08162952284585419,3,LR_C=1
CCDC54,0.08174211370009846,3,LR_C=1
AC120498.9,0.08174211370009846,3,LR_C=1
KCNQ1OT1,0.08174211370009846,3,LR_C=1
S100A2,0.08187603603455232,3,LR_C=1
FUT8-AS1,0.08187603603455232,3,LR_C=1
GALR2,0.08187603603455232,3,LR_C=1
AC136443.2,0.08202323104534251,3,LR_C=1
LINC01387,0.08214473652339278,3,LR_C=1
TRBV6-7,0.08214473652339278,3,LR_C=1
LGALS13,0.08214473652339278,3,LR_C=1
AC126755.5,0.08214473652339278,3,LR_C=1
PTPN5,0.08214473652339278,3,LR_C=1
AC116914.2,0.082456872867941,3,LR_C=1
OR14K1,0.08301906888233147,3,LR_C=1
HTR1E,0.08301906888233147,3,LR_C=1
ICAM3,0.083021556257611,3,LR_C=1
SHISAL2B,0.08308000585851563,3,LR_C=1
CLDN17,0.08315288020288387,3,LR_C=1
FP671120.3,0.08315288020288387,3,LR_C=1
TNNT3,0.08315288020288387,3,LR_C=1
RN7SL784P,0.08315288020288387,3,LR_C=1
FP236383.2,0.08315288020288387,3,LR_C=1
FP236383.3,0.08315288020288387,3,LR_C=1
MT-ND4,0.08315288020288387,3,LR_C=1
RPL13AP2,0.08315288020288387,3,LR_C=1
TSGA10IP,0.08315288020288387,3,LR_C=1
AP004607.5,0.08315288020288387,3,LR_C=1
AL049612.1,0.08315288020288387,3,LR_C=1
OR6K3,0.08315288020288387,3,LR_C=1
PRSS58,0.08315288020288387,3,LR_C=1
KLHL30,0.08315288020288387,3,LR_C=1
KRT73,0.08315288020288387,3,LR_C=1
CBR3-AS1,0.08315288020288387,3,LR_C=1
PTOV1-AS1,0.08315288020288387,3,LR_C=1
C2orf27AP1,0.08365840337678473,3,LR_C=1
CCDC188,0.08368173736375376,3,LR_C=1
AC087276.1,0.08368173736375376,3,LR_C=1
ALG1L10P,0.08368173736375376,3,LR_C=1
BTF3L4P1,0.08382534073436564,3,LR_C=1
DRD5,0.08393672510090534,3,LR_C=1
ACCSL,0.08393672510090534,3,LR_C=1
IL22,0.08393672510090534,3,LR_C=1
TTTY20,0.08438551078643522,3,LR_C=1
OR7C2,0.08438551078643522,3,LR_C=1
TRAV25,0.0852000394842371,3,LR_C=1
FNDC11,0.0852000394842371,3,LR_C=1
OR9I1,0.0852000394842371,3,LR_C=1
ENDOU,0.0852000394842371,3,LR_C=1
AC022905.1,0.08536636745005502,3,LR_C=1
LYPD8,0.08536636745005502,3,LR_C=1
CDC37P2,0.08536636745005502,3,LR_C=1
CFAP157,0.08627328654573467,3,LR_C=1
MIR494,0.08662264486853478,3,LR_C=1
EGLN2,0.08665179380671374,3,LR_C=1
C14orf180,0.08672066159964756,3,LR_C=1
TRAV14DV4,0.08672066159964756,3,LR_C=1
LRRC10,0.08682050630893452,3,LR_C=1
AL138889.1,0.08687471843542775,3,LR_C=1
OR8B2,0.08696996339902892,3,LR_C=1
AC073655.2,0.08700461374577681,3,LR_C=1
NRL,0.08780182870603112,3,LR_C=1
LINC00106,0.0888372204383191,3,LR_C=1
AL356488.3,0.08972656129353443,3,LR_C=1
TAS1R3,0.09034677274373416,3,LR_C=1
AL356481.2,0.09034677274373416,3,LR_C=1
CCDC189,0.09063221546473739,3,LR_C=1
AC007342.2,0.09063221546473739,3,LR_C=1
TMEM72,0.09094461397970742,3,LR_C=1
PSKH2,0.09094461397970742,3,LR_C=1
AC005014.1,0.0909961206246097,3,LR_C=1
LINC01949,0.09100348089344998,3,LR_C=1
OR6N1,0.09114958099183826,3,LR_C=1
KRTAP19-8,0.09142711978537638,3,LR_C=1
TRAV8-6,0.09223547108528418,3,LR_C=1
RNF148,0.09233782170511767,3,LR_C=1
BX664615.1,0.09330867749183563,3,LR_C=1
TPRXL,0.09330867749183563,3,LR_C=1
AP006545.1,0.09330867749183563,3,LR_C=1
AL360271.1,0.09330867749183563,3,LR_C=1
AL035587.1,0.09345733721816026,3,LR_C=1
HTR1B,0.09345733721816026,3,LR_C=1
OR9G4,0.09345733721816026,3,LR_C=1
NUDT9P1,0.09482106799298833,3,LR_C=1
AC015813.1,0.09575032999068078,3,LR_C=1
ROM1,0.09606353016027899,3,LR_C=1
AP002986.1,0.09606353016027899,3,LR_C=1
LEXM,0.0960653061500762,3,LR_C=1
RAB38,0.09658797951419316,3,LR_C=1
AC026410.1,0.09669303202848298,3,LR_C=1
LINC01565,0.09682982182275728,3,LR_C=1
AC234771.2,0.09719234423413033,3,LR_C=1
MT-RNR2,0.09745295345593145,3,LR_C=1
AC092301.1,0.09767164989922576,3,LR_C=1
AC110926.1,0.09827174795012915,3,LR_C=1
GATA1,0.09831289172213856,3,LR_C=1
GH2,0.0984224856400368,3,LR_C=1
BPY2B,0.09917134948373071,3,LR_C=1
AC009501.1,0.09917134948373071,3,LR_C=1
BPY2,0.09917134948373071,3,LR_C=1
FAM58BP,6.837243194389645e-14,4,LR_C=1
SLC35E4,0.002062130102695738,4,LR_C=1
AC006538.1,0.002062130102695738,4,LR_C=1
CABP2,0.003809964398686465,4,LR_C=1
AC135731.1,0.007439407953250224,4,LR_C=1
HIPK4,0.009212119250933681,4,LR_C=1
ZNF679,0.010794378835709889,4,LR_C=1
FAM47A,0.020026347935905527,4,LR_C=1
AC073548.1,0.02540962071786236,4,LR_C=1
MC4R,0.029230578174941905,4,LR_C=1
DLX6-AS1,0.03506192525510548,4,LR_C=1
GPR171,0.0641267909941677,4,LR_C=1
DCDC2C,0.0641267909941677,4,LR_C=1
OR51K1P,0.0641267909941677,4,LR_C=1
NEUROG2,0.06561035976348642,4,LR_C=1
SLC7A3,0.07527195956209312,4,LR_C=1
AC127070.4,0.09107117894278631,4,LR_C=1
IGKV1D-43,0.09107117894278631,4,LR_C=1
NTNG1,0.09107117894278631,4,LR_C=1
FAM83C,0.09107117894278631,4,LR_C=1
AL133245.1,0.09107117894278631,4,LR_C=1
AL162171.3,0.09107117894278631,4,LR_C=1
